cust_id,Customer Name,Signup_Dt,City,Loyalty Tier,Age Group,Preferred Device,Gender,Acquisition_Channel,Preferred_Trip_Type
CUST00001,Anil Singh,2023/09/25,Rishikesh,None,55+,,M,App Install,Solo
CUST00002,Shreya Kapoor,01-05-2024,Shimla,None,45-54,,F,Email Campaign,Family
CUST00003,Anita Sharma,06-07-2026,Shimla,Gold,25-34,,,Referral,Business
CUST00004,Vikram Agarwal,11-07-2025,Mysuru,None,35-44,iOS,M,App Install,Leisure
CUST00005,Ritu Das,17-06-2025,Lucknow,None,45-54,,,Social Media,Solo
CUST00006,Pankaj Joshi,01-04-2026,DELHI,None,55+,iOS,M,Organic Search,
CUST00007,Arjun Malhotra,2026/06/09,Shimla,Gold,55+,IOS,,Referral,Honeymoon
CUST00008,Manoj Agarwal,2025/10/06,Bengaluru ,None,55+,,M,Organic Search,Family
CUST00009,Ashish Mehta,2026/07/30,Agra,Platinum,,,M,Paid Ads,Leisure
CUST00010,Preeti Verma,06-01-2026,Delhi,None,35-44,,F,Organic Search,
CUST00011,Rahul Reddy,2024/09/09,Kochi,None,55+,,M,Email Campaign,Honeymoon
CUST00012,Anil Kapoor,22-05-2024,Jaipur,Silver,,Android,,Organic Search,Leisure
CUST00013,Isha Malhotra,22-01-2024,Darjeeling,Silver,55+,,,Paid Ads,Business
CUST00014,Sanjay Singh,24-01-2024,Manali,Silver,55+,android,M,Organic Search,
CUST00015,Ravi Verma,17-01-2025,Calcutta,Silver,25-34,,,Paid Ads,Family
CUST00016,Swati Kapoor,2025/02/14,Kochi,none,18-24,iOS,F,Email Campaign,
CUST00017,Ritu Chopra,05-06-2026,New Delhi,None,25-34,,F,Paid Ads,Business
CUST00018,Suresh Chopra,2025/09/29,Goa,Gold,45-54,,M,App Install,Leisure
CUST00019,Shalini Nair,18-11-2025,Agra,GOLD,,,,App Install,Leisure
CUST00020,Sneha Nair,08-06-2024,Bangalore,Silver,55+,,F,Social Media,Solo
CUST00021,Manoj Joshi,2024/12/03,Shimla,Gold,55+,,M,Referral,Solo
CUST00022,Sneha Iyer,2026/03/06,Ahmedabad,NA,,,,App Install,Honeymoon
CUST00023,Ashish Gupta,23-03-2025,Shimla,Silver,55+,iOS,,Referral,Leisure
CUST00024,Rajesh Agarwal,2024/10/06,Jodhpur,None,18-24,,M,Referral,Honeymoon
CUST00025,Suresh Gupta,2024/12/23,Hyderabad,Silver,45-54,,M,Referral,Solo
CUST00026,Sanjay Patel,16-11-2023,Manali,None,35-44,,M,Organic Search,
CUST00027,Pooja Patel,05-05-2025,Goa,silver,55+,,,Email Campaign,Leisure
CUST00028,Meera Mehta,2024/08/01,Shimla,None,55+,Web,,Email Campaign,Business
CUST00029,Ananya Iyer,2026/02/23,Jodhpur,None,,Android,,Organic Search,
CUST00030,Rohan Verma,2025/06/30,Agra,None,35-44,,M,App Install,Solo
CUST00031,Ananya Gupta,2025/08/31,Rishikesh,Gold,35-44,IOS,F,Email Campaign,Solo
CUST00032,Ananya Kumar,15-06-2026,Agra,Silver,55+,,,Paid Ads,Honeymoon
CUST00033,Divya Verma,26-08-2024,Manali,Gold,18-24,,F,Email Campaign,Family
CUST00034,Divya Nair,29-09-2023,Amritsar,None,25-34,Web,F,Email Campaign,Family
CUST00035,Vivek Singh,2026/02/02,Udaipur,None,25-34,IOS,M,App Install,
CUST00036,Priya Joshi,2026/06/09,Agra,Silver,35-44,,,Paid Ads,Leisure
CUST00037,Karan Agarwal,16-03-2026,Benaras,Platinum,,iOS,M,Social Media,Leisure
CUST00038,Neha Agarwal,11-03-2025,Goa,None,45-54,,F,Paid Ads,Honeymoon
CUST00039,Suresh Kapoor,2025/02/12,Darjeeling,Silver,25-34,Android,,Organic Search,Solo
CUST00040,Kavita Menon,27-08-2024,Goa,None,35-44,,F,Referral,Solo
CUST00041,Divya Joshi,22-06-2024,Lucknow,None,35-44,,F,Organic Search,
CUST00042,Arjun Rao,30-01-2026,Kochi,None,35-44,,M,Social Media,
CUST00043,Aditya Bhat,2025/12/17,Bengaluru,none,,,M,Paid Ads,Business
CUST00044,Pankaj Menon,2026/02/04,Jaipur,silver,18-24,,M,Email Campaign,
CUST00045,Priya Patel,2024/08/18,Shimla,silver,45-54,,F,Email Campaign,Family
CUST00046,Gaurav Agarwal,2026/08/10,Varanasi,Gold,55+,iOS,M,App Install,Honeymoon
CUST00047,Isha Mehta,2026/01/26,Manali,Platinum,25-34,,F,Referral,Honeymoon
CUST00048,Rajesh Bhat,09-03-2024,Jaipur,None,35-44,IOS,M,Social Media,Solo
CUST00049,Deepika Iyer,07-05-2024,Calcutta,Silver,25-34,,F,Email Campaign,Leisure
CUST00050,Arjun Menon,2025/02/13,Kochi,Silver,45-54,iOS,M,Social Media,Honeymoon
CUST00051,Neha Bhat,2024/06/18,Amritsar,Platinum,18-24,,F,Organic Search,
CUST00052,Arjun Banerjee,17-05-2026,Bengaluru,Silver,55+,,M,App Install,Business
CUST00053,Pankaj Reddy,2026/04/15,Hyderabad,Silver,,android,M,Organic Search,Honeymoon
CUST00054,Manoj Patel,07-10-2025,Pune,None,18-24,Web,,Organic Search,Business
CUST00055,Anjali Kapoor,2025/09/09,Goa,Gold,35-44,IOS,F,Organic Search,Leisure
CUST00056,Sunita Reddy,19-03-2026,Delhi,None,55+,android,F,Organic Search,Leisure
CUST00057,Kavita Kumar,2025/05/02,Jodhpur,None,,,,Referral,Honeymoon
CUST00058,Priya Sharma,18-08-2025,Jaipur,Platinum,45-54,,F,Organic Search,
CUST00059,Kavita Bhat,30-11-2025,Kolkata,None,55+,,F,Organic Search,
CUST00060,Sneha Banerjee,15-12-2023,Agra,Silver,35-44,android,F,Referral,
CUST00061,Priya Agarwal,2026/06/03,Pune,Silver,,,,Social Media,
CUST00062,Deepika Iyer,2024/01/25,Amritsar,NA,35-44,IOS,F,Social Media,Honeymoon
CUST00063,Gaurav Singh,2024/10/29,Rishikesh,,,,M,Referral,
CUST00064,Suresh Agarwal,28-09-2025,Amritsar,None,25-34,,,Social Media,
CUST00065,Kritika Menon,08-10-2025,kolkata,None,,iOS,F,Paid Ads,Business
CUST00066,Deepika Bhat,06-12-2025,Ahmedabad,None,,,,Organic Search,
CUST00067,Preeti Das,14-08-2025,bengaluru,None,,,,Social Media,
CUST00068,Sunita Malhotra,02-02-2024,Kochi,Gold,,Web,F,Referral,
CUST00069,Divya Sharma,2024/12/07,mumbai,Gold,25-34,,F,Referral,
CUST00070,Amit Kumar,25-12-2023,bengaluru,Silver,,,M,Email Campaign,
CUST00071,Vivek Sharma,2024/11/24,Pune,Gold,18-24,,M,App Install,Honeymoon
CUST00072,Amit Malhotra,19-12-2023,Bengaluru ,None,35-44,,M,Social Media,Solo
CUST00073,Rahul Agarwal,19-06-2025,mumbai,,35-44,,M,Organic Search,
CUST00074,Manoj Joshi,2026/01/30,Manali,Platinum,55+,,,Paid Ads,Honeymoon
CUST00075,Kritika Verma,2025/06/11,Darjeeling,None,45-54,IOS,,Referral,Family
CUST00076,Sanjay Sharma,18-05-2026,Goa,None,35-44,iOS,M,Email Campaign,Business
CUST00077,Pankaj Kumar,2024/05/24,Bombay,Platinum,25-34,,M,Paid Ads,Family
CUST00078,Karan Patel,2026/09/03,delhi,Gold,25-34,,M,App Install,
CUST00079,Nisha Reddy,2025/07/11,delhi,Silver,18-24,Android,,Email Campaign,Solo
CUST00080,Rajesh Banerjee,26-10-2025,Rishikesh,None,,,M,Organic Search,Family
CUST00081,Rajesh Joshi,2024/11/06,Pune,None,35-44,,M,App Install,Business
CUST00082,Shreya Kumar,23-05-2025,Hyderabad,Silver,18-24,,F,Paid Ads,Business
CUST00083,Vinay Verma,2024/11/19,Manali,Silver,45-54,,M,App Install,Business
CUST00084,Rohan Kumar,06-10-2023,Jaipur,None,25-34,,M,Email Campaign,
CUST00085,Deepika Gupta,12-01-2026,Pune,None,45-54,,F,Organic Search,Honeymoon
CUST00086,Aditya Menon,03-01-2025,Ahmedabad,Gold,18-24,,,Organic Search,
CUST00087,Nikhil Kumar,2026/08/28,Rishikesh,Silver,25-34,,M,Paid Ads,Honeymoon
CUST00088,Kritika Gupta,01-09-2025,Agra,None,25-34,,,Referral,Business
CUST00089,Amit Reddy,24-07-2026,Mumbai,Gold,55+,Web,,Referral,Leisure
CUST00090,Shalini Mehta,2025/07/25,Rishikesh,NA,35-44,,F,App Install,Family
CUST00091,Deepak Chopra,2026/01/03,Jaipur,None,18-24,iOS,,Social Media,
CUST00092,Divya Reddy,11-05-2024,Bengaluru ,None,,,F,App Install,Honeymoon
CUST00093,Nisha Banerjee,2023/09/18,Kochi,None,,IOS,F,Referral,
CUST00094,Deepak Joshi,26-01-2024,Shimla,none,35-44,,M,Email Campaign,
CUST00095,Shreya Rao,2025/08/29,Amritsar,platinum,55+,iOS,F,Paid Ads,
CUST00096,Ashish Patel,05-10-2025,Calcutta,None,25-34,android,M,Paid Ads,Leisure
CUST00097,Pooja Malhotra,2024/07/28,Chennai,Gold,35-44,,,Email Campaign,Honeymoon
CUST00098,Sanjay Chopra,2025/05/03,Varanasi,None,,android,,Email Campaign,Business
CUST00099,Aditya Joshi,2026/06/14,Amritsar,None,55+,Web,M,Social Media,Family
CUST00100,Gaurav Reddy,18-09-2023,Ahmedabad,silver,,,,Referral,Honeymoon
CUST00101,Divya Iyer,02-03-2026,bengaluru,Platinum,45-54,,F,Paid Ads,
CUST00102,Anjali Bhat,2025/10/25,Manali,Silver,35-44,android,F,App Install,Honeymoon
CUST00103,Deepak Banerjee,08-06-2024,Mysuru,Silver,55+,,,Organic Search,Business
CUST00104,Ravi Chopra,30-11-2025,Amritsar,Gold,,,M,Social Media,
CUST00105,Swati Rao,2024/09/11,Bangalore,Gold,45-54,,F,Social Media,Leisure
CUST00106,Shalini Verma,11-05-2025,Lucknow,Gold,45-54,android,,Organic Search,
CUST00107,Rohan Rao,15-03-2024,Agra,Platinum,18-24,iOS,M,Email Campaign,Family
CUST00108,Preeti Kumar,2025/12/28,Mumbai,None,25-34,,F,Referral,
CUST00109,Gaurav Iyer,2026/08/16,Chennai,Silver,45-54,,M,Email Campaign,Family
CUST00110,Suresh Mehta,06-02-2025,Shimla,None,55+,Web,M,Referral,
CUST00111,Nisha Rao,2024/07/02,Manali,None,35-44,iOS,F,App Install,
CUST00112,Gaurav Gupta,01-01-2026,Ahmedabad,None,18-24,,M,Paid Ads,Solo
CUST00113,Deepika Bhat,2024/11/07,Agra,Silver,,Android,F,Organic Search,Business
CUST00114,Kavita Sharma,18-08-2024,Kochi,Silver,,,F,Social Media,Business
CUST00115,Ravi Singh,2024/11/02,Bengaluru ,none,45-54,,M,Email Campaign,Family
CUST00116,Sneha Verma,2024/06/16,mumbai,Silver,45-54,,F,Paid Ads,
CUST00117,Shreya Agarwal,29-11-2024,Jaipur,None,25-34,android,F,Organic Search,Family
CUST00118,Gaurav Gupta,26-10-2024,Benaras,Silver,25-34,android,M,Referral,
CUST00119,Arjun Menon,29-08-2026,bengaluru,silver,35-44,,M,App Install,
CUST00120,Isha Banerjee,16-03-2024,Agra,Silver,,,F,Social Media,Family
CUST00121,Manoj Reddy,24-07-2024,Jodhpur,Gold,25-34,,,Referral,
CUST00122,Kavita Singh,19-05-2025,Bangalore,None,45-54,Android,F,Email Campaign,Honeymoon
CUST00123,Nisha Verma,25-11-2023,Bombay,Platinum,,android,F,Email Campaign,
CUST00124,Manoj Patel,22-09-2025,Udaipur,None,18-24,,M,Organic Search,Solo
CUST00125,Rohan Nair,13-05-2024,Jaipur,Platinum,55+,,,Organic Search,Family
CUST00126,Ashish Iyer,2025/10/07,Agra,silver,,,M,Paid Ads,
CUST00127,Rahul Singh,04-01-2024,Kochi,None,55+,,M,Email Campaign,Business
CUST00128,Sanjay Sharma,01-02-2026,Shimla,None,18-24,Web,M,Social Media,Leisure
CUST00129,Rajesh Kapoor,02-08-2026,mumbai,None,,,,Referral,Leisure
CUST00130,Anita Gupta,19-04-2026,Ahmedabad,None,18-24,,F,App Install,
CUST00131,Ashish Patel,2024/07/22,Manali,None,25-34,,M,Paid Ads,Family
CUST00132,Nikhil Verma,01-07-2026,Amritsar,None,18-24,,M,Email Campaign,Leisure
CUST00133,Swati Gupta,2025/09/01,Ahmedabad,Silver,45-54,,F,Paid Ads,Family
CUST00134,Ravi Banerjee,2024/08/19,Rishikesh,Gold,55+,,M,Email Campaign,Honeymoon
CUST00135,Sanjay Nair,2025/01/20,Agra,platinum,55+,iOS,M,App Install,Honeymoon
CUST00136,Deepika Agarwal,2025/11/01,Shimla,None,25-34,Web,F,Email Campaign,
CUST00137,Priya Mehta,2026/06/14,Mysuru,Silver,18-24,,F,App Install,
CUST00138,Vivek Das,27-11-2024,bengaluru,Gold,45-54,,,Organic Search,Family
CUST00139,Ravi Malhotra,24-01-2025,Goa,Silver,18-24,android,M,Paid Ads,
CUST00140,Kavita Nair,2025/09/05,Mysuru,None,45-54,Web,F,App Install,
CUST00141,Deepak Menon,2023/10/05,delhi,None,,,,App Install,Honeymoon
CUST00142,Pooja Das,2026/08/04,Jodhpur,Gold,35-44,,F,Organic Search,Honeymoon
CUST00143,Ritu Joshi,2025/06/03,Jodhpur,None,45-54,,F,Email Campaign,
CUST00144,Sunita Sharma,2024/01/11,Jodhpur,Silver,45-54,android,,Referral,Honeymoon
CUST00145,Vivek Rao,2024/06/23,New Delhi ,none,35-44,,M,Paid Ads,
CUST00146,Deepak Patel,2025/04/14,Darjeeling,None,35-44,IOS,,Organic Search,
CUST00147,Deepak Rao,23-09-2025,Chennai,Gold,55+,,M,Organic Search,
CUST00148,Ashish Verma,14-08-2024,Hyderabad,None,25-34,,,Organic Search,
CUST00149,Kavita Iyer,2025/06/11,Kochi,Silver,,,F,App Install,Leisure
CUST00150,Anita Chopra,2026/05/11,Chennai,Silver,55+,,F,Social Media,Solo
CUST00151,Aditya Iyer,07-05-2026,Jodhpur,Platinum,45-54,Android,M,Referral,Solo
CUST00152,Pooja Iyer,2026/03/25,delhi,Silver,55+,Web,F,Referral,Honeymoon
CUST00153,Vikram Das,2024/04/01,Mysuru,None,45-54,Android,M,Referral,Business
CUST00154,Deepika Agarwal,2025/12/14,Shimla,Platinum,35-44,Web,F,Paid Ads,Business
CUST00155,Sneha Reddy,2025/08/10,Jodhpur,Silver,,,F,Social Media,Leisure
CUST00156,Deepika Reddy,2025/03/30,Jodhpur,None,25-34,,F,Paid Ads,Business
CUST00157,Deepak Mehta,2024/06/11,Darjeeling,None,,IOS,,Referral,
CUST00158,Rajesh Mehta,27-03-2024,Manali,None,18-24,,M,Organic Search,
CUST00159,Rahul Bhat,2024/06/27,Varanasi,silver,,,M,Social Media,
CUST00160,Gaurav Bhat,30-04-2024,Kochi,Silver,35-44,,M,Social Media,
CUST00161,Preeti Das,18-11-2023,kolkata,None,18-24,IOS,F,Referral,Solo
CUST00162,Neha Banerjee,2024/05/04,Shimla,Gold,55+,,F,Paid Ads,
CUST00163,Neha Rao,2024/06/16,Rishikesh,GOLD,55+,,,Paid Ads,Family
CUST00164,Kavita Mehta,2024/10/18,Bangalore,None,,,F,App Install,
CUST00165,Meera Das,15-05-2025,Delhi,None,55+,Android,F,Organic Search,
CUST00166,Shalini Joshi,2024/08/17,Ahmedabad,None,,,,Organic Search,Leisure
CUST00167,Priya Bhat,2024/04/13,Pune,Silver,25-34,,,App Install,
CUST00168,Kritika Kumar,26-04-2024,Amritsar,Platinum,55+,android,F,Paid Ads,Family
CUST00169,Sanjay Menon,27-02-2026,Shimla,Silver,45-54,,M,Paid Ads,
CUST00170,Rahul Gupta,23-04-2026,MUMBAI,Silver,55+,,M,Organic Search,
CUST00171,Meera Sharma,2025/01/27,Agra,None,45-54,,,Organic Search,Honeymoon
CUST00172,Nisha Banerjee,2026/03/05,Bangalore,Platinum,18-24,android,,Paid Ads,
CUST00173,Kritika Kapoor,2024/07/03,Goa,None,55+,,,Organic Search,Business
CUST00174,Deepak Banerjee,2024/12/19,Darjeeling,None,,,M,Organic Search,
CUST00175,Anjali Chopra,2025/01/21,Calcutta,None,,,,Email Campaign,
CUST00176,Aditya Bhat,2023/10/24,Kochi,None,,,M,Paid Ads,Business
CUST00177,Pooja Menon,2025/11/06,New Delhi ,Silver,18-24,IOS,F,Email Campaign,Leisure
CUST00178,Amit Das,04-05-2025,varanasi,Gold,18-24,,M,Email Campaign,
CUST00179,Meera Singh,2024/11/14,Jodhpur,Gold,18-24,IOS,F,Organic Search,Honeymoon
CUST00180,Rajesh Singh,2024/03/18,Manali,silver,35-44,Web,M,Paid Ads,Solo
CUST00181,Rahul Gupta,17-02-2024,MUMBAI,Silver,55+,iOS,M,Social Media,Solo
CUST00182,Vikram Sharma,2024/01/15,delhi,None,,,M,Organic Search,Business
CUST00183,Shreya Kumar,15-02-2025,Hyderabad,None,18-24,,F,App Install,Leisure
CUST00184,Isha Agarwal,2025/03/31,Calcutta,Silver,55+,Android,F,Referral,Business
CUST00185,Priya Nair,2025/08/18,bengaluru,Platinum,18-24,Android,F,Referral,Solo
CUST00186,Gaurav Singh,2026/04/12,Udaipur,Silver,18-24,IOS,,Paid Ads,Solo
CUST00187,Arjun Mehta,2023/10/14,Chennai,Gold,18-24,,,Social Media,Solo
CUST00188,Deepika Nair,2025/08/16,Chennai,none,18-24,,F,Email Campaign,Family
CUST00189,Pankaj Gupta,26-11-2025,Hyderabad,Silver,18-24,,,Organic Search,
CUST00190,Nikhil Menon,30-03-2025,varanasi,Silver,,,,Referral,Solo
CUST00191,Ravi Singh,17-04-2026,Pune,Gold,,,M,App Install,Business
CUST00192,Anita Iyer,07-10-2023,Agra,Silver,,iOS,,Email Campaign,Honeymoon
CUST00193,Amit Kumar,2026/05/29,Goa,None,18-24,,,Referral,Leisure
CUST00194,Vikram Mehta,2023/10/17,Chennai,None,25-34,Web,M,Referral,Honeymoon
CUST00195,Shreya Joshi,2025/10/06,Udaipur,Platinum,18-24,,,Paid Ads,Family
CUST00196,Arjun Nair,11-11-2025,Manali,Silver,45-54,,,Organic Search,Leisure
CUST00197,Divya Mehta,2023/11/16,Kochi,Gold,18-24,Android,F,App Install,Honeymoon
CUST00198,Pooja Rao,26-05-2026,Udaipur,None,45-54,android,F,Organic Search,Leisure
CUST00199,Nisha Rao,2025/01/18,Pune,Platinum,18-24,IOS,F,Paid Ads,Solo
CUST00200,Amit Malhotra,26-08-2026,MUMBAI,Silver,25-34,,M,Referral,Business
CUST00201,Nisha Bhat,2024/06/12,bengaluru,None,35-44,Android,F,Paid Ads,
CUST00202,Rohan Rao,2026/05/30,Chennai,Silver,18-24,,M,Organic Search,
CUST00203,Nikhil Kapoor,2024/06/28,Darjeeling,Gold,45-54,,M,Email Campaign,Leisure
CUST00204,Rajesh Sharma,2026/04/12,bengaluru,Gold,18-24,Web,M,App Install,Business
CUST00205,Preeti Reddy,30-01-2024,Shimla,Silver,,Android,F,Referral,
CUST00206,Ananya Rao,2024/11/24,Mysuru,None,25-34,,,Paid Ads,
CUST00207,Divya Agarwal,2023/11/21,Rishikesh,Silver,45-54,,F,Social Media,
CUST00208,Aditya Kapoor,26-02-2025,Mysuru,GOLD,55+,IOS,M,Email Campaign,Solo
CUST00209,Sanjay Malhotra,18-07-2024,Jaipur,NA,25-34,,M,Referral,
CUST00210,Vikram Banerjee,2026/03/31,Rishikesh,silver,55+,,M,Paid Ads,Family
CUST00211,Amit Malhotra,17-04-2024,New Delhi ,None,18-24,,M,Paid Ads,Business
CUST00212,Ritu Menon,2024/05/12,varanasi,Silver,55+,IOS,,Email Campaign,
CUST00213,Anil Gupta,2025/02/16,Ahmedabad,Gold,35-44,iOS,M,App Install,Family
CUST00214,Amit Kapoor,2026/05/10,Agra,None,18-24,android,M,App Install,Family
CUST00215,Anita Nair,2026/02/14,Bangalore,none,25-34,,F,App Install,Solo
CUST00216,Sunita Chopra,25-06-2026,Manali,Silver,25-34,,F,Referral,Leisure
CUST00217,Isha Malhotra,23-02-2024,Kochi,platinum,35-44,,,Social Media,
CUST00218,Kavita Rao,2023/10/23,Jodhpur,None,25-34,,,Referral,Leisure
CUST00219,Rajesh Banerjee,2024/10/23,Manali,None,35-44,,M,Paid Ads,Leisure
CUST00220,Rahul Kapoor,2026/09/16,Rishikesh,None,35-44,,M,Organic Search,Leisure
CUST00221,Rahul Patel,30-12-2024,Udaipur,silver,25-34,,M,Organic Search,Leisure
CUST00222,Aditya Rao,2025/08/03,bengaluru,Platinum,35-44,,M,App Install,Solo
CUST00223,Vikram Iyer,14-08-2024,Chennai,Silver,55+,Android,M,Email Campaign,Family
CUST00224,Ananya Rao,01-07-2024,Agra,None,,,,Paid Ads,Solo
CUST00225,Suresh Gupta,2026/05/11,Goa,Silver,25-34,,M,Email Campaign,Solo
CUST00226,Nikhil Banerjee,24-02-2026,Jaipur,Silver,55+,,M,Organic Search,Solo
CUST00227,Ananya Das,27-07-2025,MUMBAI,Silver,18-24,iOS,F,Social Media,Family
CUST00228,Karan Reddy,15-06-2025,Jodhpur,None,,,M,Organic Search,Business
CUST00229,Deepika Agarwal,22-08-2026,Hyderabad,Silver,55+,,,Organic Search,
CUST00230,Karan Nair,2026/04/19,DELHI,Silver,18-24,IOS,M,Email Campaign,
CUST00231,Neha Singh,07-02-2024,Mysuru,Gold,45-54,,F,Referral,
CUST00232,Swati Joshi,2026/09/16,Varanasi,None,,,,Organic Search,
CUST00233,Sneha Verma,2024/06/07,bengaluru,GOLD,,,,Referral,Leisure
CUST00234,Ananya Gupta,2024/07/09,Shimla,None,18-24,Android,F,Referral,Business
CUST00235,Kavita Das,27-12-2025,Udaipur,Silver,,,,Email Campaign,Family
CUST00236,Shalini Singh,2024/03/22,Chennai,None,45-54,android,F,Paid Ads,
CUST00237,Deepika Reddy,2024/06/08,Agra,None,45-54,Android,F,Social Media,Family
CUST00238,Ananya Rao,2024/07/17,Mysuru,Gold,,,,Email Campaign,Business
CUST00239,Rajesh Banerjee,2025/08/21,delhi,None,35-44,,M,Organic Search,Leisure
CUST00240,Vivek Iyer,05-10-2025,Hyderabad,Gold,35-44,android,M,App Install,Family
CUST00241,Anil Banerjee,2025/01/29,Darjeeling,None,25-34,iOS,,Referral,
CUST00242,Swati Mehta,2024/06/16,Kolkata,,35-44,,,Referral,Business
CUST00243,Gaurav Bhat,11-08-2025,Kochi,None,25-34,,,Referral,Business
CUST00244,Priya Sharma,25-12-2024,Manali,Silver,18-24,android,F,Email Campaign,Leisure
CUST00245,Ritu Rao,2025/10/30,Hyderabad,,55+,,F,Referral,
CUST00246,Preeti Singh,13-08-2026,bengaluru,Platinum,45-54,Android,F,Email Campaign,Business
CUST00247,Pooja Banerjee,27-11-2023,Varanasi,platinum,45-54,,,Email Campaign,Business
CUST00248,Ashish Mehta,2026/08/07,Manali,Silver,,Android,M,Paid Ads,Family
CUST00249,Deepak Gupta,17-01-2026,Agra,Gold,,,M,Email Campaign,
CUST00250,Pankaj Chopra,18-08-2024,Udaipur,Silver,55+,,M,Social Media,Family
CUST00251,Ashish Sharma,11-07-2026,Agra,Platinum,25-34,,M,Paid Ads,
CUST00252,Anil Kumar,28-02-2025,Mysuru,silver,45-54,,M,Social Media,Solo
CUST00253,Kavita Nair,2025/02/21,Kolkata,,25-34,,F,Social Media,
CUST00254,Ravi Kapoor,2024/12/02,Chennai,None,45-54,,M,Organic Search,Solo
CUST00255,Vikram Das,14-01-2026,Jaipur,Gold,25-34,iOS,M,Social Media,Family
CUST00256,Rajesh Patel,03-01-2026,Manali,None,35-44,Web,M,Paid Ads,Business
CUST00257,Vinay Agarwal,28-05-2024,Amritsar,silver,45-54,,M,App Install,
CUST00258,Ananya Reddy,10-05-2026,Ahmedabad,Platinum,55+,,F,Paid Ads,
CUST00259,Deepak Singh,2025/09/11,Rishikesh,Gold,45-54,,M,App Install,Honeymoon
CUST00260,Sunita Menon,2025/12/17,Rishikesh,None,25-34,,,Email Campaign,Leisure
CUST00261,Deepika Agarwal,2024/12/09,Pune,None,25-34,IOS,F,Social Media,Solo
CUST00262,Aditya Sharma,09-07-2025,Kochi,Gold,,,M,Social Media,Leisure
CUST00263,Pooja Agarwal,2025/02/19,Shimla,None,55+,,F,Organic Search,
CUST00264,Shalini Sharma,03-04-2025,Pune,silver,45-54,iOS,F,Email Campaign,Solo
CUST00265,Amit Kumar,2024/07/13,Hyderabad,Silver,18-24,android,,Referral,
CUST00266,Gaurav Das,2024/03/18,Jaipur,Gold,25-34,,,Email Campaign,Solo
CUST00267,Neha Patel,01-06-2024,Hyderabad,Silver,18-24,iOS,,Organic Search,Leisure
CUST00268,Ravi Patel,2024/04/23,Udaipur,Silver,35-44,,M,Referral,
CUST00269,Deepika Malhotra,2025/02/16,Benaras,Silver,18-24,,,Paid Ads,Business
CUST00270,Ravi Menon,2023/11/24,varanasi,Platinum,55+,,,App Install,Solo
CUST00271,Deepika Menon,15-07-2024,MUMBAI,,,IOS,F,Paid Ads,Solo
CUST00272,Rahul Menon,2026/08/06,DELHI,None,35-44,,M,Email Campaign,Business
CUST00273,Kritika Banerjee,2024/08/12,Pune,None,25-34,,F,Paid Ads,Honeymoon
CUST00274,Shalini Iyer,06-08-2025,Udaipur,Platinum,55+,,F,Referral,Leisure
CUST00275,Anil Gupta,2026/01/12,Hyderabad,platinum,45-54,,,Organic Search,Honeymoon
CUST00276,Shreya Singh,2026/02/24,Varanasi,None,35-44,,F,Email Campaign,
CUST00277,Nikhil Mehta,2024/11/29,Bengaluru ,None,35-44,,,Paid Ads,Honeymoon
CUST00278,Nisha Agarwal,2025/12/16,Jodhpur,none,45-54,,F,Organic Search,Business
CUST00279,Pankaj Das,11-06-2024,Manali,None,45-54,,M,Referral,
CUST00280,Vikram Gupta,26-11-2023,Agra,GOLD,45-54,,M,Email Campaign,Family
CUST00281,Rohan Patel,07-07-2026,Chennai,Gold,25-34,,,App Install,Business
CUST00282,Karan Kapoor,27-05-2025,Bengaluru ,None,55+,IOS,,App Install,
CUST00283,Anjali Chopra,2025/01/04,Darjeeling,GOLD,55+,,F,Referral,Business
CUST00284,Deepika Patel,2024/06/23,Kochi,GOLD,35-44,,,Referral,
CUST00285,Vivek Singh,2025/10/09,Shimla,none,25-34,android,M,Social Media,Family
CUST00286,Vivek Sharma,2025/06/28,Agra,,35-44,android,,Email Campaign,Family
CUST00287,Meera Das,2024/09/09,Manali,Silver,,,F,Referral,Business
CUST00288,Priya Reddy,2024/02/09,Agra,Platinum,18-24,,F,Email Campaign,Leisure
CUST00289,Vinay Sharma,2025/03/15,MUMBAI,none,,Web,M,Referral,
CUST00290,Preeti Das,2024/09/21,delhi,Platinum,25-34,,,Organic Search,
CUST00291,Deepika Chopra,2023/11/11,Bengaluru ,platinum,45-54,Android,,Email Campaign,Family
CUST00292,Priya Sharma,2024/01/06,Rishikesh,,45-54,,F,Referral,Family
CUST00293,Shreya Das,03-07-2024,Udaipur,Silver,25-34,,F,Social Media,Leisure
CUST00294,Swati Bhat,2023/10/17,Bombay,Silver,25-34,,F,Organic Search,
CUST00295,Vikram Rao,18-11-2025,Rishikesh,Gold,18-24,iOS,,Email Campaign,
CUST00296,Pankaj Patel,26-10-2024,bengaluru,silver,35-44,,M,Referral,
CUST00297,Ashish Bhat,2025/01/29,Jodhpur,Silver,35-44,,M,Referral,
CUST00298,Vinay Verma,02-07-2026,Goa,NA,25-34,Android,M,Referral,Honeymoon
CUST00299,Ashish Reddy,28-07-2026,Shimla,Silver,,,M,Referral,Solo
CUST00300,Rajesh Chopra,10-04-2024,Agra,Gold,,Web,M,Referral,
CUST00301,Amit Chopra,17-01-2026,Rishikesh,Silver,18-24,Android,,Organic Search,Honeymoon
CUST00302,Deepak Menon,13-06-2026,Chennai,Silver,45-54,,M,App Install,Family
CUST00303,Aditya Gupta,2026/06/03,Rishikesh,Silver,18-24,iOS,M,Social Media,
CUST00304,Vivek Nair,05-01-2024,Calcutta,platinum,35-44,Web,M,Paid Ads,
CUST00305,Ravi Bhat,2024/09/18,delhi,Silver,55+,,M,Paid Ads,Business
CUST00306,Rohan Chopra,2024/03/23,Jodhpur,Silver,,,,Referral,Leisure
CUST00307,Preeti Das,23-10-2024,Hyderabad,Platinum,45-54,,F,Paid Ads,Family
CUST00308,Ananya Kumar,14-07-2026,Delhi,Gold,55+,,F,Organic Search,
CUST00309,Sunita Menon,19-05-2026,Calcutta,None,55+,,F,App Install,Honeymoon
CUST00310,Sanjay Rao,04-07-2025,Jodhpur,Silver,45-54,Web,M,Email Campaign,Family
CUST00311,Meera Nair,18-02-2026,Darjeeling,None,35-44,,,Email Campaign,Leisure
CUST00312,Sunita Malhotra,22-11-2023,Rishikesh,none,55+,Web,F,Paid Ads,Family
CUST00313,Nikhil Singh,2025/10/12,Agra,silver,45-54,,M,Email Campaign,Business
CUST00314,Ritu Malhotra,31-07-2024,Pune,Silver,25-34,iOS,F,Referral,Family
CUST00315,Anjali Patel,05-01-2024,Rishikesh,Gold,25-34,Web,F,Social Media,
CUST00316,Ananya Chopra,20-02-2025,delhi,,25-34,,F,Organic Search,Family
CUST00317,Sneha Verma,06-10-2024,Agra,Silver,55+,IOS,F,Paid Ads,
CUST00318,Nikhil Banerjee,07-07-2025,Goa,Silver,35-44,,M,Email Campaign,Honeymoon
CUST00319,Rajesh Reddy,07-03-2026,Hyderabad,NA,35-44,,M,Paid Ads,
CUST00320,Anil Nair,31-07-2025,Ahmedabad,Silver,18-24,IOS,M,Social Media,
CUST00321,Priya Verma,2025/11/03,Benaras,Silver,55+,iOS,,Social Media,Solo
CUST00322,Rohan Iyer,2026/03/06,Bangalore,,25-34,Android,M,Organic Search,
CUST00323,Priya Malhotra,04-01-2026,Amritsar,GOLD,35-44,,,Referral,Business
CUST00324,Manoj Mehta,2024/11/19,Calcutta,None,35-44,,M,Social Media,Honeymoon
CUST00325,Neha Kapoor,2025/10/12,Goa,Gold,55+,Web,F,Paid Ads,
CUST00326,Kavita Malhotra,2023/11/02,Manali,Silver,18-24,,,Email Campaign,Business
CUST00327,Deepika Iyer,05-01-2025,Udaipur,None,45-54,,F,Referral,Leisure
CUST00328,Deepika Verma,2026/06/30,Lucknow,GOLD,25-34,,F,Paid Ads,Leisure
CUST00329,Ananya Kumar,02-09-2024,Jodhpur,Platinum,35-44,Web,F,Social Media,Honeymoon
CUST00330,Aditya Iyer,2025/06/10,Hyderabad,None,55+,,M,Social Media,Business
CUST00331,Manoj Rao,2026/03/23,Lucknow,none,18-24,,,Organic Search,Honeymoon
CUST00332,Neha Patel,2026/08/18,New Delhi,Silver,25-34,,F,Organic Search,
CUST00333,Vivek Agarwal,2023/11/09,Jaipur,Gold,18-24,,M,Organic Search,Honeymoon
CUST00334,Suresh Iyer,2025/05/24,Bengaluru,None,45-54,IOS,M,Referral,Honeymoon
CUST00335,Divya Mehta,2024/03/22,Jodhpur,Platinum,55+,,,Paid Ads,Solo
CUST00336,Nisha Reddy,11-12-2024,Chennai,silver,55+,iOS,F,Paid Ads,
CUST00337,Arjun Bhat,2025/10/10,varanasi,Platinum,55+,,,Organic Search,
CUST00338,Deepika Reddy,09-08-2024,Manali,Platinum,45-54,iOS,F,Social Media,Business
CUST00339,Ananya Reddy,26-10-2024,Darjeeling,None,35-44,IOS,F,Organic Search,Family
CUST00340,Ritu Chopra,2024/12/05,Pune,Gold,,Web,F,Referral,Business
CUST00341,Suresh Singh,24-02-2026,varanasi,Gold,45-54,iOS,M,Organic Search,Business
CUST00342,Vivek Nair,2026/02/21,Shimla,silver,18-24,,M,Email Campaign,Honeymoon
CUST00343,Preeti Das,16-10-2024,varanasi,None,45-54,Android,F,Organic Search,
CUST00344,Gaurav Malhotra,2024/12/05,Hyderabad,None,,,,Social Media,
CUST00345,Nikhil Gupta,2024/08/04,Hyderabad,Silver,55+,Android,M,Organic Search,
CUST00346,Rajesh Reddy,07-03-2024,Chennai,silver,,Web,M,App Install,Business
CUST00347,Divya Joshi,2025/01/25,Rishikesh,Silver,25-34,Android,F,Organic Search,Family
CUST00348,Priya Nair,18-11-2024,Manali,Silver,45-54,,,Email Campaign,
CUST00349,Neha Kapoor,31-07-2026,Benaras,None,55+,IOS,F,App Install,
CUST00350,Meera Verma,01-12-2024,Benaras,none,25-34,,F,Social Media,Leisure
CUST00351,Priya Sharma,2025/02/28,Darjeeling,Platinum,25-34,iOS,F,App Install,
CUST00352,Aditya Chopra,2023/09/22,Jodhpur,silver,45-54,,,Email Campaign,Family
CUST00353,Neha Kumar,2023/12/25,Jodhpur,Silver,18-24,,F,Referral,
CUST00354,Vikram Gupta,2025/05/21,DELHI,None,35-44,iOS,,Social Media,
CUST00355,Rohan Menon,2026/04/24,Hyderabad,Platinum,45-54,,M,Organic Search,Solo
CUST00356,Vivek Rao,31-10-2025,Shimla,Platinum,55+,,M,Organic Search,Honeymoon
CUST00357,Meera Kumar,2026/03/07,Shimla,None,35-44,,F,Paid Ads,
CUST00358,Sanjay Nair,2024/05/25,Lucknow,Silver,,Android,M,Social Media,
CUST00359,Neha Singh,2024/04/27,Shimla,Gold,,android,F,Referral,
CUST00360,Rahul Kumar,2026/07/14,Kolkata,None,18-24,,,Paid Ads,Honeymoon
CUST00361,Swati Bhat,2025/02/13,Ahmedabad,Silver,18-24,,F,Email Campaign,Leisure
CUST00362,Isha Verma,2024/05/03,Goa,Gold,55+,iOS,,Social Media,Family
CUST00363,Vinay Malhotra,2023/10/30,Hyderabad,,35-44,,M,Social Media,Family
CUST00364,Ashish Rao,2025/08/14,Calcutta,Gold,35-44,IOS,M,Social Media,Family
CUST00365,Anil Menon,2025/03/30,Mysuru,NA,25-34,,M,App Install,Family
CUST00366,Gaurav Kumar,2023/10/18,Bengaluru ,silver,25-34,,,Referral,Honeymoon
CUST00367,Kavita Singh,2025/05/24,Jodhpur,None,25-34,android,F,Email Campaign,
CUST00368,Deepak Chopra,03-02-2026,Agra,Gold,55+,,M,App Install,
CUST00369,Deepak Kumar,2026/08/01,Pune,NA,45-54,Android,M,Organic Search,Business
CUST00370,Manoj Iyer,2026/04/14,Kochi,Gold,55+,,M,Paid Ads,
CUST00371,Aditya Banerjee,2026/09/06,Agra,GOLD,18-24,IOS,M,Paid Ads,
CUST00372,Ritu Mehta,03-03-2024,Chennai,Silver,18-24,android,F,Paid Ads,
CUST00373,Priya Singh,2024/12/27,Shimla,silver,18-24,,F,Organic Search,Solo
CUST00374,Ravi Mehta,2024/11/26,MUMBAI,Gold,18-24,Android,M,Social Media,Leisure
CUST00375,Deepak Kumar,2026/04/21,Chennai,Gold,,,M,Organic Search,Honeymoon
CUST00376,Meera Mehta,15-07-2025,Bombay,None,35-44,,F,Organic Search,Leisure
CUST00377,Swati Menon,17-03-2026,Varanasi,GOLD,55+,Web,F,Organic Search,Honeymoon
CUST00378,Aditya Reddy,20-06-2024,Agra,Platinum,35-44,iOS,M,Referral,
CUST00379,Amit Patel,2026/03/18,Bengaluru,Silver,,,M,App Install,Solo
CUST00380,Divya Kumar,28-12-2023,Ahmedabad,Gold,,Web,F,Email Campaign,
CUST00381,Vivek Verma,2026/02/16,Agra,Silver,18-24,,,Organic Search,
CUST00382,Sunita Singh,2025/10/31,Ahmedabad,Gold,45-54,Web,F,App Install,Honeymoon
CUST00383,Pooja Rao,04-04-2024,Shimla,None,45-54,android,F,Social Media,Honeymoon
CUST00384,Anjali Kapoor,2026/01/26,Jodhpur,platinum,18-24,,F,Paid Ads,Family
CUST00385,Suresh Kapoor,2024/01/02,Pune,Gold,25-34,,M,App Install,Honeymoon
CUST00386,Nisha Das,2024/07/12,Mysuru,None,,IOS,,Organic Search,Family
CUST00387,Vivek Verma,2025/01/29,New Delhi ,None,25-34,Web,M,Paid Ads,Solo
CUST00388,Isha Banerjee,2024/07/03,Goa,Silver,55+,,F,Referral,Business
CUST00389,Sunita Sharma,02-09-2026,Chennai,None,,,F,Paid Ads,
CUST00390,Anita Gupta,2024/08/01,Shimla,Silver,35-44,,F,Email Campaign,
CUST00391,Ananya Kumar,10-06-2026,Goa,Silver,25-34,Web,F,Paid Ads,Leisure
CUST00392,Karan Bhat,2026/08/20,Pune,none,25-34,,M,Referral,Solo
CUST00393,Shreya Kapoor,2024/09/26,Jaipur,None,35-44,,F,Paid Ads,Leisure
CUST00394,Suresh Sharma,05-06-2025,Pune,Silver,35-44,android,M,Social Media,Business
CUST00395,Deepika Patel,13-08-2024,Agra,Silver,18-24,Android,F,Email Campaign,
CUST00396,Anjali Malhotra,2026/03/25,Goa,Silver,35-44,iOS,F,Paid Ads,
CUST00397,Shalini Joshi,03-06-2024,Shimla,Silver,45-54,Web,F,Referral,
CUST00398,Ritu Reddy,2026/05/28,Hyderabad,Gold,18-24,,F,App Install,Leisure
CUST00399,Kritika Iyer,2025/12/04,Goa,Silver,25-34,IOS,,App Install,Business
CUST00400,Anita Chopra,26-05-2024,Lucknow,None,,,,Email Campaign,
CUST00401,Anita Bhat,02-05-2026,Hyderabad,None,55+,,F,Social Media,Honeymoon
CUST00402,Anil Sharma,01-04-2025,Lucknow,None,35-44,iOS,M,App Install,
CUST00403,Vikram Gupta,2024/12/13,Hyderabad,Gold,45-54,,M,Social Media,
CUST00404,Pooja Nair,2024/02/04,Hyderabad,Platinum,,android,F,App Install,
CUST00405,Vinay Menon,05-02-2026,Pune,silver,35-44,,M,Email Campaign,Solo
CUST00406,Amit Patel,2024/01/10,Manali,silver,18-24,,M,Paid Ads,
CUST00407,Shalini Gupta,2023/12/13,bengaluru,Silver,25-34,,F,App Install,
CUST00408,Neha Kumar,12-07-2025,Darjeeling,Gold,18-24,Android,F,Organic Search,Solo
CUST00409,Sunita Bhat,2025/01/06,Chennai,Silver,25-34,,F,App Install,Family
CUST00410,Shalini Gupta,2024/10/11,Hyderabad,none,35-44,,F,Paid Ads,Leisure
CUST00411,Pankaj Agarwal,13-10-2023,New Delhi,Gold,45-54,,,Referral,Solo
CUST00412,Meera Joshi,2026/05/22,Ahmedabad,Gold,45-54,Android,F,Organic Search,
CUST00413,Anita Rao,2024/11/16,Rishikesh,None,,,F,Paid Ads,Solo
CUST00414,Vivek Rao,2023/09/18,Chennai,silver,,,,Email Campaign,Honeymoon
CUST00415,Shalini Rao,27-09-2024,Agra,NA,,,F,Organic Search,Leisure
CUST00416,Karan Malhotra,23-04-2025,Goa,Gold,55+,iOS,M,Organic Search,
CUST00417,Nisha Mehta,20-08-2025,Chennai,None,18-24,iOS,F,Referral,
CUST00418,Shreya Agarwal,04-11-2023,Darjeeling,Gold,,,F,Referral,
CUST00419,Anita Singh,23-07-2026,Udaipur,Gold,18-24,,F,App Install,Solo
CUST00420,Swati Kapoor,2025/03/06,Lucknow,Silver,45-54,Web,F,Paid Ads,
CUST00421,Rajesh Nair,24-11-2023,Agra,None,,,M,Social Media,Solo
CUST00422,Anjali Reddy,01-01-2025,Rishikesh,Platinum,45-54,,F,Organic Search,
CUST00423,Pooja Rao,17-07-2024,Amritsar,,25-34,Android,,Social Media,Honeymoon
CUST00424,Suresh Reddy,2025/08/01,Kochi,Silver,45-54,Web,,App Install,Business
CUST00425,Nikhil Rao,2024/10/31,Agra,Platinum,,,M,Email Campaign,Business
CUST00426,Sneha Singh,11-10-2024,Lucknow,None,35-44,Web,F,Email Campaign,Leisure
CUST00427,Deepika Bhat,09-05-2026,Chennai,None,35-44,,F,Organic Search,
CUST00428,Manoj Banerjee,2026/02/03,Agra,none,18-24,,M,Social Media,Leisure
CUST00429,Nisha Kapoor,16-02-2025,Chennai,None,45-54,IOS,F,Referral,Honeymoon
CUST00430,Meera Reddy,26-01-2025,Jaipur,Silver,55+,,F,Paid Ads,Solo
CUST00431,Swati Verma,19-07-2026,Goa,Platinum,,Android,,App Install,Business
CUST00432,Aditya Menon,22-12-2025,Jaipur,Platinum,45-54,,M,Referral,
CUST00433,Preeti Singh,30-07-2026,Lucknow,,55+,iOS,,Paid Ads,
CUST00434,Divya Singh,2023/12/22,Rishikesh,Silver,18-24,android,F,App Install,Business
CUST00435,Aditya Das,2026/04/23,Kochi,Silver,,,M,Paid Ads,Family
CUST00436,Ravi Singh,2024/05/14,Pune,None,55+,,M,Social Media,Business
CUST00437,Preeti Sharma,24-06-2026,Ahmedabad,None,55+,Android,F,Paid Ads,Family
CUST00438,Anil Nair,15-08-2026,Manali,Platinum,25-34,android,M,Referral,Family
CUST00439,Priya Agarwal,07-05-2024,Shimla,Platinum,,,F,Organic Search,
CUST00440,Amit Mehta,26-04-2026,Jodhpur,Gold,18-24,iOS,M,Email Campaign,Business
CUST00441,Deepika Singh,2025/01/07,Udaipur,None,35-44,Android,F,Referral,
CUST00442,Amit Malhotra,01-12-2024,Bengaluru,None,45-54,,,App Install,Honeymoon
CUST00443,Swati Nair,2026/07/13,Goa,platinum,45-54,,,Paid Ads,Honeymoon
CUST00444,Isha Patel,12-08-2026,Pune,none,18-24,,F,Social Media,Leisure
CUST00445,Ashish Agarwal,2023/11/25,Varanasi,Silver,55+,,,Paid Ads,
CUST00446,Shreya Banerjee,03-04-2025,varanasi,None,25-34,Web,F,Referral,
CUST00447,Vinay Reddy,14-03-2026,Jaipur,None,35-44,iOS,M,App Install,Family
CUST00448,Sneha Joshi,2023/12/25,Rishikesh,None,35-44,,F,Social Media,
CUST00449,Sneha Kumar,2025/09/22,varanasi,Platinum,55+,,F,Paid Ads,
CUST00450,Priya Malhotra,2024/10/02,bengaluru,none,18-24,,,Organic Search,
CUST00451,Suresh Iyer,2025/08/26,Jodhpur,None,18-24,,,Email Campaign,
CUST00452,Vinay Iyer,02-09-2026,bengaluru,None,55+,,M,Paid Ads,
CUST00453,Anjali Mehta,2025/02/22,Goa,Gold,35-44,,F,Referral,
CUST00454,Shreya Iyer,12-03-2024,Kolkata,NA,18-24,,,Social Media,Solo
CUST00455,Anita Iyer,2025/02/05,Darjeeling,Silver,55+,IOS,,Referral,Business
CUST00456,Rahul Nair,2025/10/09,Amritsar,Platinum,25-34,,M,Email Campaign,
CUST00457,Amit Joshi,2024/03/11,New Delhi,,25-34,,M,Social Media,Leisure
CUST00458,Ritu Singh,20-07-2026,Jodhpur,Silver,45-54,,,Social Media,
CUST00459,Kavita Bhat,2025/12/19,Udaipur,,45-54,iOS,F,Social Media,Family
CUST00460,Neha Menon,2025/07/23,Mysuru,None,18-24,,,Social Media,
CUST00461,Aditya Agarwal,2025/07/07,Rishikesh,Silver,18-24,Android,M,Paid Ads,Solo
CUST00462,Anjali Kumar,2025/03/30,Goa,Gold,35-44,,F,App Install,Solo
CUST00463,Ritu Agarwal,03-08-2026,Goa,None,18-24,,F,Email Campaign,Honeymoon
CUST00464,Nisha Iyer,2024/06/25,Bengaluru ,None,35-44,,F,Email Campaign,
CUST00465,Amit Menon,18-04-2025,Lucknow,None,,android,M,Social Media,
CUST00466,Aditya Bhat,2023/09/19,Kolkata,Silver,18-24,,,Paid Ads,Solo
CUST00467,Ashish Banerjee,10-12-2025,Kochi,None,18-24,iOS,,Email Campaign,Family
CUST00468,Manoj Malhotra,01-06-2024,Jodhpur,None,25-34,,M,Social Media,Honeymoon
CUST00469,Shalini Das,2024/07/17,Delhi,Gold,45-54,Web,,Social Media,Leisure
CUST00470,Nikhil Gupta,2024/03/16,Ahmedabad,Gold,25-34,,M,Email Campaign,Solo
CUST00471,Preeti Mehta,07-09-2026,Mysuru,Platinum,45-54,,F,App Install,
CUST00472,Gaurav Malhotra,17-11-2024,Kolkata,Silver,25-34,,M,Organic Search,Solo
CUST00473,Ashish Malhotra,2025/05/24,Jodhpur,None,45-54,IOS,M,Email Campaign,Family
CUST00474,Nisha Bhat,2025/04/24,Shimla,Silver,45-54,,F,Referral,Business
CUST00475,Kavita Nair,2025/03/25,Manali,None,55+,,,Referral,Leisure
CUST00476,Isha Singh,2025/08/09,Pune,None,35-44,,F,Paid Ads,Business
CUST00477,Ravi Das,2025/06/20,kolkata,None,18-24,,M,Referral,
CUST00478,Anita Iyer,2026/09/16,Delhi,Silver,55+,Web,,Email Campaign,Honeymoon
CUST00479,Preeti Iyer,24-10-2023,Manali,Gold,,,F,Organic Search,Family
CUST00480,Gaurav Menon,13-04-2026,Goa,platinum,35-44,Android,,Social Media,Family
CUST00481,Ravi Bhat,2025/01/12,Udaipur,None,55+,,M,Social Media,
CUST00482,Swati Kapoor,28-10-2024,Bengaluru ,None,,,F,Social Media,
CUST00483,Kavita Malhotra,2026/01/06,Ahmedabad,silver,25-34,,,Email Campaign,
CUST00484,Sanjay Bhat,08-09-2024,DELHI,,18-24,,M,Referral,Family
CUST00485,Divya Nair,20-04-2024,Benaras,Silver,18-24,,,Organic Search,Business
CUST00486,Vivek Malhotra,24-06-2025,Kochi,None,45-54,,M,Email Campaign,Business
CUST00487,Gaurav Singh,2024/04/02,Benaras,Platinum,,,M,Organic Search,Business
CUST00488,Vikram Kapoor,08-01-2026,Kochi,none,45-54,,M,Social Media,
CUST00489,Shalini Singh,2024/08/09,Pune,Gold,55+,,F,Paid Ads,Solo
CUST00490,Swati Das,05-07-2024,Agra,Silver,35-44,Android,F,Organic Search,Family
CUST00491,Nisha Sharma,2025/12/20,Bangalore,,55+,android,F,Paid Ads,Leisure
CUST00492,Manoj Malhotra,14-07-2025,Agra,Gold,55+,,M,Social Media,Family
CUST00493,Vivek Menon,13-01-2024,MUMBAI,None,18-24,,M,Email Campaign,
CUST00494,Nisha Joshi,20-10-2023,Darjeeling,None,45-54,iOS,F,Social Media,Leisure
CUST00495,Preeti Iyer,2026/09/10,Varanasi,Silver,35-44,,F,Organic Search,
CUST00496,Priya Menon,19-01-2026,Goa,None,45-54,Android,F,Organic Search,
CUST00497,Deepak Nair,2024/05/20,Jodhpur,Gold,18-24,,M,App Install,
CUST00498,Karan Nair,23-12-2024,Udaipur,Gold,35-44,,,Organic Search,Family
CUST00499,Meera Mehta,2026/08/17,New Delhi,None,35-44,android,F,Paid Ads,Solo
CUST00500,Anjali Agarwal,19-11-2025,Ahmedabad,Silver,55+,android,F,Organic Search,Leisure
CUST00501,Nikhil Verma,14-03-2024,Mysuru,Silver,,,M,Social Media,Honeymoon
CUST00502,Divya Iyer,24-08-2025,Jaipur,None,35-44,,F,Paid Ads,
CUST00503,Suresh Reddy,25-12-2024,Kochi,Gold,55+,,M,Social Media,Honeymoon
CUST00504,Vikram Singh,15-12-2024,Jodhpur,None,18-24,,,App Install,Business
CUST00505,Deepika Reddy,03-06-2026,delhi,None,25-34,,F,Paid Ads,
CUST00506,Sneha Sharma,17-07-2026,Hyderabad,None,45-54,,F,Email Campaign,Business
CUST00507,Meera Rao,21-06-2024,Goa,None,45-54,,F,Organic Search,
CUST00508,Ananya Gupta,20-10-2023,Agra,None,,,F,Organic Search,Business
CUST00509,Vinay Chopra,08-04-2025,Agra,silver,55+,Android,,Email Campaign,Solo
CUST00510,Pooja Malhotra,2026/09/06,Udaipur,Silver,35-44,,F,Email Campaign,
CUST00511,Shalini Patel,2024/11/13,Calcutta,Silver,45-54,,F,App Install,Family
CUST00512,Rajesh Gupta,2026/09/05,Delhi,Silver,18-24,,,Social Media,Honeymoon
CUST00513,Divya Banerjee,2026/01/26,Amritsar,none,35-44,android,F,Social Media,
CUST00514,Suresh Reddy,03-12-2024,Udaipur,Platinum,45-54,iOS,M,App Install,Solo
CUST00515,Swati Malhotra,2025/03/19,Hyderabad,NA,45-54,,F,Email Campaign,
CUST00516,Kritika Joshi,08-07-2026,DELHI,None,25-34,IOS,F,Referral,Family
CUST00517,Vikram Patel,04-03-2026,varanasi,none,45-54,,M,Referral,Honeymoon
CUST00518,Ravi Sharma,11-03-2024,Manali,silver,35-44,Web,,Referral,
CUST00519,Aditya Reddy,2025/10/11,kolkata,Gold,45-54,iOS,M,Social Media,Solo
CUST00520,Vinay Kapoor,11-01-2025,Pune,None,,,M,Social Media,
CUST00521,Swati Rao,2025/04/19,Shimla,None,35-44,iOS,F,Referral,Honeymoon
CUST00522,Shreya Patel,2026/06/10,Lucknow,Silver,25-34,android,,Organic Search,
CUST00523,Rohan Singh,17-09-2025,Kochi,None,45-54,,M,App Install,Family
CUST00524,Sneha Verma,17-08-2024,Agra,Platinum,55+,,F,Paid Ads,Solo
CUST00525,Deepak Iyer,2025/01/09,Amritsar,None,,Android,,Referral,Honeymoon
CUST00526,Rajesh Kumar,31-07-2026,Ahmedabad,none,25-34,android,M,Organic Search,
CUST00527,Ritu Verma,28-06-2025,varanasi,Silver,45-54,,F,App Install,
CUST00528,Aditya Nair,19-07-2026,Agra,None,,,M,Organic Search,Family
CUST00529,Karan Kumar,2025/04/11,Shimla,Silver,55+,android,,Organic Search,Leisure
CUST00530,Rajesh Singh,26-12-2024,kolkata,Silver,18-24,Android,M,App Install,Honeymoon
CUST00531,Ashish Kumar,2026/07/24,Goa,GOLD,45-54,,M,Organic Search,Family
CUST00532,Pooja Agarwal,02-01-2024,Calcutta,silver,55+,,F,Referral,Family
CUST00533,Pankaj Rao,2024/05/16,Agra,Silver,25-34,Android,M,Social Media,Business
CUST00534,Vikram Patel,2025/03/06,Ahmedabad,silver,,,M,Referral,Business
CUST00535,Pankaj Reddy,2026/01/26,Amritsar,Platinum,18-24,,M,Paid Ads,
CUST00536,Suresh Iyer,31-10-2025,Lucknow,Gold,45-54,Android,,Social Media,
CUST00537,Manoj Malhotra,2026/04/23,Ahmedabad,Gold,,,M,Paid Ads,Leisure
CUST00538,Priya Kumar,2023/10/28,Amritsar,silver,,IOS,F,App Install,Solo
CUST00539,Pooja Iyer,10-06-2024,Amritsar,Silver,,,F,App Install,
CUST00540,Suresh Joshi,05-02-2025,Hyderabad,Silver,55+,,M,Organic Search,Family
CUST00541,Ritu Patel,30-10-2025,Manali,Silver,,,,Social Media,Leisure
CUST00542,Suresh Banerjee,14-06-2026,Kochi,Platinum,45-54,android,,Organic Search,Honeymoon
CUST00543,Anjali Rao,2025/11/30,DELHI,Gold,25-34,Android,F,Social Media,Leisure
CUST00544,Divya Patel,2024/03/13,Shimla,Silver,45-54,IOS,,Organic Search,Honeymoon
CUST00545,Nisha Menon,2023/10/23,Mysuru,Silver,35-44,,F,Email Campaign,Leisure
CUST00546,Vikram Iyer,23-04-2026,Rishikesh,Gold,25-34,,M,Social Media,Family
CUST00547,Pooja Kapoor,2025/07/19,Udaipur,None,25-34,,F,Email Campaign,
CUST00548,Rohan Gupta,2025/10/31,Manali,Platinum,18-24,,M,Email Campaign,Business
CUST00549,Shalini Agarwal,2025/02/21,Jodhpur,silver,,,F,Social Media,Family
CUST00550,Karan Patel,2025/05/16,Kochi,Gold,45-54,Android,M,Referral,Solo
CUST00551,Pooja Gupta,29-03-2024,Kochi,Silver,35-44,Android,F,Email Campaign,Honeymoon
CUST00552,Vikram Rao,06-06-2024,Jodhpur,Gold,18-24,IOS,,Social Media,Solo
CUST00553,Manoj Chopra,2023/12/06,Chennai,NA,18-24,,M,Paid Ads,Solo
CUST00554,Pooja Patel,17-03-2025,Hyderabad,None,,,F,Referral,Leisure
CUST00555,Vinay Iyer,16-06-2026,Rishikesh,Platinum,,,M,Organic Search,Family
CUST00556,Nikhil Iyer,16-12-2024,Jodhpur,Silver,18-24,IOS,,Email Campaign,Family
CUST00557,Rohan Joshi,2025/05/04,Bengaluru,Platinum,18-24,,,Paid Ads,Family
CUST00558,Vikram Reddy,21-11-2025,Rishikesh,Gold,35-44,IOS,M,Referral,Honeymoon
CUST00559,Nikhil Gupta,06-10-2024,Manali,Platinum,18-24,iOS,M,Social Media,
CUST00560,Manoj Kumar,10-09-2025,Agra,Platinum,55+,iOS,M,Referral,Leisure
CUST00561,Kritika Das,16-01-2024,MUMBAI,Silver,35-44,Android,F,Social Media,Business
CUST00562,Neha Das,2024/11/21,Darjeeling,None,55+,,,Social Media,
CUST00563,Arjun Kumar,05-09-2026,Amritsar,Silver,,,M,Organic Search,Leisure
CUST00564,Gaurav Kumar,03-03-2025,Amritsar,Gold,45-54,android,M,Email Campaign,Solo
CUST00565,Ashish Reddy,2024/06/14,Lucknow,None,25-34,,M,Organic Search,Family
CUST00566,Suresh Malhotra,29-11-2024,Pune,Platinum,18-24,Web,,Email Campaign,
CUST00567,Divya Bhat,11-09-2025,Mysuru,None,45-54,android,F,Organic Search,Family
CUST00568,Kavita Kapoor,26-09-2024,Jodhpur,None,25-34,,F,Paid Ads,Business
CUST00569,Vikram Rao,2026/02/10,Mysuru,None,55+,android,M,Email Campaign,Leisure
CUST00570,Pooja Gupta,2024/03/15,Shimla,None,35-44,Web,,Referral,Honeymoon
CUST00571,Aditya Gupta,2026/07/26,Kolkata,none,45-54,iOS,M,App Install,
CUST00572,Ritu Kapoor,2025/03/20,Mysuru,Gold,,android,F,Social Media,
CUST00573,Meera Singh,14-04-2025,Rishikesh,Platinum,35-44,,F,Email Campaign,Family
CUST00574,Aditya Das,14-07-2025,Bombay,,45-54,IOS,M,Email Campaign,Business
CUST00575,Amit Nair,04-12-2024,Darjeeling,Silver,55+,Android,M,Email Campaign,Honeymoon
CUST00576,Anita Chopra,2023/12/02,Rishikesh,,55+,,,App Install,Honeymoon
CUST00577,Kavita Chopra,2024/01/05,Lucknow,None,55+,,,Paid Ads,Business
CUST00578,Priya Patel,2024/12/15,Darjeeling,none,,IOS,F,Email Campaign,
CUST00579,Kritika Verma,2024/11/28,Kochi,Silver,18-24,,F,Organic Search,Honeymoon
CUST00580,Ravi Patel,2025/11/24,Kochi,None,45-54,,M,Referral,Solo
CUST00581,Ananya Banerjee,2025/01/17,Chennai,Platinum,18-24,,F,Paid Ads,Family
CUST00582,Isha Banerjee,04-04-2026,Shimla,silver,,,F,Social Media,
CUST00583,Ravi Kapoor,03-04-2024,Amritsar,None,18-24,Android,M,Social Media,Business
CUST00584,Isha Sharma,23-09-2025,Amritsar,Silver,45-54,android,F,Paid Ads,Solo
CUST00585,Neha Das,2026/06/04,Manali,Gold,55+,Android,F,Social Media,Honeymoon
CUST00586,Nisha Reddy,2026/05/26,Jaipur,None,25-34,iOS,F,Referral,Honeymoon
CUST00587,Swati Mehta,2026/07/02,Shimla,Silver,45-54,,F,App Install,Solo
CUST00588,Priya Reddy,30-08-2025,Hyderabad,None,35-44,iOS,F,Paid Ads,Leisure
CUST00589,Vikram Menon,07-07-2024,MUMBAI,None,,,M,Paid Ads,Family
CUST00590,Pankaj Singh,04-05-2024,Jodhpur,Platinum,,Android,,Social Media,Solo
CUST00591,Anil Patel,2024/03/09,Jaipur,Silver,45-54,Android,M,Referral,Solo
CUST00592,Neha Kapoor,2025/10/24,Chennai,GOLD,55+,,,Paid Ads,Solo
CUST00593,Vivek Joshi,2023/12/02,Jaipur,Silver,18-24,,M,Paid Ads,
CUST00594,Arjun Joshi,20-06-2025,Bengaluru,Platinum,,,M,App Install,
CUST00595,Nikhil Gupta,10-01-2025,Ahmedabad,None,25-34,,M,Paid Ads,Family
CUST00596,Isha Sharma,2025/07/12,bengaluru,None,55+,,F,Organic Search,
CUST00597,Deepak Banerjee,06-03-2025,Jaipur,Silver,18-24,,M,Email Campaign,Honeymoon
CUST00598,Priya Rao,2026/08/05,Kochi,Platinum,18-24,,F,Paid Ads,Family
CUST00599,Meera Patel,03-01-2025,Varanasi,None,35-44,Android,F,Email Campaign,Family
CUST00600,Ashish Rao,06-05-2026,Jodhpur,None,55+,,M,Social Media,Solo
CUST00601,Suresh Iyer,2024/05/01,Shimla,None,,,M,Paid Ads,Leisure
CUST00602,Deepika Agarwal,2024/08/25,Amritsar,None,,,F,App Install,Honeymoon
CUST00603,Kritika Patel,12-08-2025,Chennai,None,,,,Paid Ads,
CUST00604,Swati Reddy,02-09-2025,varanasi,Silver,35-44,Web,F,App Install,Business
CUST00605,Sneha Iyer,06-08-2026,Rishikesh,Gold,45-54,,,Referral,
CUST00606,Swati Singh,2024/02/23,Kolkata,Platinum,25-34,,F,Social Media,Leisure
CUST00607,Vinay Nair,13-08-2025,Kolkata,Silver,,android,M,Social Media,
CUST00608,Neha Sharma,17-12-2023,Goa,Gold,25-34,,F,Email Campaign,
CUST00609,Pankaj Das,2025/11/17,Amritsar,none,,Web,M,Referral,Solo
CUST00610,Vinay Menon,2024/04/23,Hyderabad,platinum,35-44,,,Organic Search,
CUST00611,Nisha Kumar,2026/03/15,Hyderabad,silver,25-34,,F,Social Media,Leisure
CUST00612,Priya Das,2025/07/03,Hyderabad,Gold,18-24,iOS,F,Paid Ads,Honeymoon
CUST00613,Preeti Kumar,2024/05/26,Amritsar,Gold,18-24,iOS,F,Organic Search,
CUST00614,Divya Kapoor,2025/05/23,Goa,None,18-24,android,F,Organic Search,Leisure
CUST00615,Amit Banerjee,28-03-2024,Rishikesh,None,,Web,,Email Campaign,Solo
CUST00616,Deepak Kapoor,2024/09/03,Bombay,Gold,55+,IOS,M,Paid Ads,Honeymoon
CUST00617,Meera Menon,2024/11/27,varanasi,Silver,,iOS,F,Paid Ads,
CUST00618,Ravi Menon,10-04-2026,delhi,,18-24,android,,Organic Search,Family
CUST00619,Meera Rao,2025/05/12,Varanasi,NA,35-44,,F,Social Media,
CUST00620,Deepika Menon,28-04-2024,Pune,None,45-54,,F,App Install,
CUST00621,Deepika Menon,23-09-2025,Udaipur,None,25-34,Android,F,Organic Search,Business
CUST00622,Kritika Kumar,2026/01/05,Kolkata,Silver,,Web,F,Referral,Leisure
CUST00623,Shreya Nair,24-12-2025,Jaipur,Silver,18-24,,F,Paid Ads,Leisure
CUST00624,Pankaj Banerjee,23-02-2024,kolkata,None,,,M,Paid Ads,Business
CUST00625,Arjun Reddy,07-09-2024,mumbai,None,18-24,,M,Paid Ads,Leisure
CUST00626,Deepak Kapoor,2025/05/27,Goa,None,18-24,,M,Referral,Family
CUST00627,Gaurav Kumar,2026/07/21,Agra,Gold,25-34,Android,,Paid Ads,Business
CUST00628,Shreya Patel,05-11-2023,Agra,silver,45-54,Web,F,Email Campaign,Solo
CUST00629,Anil Menon,11-04-2026,Kochi,none,25-34,,M,App Install,Solo
CUST00630,Rajesh Mehta,01-12-2024,Jodhpur,GOLD,55+,,M,Organic Search,Honeymoon
CUST00631,Nisha Patel,02-07-2026,Darjeeling,Silver,,,F,Social Media,Business
CUST00632,Gaurav Banerjee,17-06-2024,Jaipur,platinum,,,M,Paid Ads,Leisure
CUST00633,Ritu Chopra,17-03-2024,Hyderabad,None,18-24,,F,Social Media,Leisure
CUST00634,Ashish Banerjee,2024/05/13,Darjeeling,None,55+,,,Social Media,Business
CUST00635,Anil Kumar,04-09-2025,Lucknow,Silver,45-54,,M,Email Campaign,Leisure
CUST00636,Rohan Kumar,03-10-2024,Goa,NA,55+,IOS,,Referral,
CUST00637,Arjun Chopra,09-12-2023,Bengaluru,Platinum,35-44,,M,Social Media,
CUST00638,Pooja Nair,07-08-2026,Manali,None,35-44,,F,Social Media,Solo
CUST00639,Ananya Das,31-10-2025,Bombay,Platinum,18-24,android,,Paid Ads,
CUST00640,Priya Chopra,2024/01/14,Agra,Silver,,,F,Social Media,
CUST00641,Pooja Sharma,2024/03/22,Goa,none,55+,,F,Social Media,Solo
CUST00642,Arjun Agarwal,2025/07/02,Jaipur,Silver,,IOS,M,App Install,Honeymoon
CUST00643,Vinay Joshi,2024/12/03,Chennai,Silver,35-44,,M,App Install,Solo
CUST00644,Vinay Iyer,06-09-2024,Kochi,Gold,,IOS,M,Email Campaign,Solo
CUST00645,Meera Verma,16-12-2025,Darjeeling,none,35-44,android,F,Email Campaign,
CUST00646,Ananya Kumar,29-08-2026,Ahmedabad,Gold,,Web,F,App Install,
CUST00647,Aditya Banerjee,2026/04/14,Jodhpur,Silver,25-34,android,M,Email Campaign,
CUST00648,Pankaj Iyer,27-12-2024,Ahmedabad,Silver,35-44,,,Social Media,Honeymoon
CUST00649,Priya Joshi,2025/12/28,Amritsar,Platinum,25-34,Web,F,Email Campaign,Business
CUST00650,Sunita Rao,2024/05/14,Rishikesh,Silver,18-24,,F,Organic Search,
CUST00651,Neha Singh,17-09-2025,Amritsar,None,55+,Android,F,App Install,Business
CUST00652,Aditya Iyer,25-06-2025,Pune,platinum,35-44,,,Paid Ads,
CUST00653,Arjun Banerjee,02-02-2025,MUMBAI,None,,,M,Paid Ads,Leisure
CUST00654,Rohan Mehta,17-06-2024,bengaluru,None,45-54,Android,M,Paid Ads,Solo
CUST00655,Suresh Bhat,13-08-2026,Agra,Platinum,35-44,,M,Organic Search,Solo
CUST00656,Priya Verma,14-02-2025,Agra,Platinum,55+,android,F,Referral,
CUST00657,Gaurav Verma,31-07-2026,Mysuru,Silver,,,M,Referral,Business
CUST00658,Kritika Singh,2023/10/06,Lucknow,Silver,45-54,,F,Referral,
CUST00659,Nisha Malhotra,30-12-2024,Manali,Gold,18-24,android,F,Referral,Business
CUST00660,Sneha Agarwal,16-04-2026,bengaluru,None,,,F,App Install,Business
CUST00661,Ananya Kumar,31-08-2026,Amritsar,silver,18-24,,F,Email Campaign,
CUST00662,Aditya Kumar,24-10-2023,Calcutta,Platinum,55+,,M,Paid Ads,Honeymoon
CUST00663,Nikhil Kapoor,2024/02/06,Shimla,None,55+,,M,Social Media,Business
CUST00664,Pooja Kumar,16-05-2024,Pune,silver,45-54,,,Organic Search,Honeymoon
CUST00665,Shalini Banerjee,23-11-2023,Pune,Platinum,35-44,android,F,Referral,Leisure
CUST00666,Shreya Mehta,2025/12/02,Shimla,None,45-54,,F,Referral,Business
CUST00667,Priya Iyer,2025/11/14,Darjeeling,Platinum,18-24,Web,F,Paid Ads,Honeymoon
CUST00668,Vikram Nair,2025/08/07,Darjeeling,Silver,25-34,android,M,Paid Ads,Family
CUST00669,Ananya Kumar,2025/04/05,Mysuru,None,,android,,Social Media,
CUST00670,Rajesh Rao,2023/09/28,Kochi,None,45-54,,,App Install,
CUST00671,Ravi Reddy,26-07-2025,Mumbai,silver,45-54,IOS,M,Referral,Solo
CUST00672,Preeti Patel,2025/12/04,Jaipur,Gold,45-54,,F,Social Media,
CUST00673,Rahul Singh,25-02-2026,Hyderabad,Platinum,25-34,,M,Paid Ads,Family
CUST00674,Sneha Rao,2024/07/23,Delhi,None,25-34,,F,Paid Ads,Leisure
CUST00675,Priya Singh,23-05-2025,Pune,Gold,35-44,,F,Email Campaign,Honeymoon
CUST00676,Deepak Joshi,12-12-2024,Agra,NA,,,M,App Install,Solo
CUST00677,Divya Singh,2025/12/15,Chennai,Gold,35-44,Web,F,Email Campaign,Business
CUST00678,Rahul Agarwal,31-08-2026,Hyderabad,Gold,18-24,iOS,M,Organic Search,Family
CUST00679,Manoj Sharma,2025/08/11,Kochi,None,25-34,,M,Email Campaign,
CUST00680,Kritika Agarwal,17-05-2026,Ahmedabad,Platinum,45-54,,F,Social Media,
CUST00681,Rohan Chopra,2025/09/05,Rishikesh,None,,Android,,Social Media,
CUST00682,Manoj Chopra,2023/12/16,Varanasi,Gold,18-24,,M,Social Media,Business
CUST00683,Nisha Menon,2025/10/01,Kochi,None,,,F,Email Campaign,
CUST00684,Amit Chopra,2025/07/17,Hyderabad,platinum,25-34,Web,M,App Install,
CUST00685,Divya Sharma,13-06-2025,New Delhi,Platinum,25-34,,F,App Install,Solo
CUST00686,Swati Mehta,2025/10/06,Pune,Silver,,Android,F,Paid Ads,
CUST00687,Deepak Rao,2024/12/08,Chennai,Silver,55+,,M,App Install,Business
CUST00688,Kavita Verma,2024/01/01,Pune,None,55+,,,Email Campaign,Business
CUST00689,Amit Banerjee,20-02-2024,Lucknow,None,45-54,IOS,M,Email Campaign,Solo
CUST00690,Sunita Nair,2025/12/31,Mysuru,Silver,55+,iOS,F,App Install,Honeymoon
CUST00691,Meera Mehta,2024/10/20,Chennai,Silver,,,F,Referral,Family
CUST00692,Ritu Gupta,19-10-2025,Bengaluru ,None,35-44,IOS,,Paid Ads,Family
CUST00693,Aditya Verma,03-07-2025,Jodhpur,Gold,35-44,iOS,M,Email Campaign,Leisure
CUST00694,Vikram Joshi,2023/11/26,Darjeeling,GOLD,35-44,IOS,,Social Media,Solo
CUST00695,Preeti Das,2025/08/23,Manali,Gold,,,F,Organic Search,Family
CUST00696,Divya Mehta,2024/04/28,Ahmedabad,platinum,25-34,,F,Social Media,Solo
CUST00697,Nikhil Nair,2025/05/29,Pune,none,35-44,,M,App Install,
CUST00698,Deepak Menon,21-10-2024,Hyderabad,Platinum,55+,,M,Paid Ads,Honeymoon
CUST00699,Kritika Iyer,2025/04/21,Mysuru,None,25-34,android,,Referral,Leisure
CUST00700,Pankaj Singh,2026/05/06,varanasi,Gold,18-24,IOS,M,Referral,Business
CUST00701,Ravi Singh,2025/02/15,Benaras,Platinum,55+,IOS,M,Organic Search,
CUST00702,Vikram Singh,2024/05/10,Agra,None,55+,,M,Organic Search,Family
CUST00703,Rahul Singh,2024/06/22,Udaipur,,35-44,,M,Referral,
CUST00704,Neha Verma,2023/09/26,Jaipur,None,25-34,android,F,Paid Ads,Leisure
CUST00705,Vikram Kumar,02-06-2026,Jaipur,None,55+,,M,Referral,Solo
CUST00706,Deepak Verma,20-02-2025,Goa,Silver,25-34,IOS,M,Paid Ads,Business
CUST00707,Vikram Malhotra,2026/08/12,Goa,None,,Web,,Paid Ads,Solo
CUST00708,Suresh Gupta,2024/06/16,Mysuru,Silver,,,,Organic Search,Family
CUST00709,Shalini Singh,22-03-2026,Darjeeling,None,45-54,,F,Paid Ads,Leisure
CUST00710,Vivek Chopra,2026/01/14,Agra,NA,45-54,Android,M,Paid Ads,Solo
CUST00711,Anjali Sharma,2025/05/23,Jodhpur,Silver,25-34,,F,Paid Ads,Honeymoon
CUST00712,Kavita Gupta,2025/06/04,Mysuru,silver,45-54,,,Social Media,
CUST00713,Preeti Mehta,04-11-2024,Lucknow,Platinum,18-24,,F,Organic Search,Solo
CUST00714,Deepak Sharma,2025/12/11,Bengaluru,,55+,,M,Email Campaign,
CUST00715,Manoj Reddy,2026/04/09,Jodhpur,Silver,,,M,App Install,Honeymoon
CUST00716,Swati Kumar,2025/10/05,bengaluru,Silver,,iOS,F,Social Media,
CUST00717,Arjun Malhotra,2024/04/23,Jaipur,None,,iOS,,Email Campaign,
CUST00718,Deepika Kapoor,2025/01/28,Pune,Gold,,,,App Install,
CUST00719,Rohan Kapoor,2026/04/05,Hyderabad,Gold,45-54,Android,M,App Install,
CUST00720,Meera Agarwal,03-07-2024,bengaluru,silver,35-44,,F,Social Media,
CUST00721,Vinay Kumar,12-06-2026,Jaipur,Gold,18-24,,,Organic Search,Family
CUST00722,Rahul Agarwal,13-02-2024,Manali,Gold,35-44,,M,Email Campaign,Leisure
CUST00723,Kavita Kumar,31-08-2025,Mysuru,None,18-24,Web,F,Email Campaign,Honeymoon
CUST00724,Anita Malhotra,2026/04/25,Rishikesh,None,,iOS,F,Email Campaign,Honeymoon
CUST00725,Sanjay Agarwal,2024/03/11,Darjeeling,None,35-44,,M,App Install,Family
CUST00726,Karan Reddy,29-01-2026,Amritsar,None,25-34,,M,Referral,Leisure
CUST00727,Shalini Gupta,13-05-2026,Pune,None,25-34,,F,Referral,Business
CUST00728,Sunita Rao,02-03-2024,Ahmedabad,none,45-54,,F,App Install,Solo
CUST00729,Pooja Iyer,26-04-2024,Ahmedabad,Silver,45-54,,F,App Install,
CUST00730,Vivek Mehta,17-10-2024,Jaipur,None,45-54,Android,M,Paid Ads,Leisure
CUST00731,Aditya Sharma,27-04-2025,Agra,None,35-44,,M,App Install,Business
CUST00732,Sunita Bhat,14-07-2026,kolkata,None,35-44,,,Paid Ads,Leisure
CUST00733,Rajesh Chopra,04-05-2026,Lucknow,Silver,,,M,Email Campaign,Business
CUST00734,Gaurav Das,18-10-2024,Rishikesh,None,25-34,,M,Organic Search,Family
CUST00735,Nisha Agarwal,17-01-2025,Hyderabad,Silver,35-44,,,Social Media,Solo
CUST00736,Neha Mehta,2026/06/21,Udaipur,Gold,55+,,F,Email Campaign,
CUST00737,Vivek Patel,2025/02/23,Jodhpur,None,45-54,,,App Install,
CUST00738,Nisha Mehta,2026/09/14,Amritsar,NA,,Web,,App Install,Honeymoon
CUST00739,Aditya Kumar,2024/04/17,Ahmedabad,None,55+,,M,Email Campaign,
CUST00740,Ravi Gupta,13-10-2023,Rishikesh,Silver,25-34,,M,Referral,
CUST00741,Pooja Singh,25-03-2024,Mysuru,None,55+,Web,F,Organic Search,Solo
CUST00742,Shreya Gupta,18-11-2024,Manali,Silver,35-44,android,F,App Install,Leisure
CUST00743,Arjun Malhotra,14-07-2025,Chennai,Silver,35-44,,M,Email Campaign,
CUST00744,Divya Kapoor,2026/03/12,Pune,Silver,55+,Web,F,Social Media,Family
CUST00745,Shalini Bhat,22-03-2025,Manali,Platinum,25-34,,,App Install,Family
CUST00746,Rajesh Banerjee,2025/12/04,Mysuru,Silver,18-24,,M,Referral,Solo
CUST00747,Ananya Singh,2023/12/25,Shimla,Gold,18-24,android,,Email Campaign,
CUST00748,Manoj Reddy,26-08-2025,Mysuru,None,45-54,,M,Organic Search,
CUST00749,Isha Kapoor,11-09-2025,Hyderabad,None,,,F,Organic Search,Leisure
CUST00750,Nisha Bhat,07-05-2025,DELHI,None,18-24,,F,Organic Search,
CUST00751,Vinay Menon,2024/12/15,Darjeeling,silver,25-34,,M,Organic Search,
CUST00752,Divya Reddy,2023/11/18,Jodhpur,None,35-44,android,F,Paid Ads,Leisure
CUST00753,Isha Menon,04-02-2026,Goa,None,,Android,,Referral,
CUST00754,Vikram Bhat,17-11-2023,New Delhi ,Silver,,android,M,Paid Ads,Honeymoon
CUST00755,Anita Kumar,2023/10/21,Udaipur,Silver,55+,Android,,Social Media,Family
CUST00756,Vivek Patel,31-10-2025,Udaipur,None,25-34,,M,App Install,Leisure
CUST00757,Anita Nair,09-07-2024,Chennai,Silver,55+,,,Paid Ads,Business
CUST00758,Aditya Nair,2023/12/22,Goa,platinum,18-24,,,Email Campaign,
CUST00759,Ananya Nair,2025/05/04,Ahmedabad,Silver,55+,,,App Install,Family
CUST00760,Aditya Mehta,2026/02/27,Amritsar,Silver,45-54,,M,App Install,Solo
CUST00761,Swati Reddy,2024/11/16,Hyderabad,Gold,25-34,,F,Email Campaign,Family
CUST00762,Divya Agarwal,2025/10/17,Hyderabad,Silver,18-24,android,F,Social Media,Honeymoon
CUST00763,Shalini Chopra,2025/01/18,Bengaluru ,None,,,F,Referral,Business
CUST00764,Pankaj Malhotra,2025/03/15,Kolkata,Silver,55+,android,M,Social Media,Solo
CUST00765,Nisha Singh,05-06-2025,Amritsar,Platinum,35-44,iOS,F,Email Campaign,Family
CUST00766,Meera Kumar,2025/06/24,Manali,Gold,18-24,android,,App Install,Honeymoon
CUST00767,Vikram Das,2024/05/31,Ahmedabad,None,18-24,,M,Social Media,Solo
CUST00768,Swati Agarwal,2026/09/05,Rishikesh,Gold,,,F,Email Campaign,
CUST00769,Shalini Rao,2025/01/02,Rishikesh,GOLD,55+,,F,Social Media,Leisure
CUST00770,Sanjay Mehta,2025/04/11,Mysuru,Platinum,18-24,,M,Paid Ads,
CUST00771,Shalini Patel,20-07-2026,Udaipur,Gold,25-34,,F,Email Campaign,Family
CUST00772,Preeti Patel,11-07-2024,Rishikesh,None,35-44,,F,Email Campaign,
CUST00773,Meera Nair,2024/11/21,Mysuru,None,18-24,,F,Email Campaign,Business
CUST00774,Pooja Nair,22-08-2026,Manali,Platinum,55+,,,Paid Ads,Solo
CUST00775,Rahul Sharma,15-02-2026,Mysuru,Silver,45-54,,M,App Install,
CUST00776,Rohan Agarwal,06-10-2025,Hyderabad,none,45-54,Web,M,App Install,Honeymoon
CUST00777,Shreya Malhotra,2025/01/01,Agra,Silver,25-34,,F,Email Campaign,
CUST00778,Rajesh Das,2026/03/27,Rishikesh,Silver,25-34,iOS,M,Email Campaign,Business
CUST00779,Anjali Reddy,28-06-2024,Pune,None,35-44,,F,Social Media,Leisure
CUST00780,Kavita Singh,19-01-2026,Rishikesh,None,18-24,,,Referral,
CUST00781,Rahul Patel,2026/02/26,Rishikesh,None,35-44,Android,M,Paid Ads,
CUST00782,Shreya Verma,30-06-2024,Rishikesh,Silver,35-44,Web,F,Paid Ads,Honeymoon
CUST00783,Anil Iyer,14-02-2025,Udaipur,Silver,45-54,Web,M,App Install,Business
CUST00784,Vikram Das,2025/12/06,Chennai,GOLD,45-54,Android,M,Referral,Honeymoon
CUST00785,Preeti Verma,02-06-2025,Jodhpur,None,55+,Android,F,Organic Search,
CUST00786,Preeti Mehta,2025/07/08,Mysuru,,45-54,Android,F,Organic Search,Honeymoon
CUST00787,Shalini Mehta,2026/02/22,Udaipur,None,18-24,,F,Social Media,Honeymoon
CUST00788,Priya Banerjee,2026/02/05,Mysuru,Platinum,,IOS,,Organic Search,
CUST00789,Vinay Agarwal,21-06-2024,Pune,Platinum,25-34,android,M,Organic Search,Solo
CUST00790,Arjun Verma,23-08-2025,Lucknow,None,45-54,IOS,,App Install,
CUST00791,Kritika Iyer,07-05-2026,Hyderabad,Silver,,Android,F,Referral,
CUST00792,Rahul Singh,2023/12/19,Pune,None,55+,Android,,Email Campaign,Business
CUST00793,Suresh Bhat,2024/03/21,delhi,Silver,55+,,M,Email Campaign,Honeymoon
CUST00794,Vinay Singh,31-03-2025,Jaipur,None,25-34,,M,App Install,Honeymoon
CUST00795,Nisha Iyer,2024/08/24,Manali,silver,,,F,Paid Ads,
CUST00796,Priya Das,2024/05/15,Mysuru,None,35-44,,F,Referral,
CUST00797,Ritu Mehta,2025/04/24,Goa,Gold,18-24,Web,,Email Campaign,
CUST00798,Meera Joshi,23-09-2023,DELHI,None,18-24,,F,Social Media,Solo
CUST00799,Isha Sharma,11-05-2026,Agra,Platinum,45-54,,F,Organic Search,
CUST00800,Neha Patel,23-12-2024,Pune,GOLD,55+,,F,Referral,
CUST00801,Ashish Reddy,17-03-2025,Pune,Platinum,45-54,iOS,M,Social Media,Solo
CUST00802,Swati Reddy,12-11-2025,Bengaluru,None,35-44,Web,F,Paid Ads,
CUST00803,Vivek Mehta,2025/04/07,Hyderabad,Silver,,android,,App Install,
CUST00804,Gaurav Rao,22-08-2026,Darjeeling,Platinum,35-44,Android,M,Paid Ads,Business
CUST00805,Anjali Verma,15-01-2026,Bengaluru,Platinum,18-24,,F,Social Media,
CUST00806,Ritu Kapoor,21-05-2024,Lucknow,None,25-34,,F,Referral,Business
CUST00807,Sanjay Chopra,2023/12/30,Rishikesh,Gold,35-44,,M,App Install,
CUST00808,Vivek Sharma,02-09-2026,Chennai,None,25-34,,,Organic Search,
CUST00809,Shalini Gupta,2024/08/20,Mumbai,None,55+,,F,Organic Search,
CUST00810,Ritu Sharma,10-01-2026,Ahmedabad,None,,,F,Paid Ads,Family
CUST00811,Shalini Menon,08-02-2024,Ahmedabad,GOLD,35-44,,F,App Install,
CUST00812,Kritika Nair,01-06-2025,Hyderabad,Silver,45-54,android,F,Paid Ads,
CUST00813,Rohan Reddy,07-02-2025,Mumbai,Silver,45-54,,M,Email Campaign,Honeymoon
CUST00814,Aditya Verma,21-07-2026,Ahmedabad,None,55+,,M,Email Campaign,Family
CUST00815,Neha Agarwal,06-04-2025,Kolkata,None,18-24,android,F,Paid Ads,
CUST00816,Arjun Chopra,09-09-2026,Kolkata,Silver,35-44,,M,App Install,
CUST00817,Shreya Patel,20-11-2023,Kolkata,Platinum,55+,IOS,F,Email Campaign,Leisure
CUST00818,Isha Reddy,2025/09/11,Bangalore,Silver,,,,Referral,Solo
CUST00819,Rohan Nair,05-05-2024,Hyderabad,Gold,55+,,M,Referral,Solo
CUST00820,Ananya Menon,15-02-2026,Goa,None,35-44,,F,Referral,
CUST00821,Rohan Mehta,02-08-2026,Pune,Platinum,45-54,,M,Social Media,Honeymoon
CUST00822,Sneha Joshi,2025/06/14,Kolkata,Silver,45-54,IOS,F,Organic Search,
CUST00823,Nikhil Singh,23-01-2024,kolkata,none,55+,,M,Social Media,
CUST00824,Shreya Banerjee,2024/09/29,Amritsar,None,25-34,Android,F,Organic Search,
CUST00825,Nikhil Agarwal,2024/12/27,Mumbai,Silver,45-54,IOS,M,Email Campaign,Leisure
CUST00826,Anita Nair,2025/10/27,Rishikesh,silver,35-44,,F,App Install,
CUST00827,Isha Mehta,04-04-2026,Amritsar,GOLD,55+,IOS,F,Referral,
CUST00828,Ananya Menon,12-12-2025,Shimla,None,25-34,,,Email Campaign,Family
CUST00829,Vivek Malhotra,04-11-2023,Shimla,Silver,55+,,,Organic Search,Family
CUST00830,Isha Patel,08-02-2025,Jaipur,None,55+,IOS,F,Social Media,
CUST00831,Vivek Singh,2026/01/14,Jaipur,Silver,45-54,,M,Email Campaign,
CUST00832,Deepika Banerjee,2024/11/22,varanasi,Silver,25-34,Web,F,Paid Ads,
CUST00833,Shreya Chopra,14-11-2025,Mysuru,Gold,45-54,,,App Install,
CUST00834,Kritika Nair,2026/07/28,Goa,NA,,,F,Social Media,
CUST00835,Pankaj Chopra,2025/07/20,Shimla,None,45-54,,M,Social Media,Family
CUST00836,Nisha Joshi,2026/02/01,Lucknow,None,,,F,Email Campaign,
CUST00837,Isha Malhotra,2025/12/23,Ahmedabad,Gold,18-24,android,,App Install,Family
CUST00838,Kritika Kapoor,27-01-2026,Agra,Silver,,IOS,F,App Install,Family
CUST00839,Rajesh Gupta,15-08-2025,Bombay,silver,55+,android,M,App Install,
CUST00840,Deepika Iyer,21-08-2025,Goa,Gold,18-24,Android,F,Email Campaign,Honeymoon
CUST00841,Ashish Gupta,2024/04/04,Hyderabad,Platinum,45-54,,M,Paid Ads,Business
CUST00842,Ravi Menon,2025/06/18,Calcutta,Gold,35-44,,,Paid Ads,
CUST00843,Pankaj Patel,18-08-2026,Mysuru,None,,,,Paid Ads,
CUST00844,Vikram Joshi,19-08-2025,Pune,None,,,,Organic Search,
CUST00845,Ravi Malhotra,17-12-2024,Bombay,Silver,,,M,Organic Search,Family
CUST00846,Suresh Mehta,28-03-2026,Mysuru,None,45-54,,M,Referral,Honeymoon
CUST00847,Swati Kumar,13-12-2023,Amritsar,None,25-34,,F,Organic Search,Business
CUST00848,Preeti Banerjee,2025/03/26,Jodhpur,silver,55+,,F,Referral,
CUST00849,Arjun Chopra,2025/03/04,Agra,,18-24,,M,Email Campaign,
CUST00850,Shalini Malhotra,2025/09/05,Amritsar,silver,55+,android,F,Organic Search,
CUST00851,Pankaj Bhat,2025/03/13,Bengaluru,Platinum,35-44,iOS,M,App Install,Leisure
CUST00852,Vikram Chopra,2024/01/05,mumbai,platinum,25-34,,,App Install,Honeymoon
CUST00853,Ashish Agarwal,05-06-2024,Udaipur,Gold,55+,,M,Organic Search,Leisure
CUST00854,Sunita Patel,29-05-2024,Mysuru,None,55+,,F,Referral,Solo
CUST00855,Rajesh Chopra,2025/12/02,Jodhpur,None,25-34,Web,M,Paid Ads,Honeymoon
CUST00856,Anjali Kumar,2026/05/03,Kolkata,Silver,,,F,Organic Search,Business
CUST00857,Karan Agarwal,02-06-2025,Hyderabad,,45-54,,M,Paid Ads,
CUST00858,Aditya Malhotra,2025/01/28,Agra,Gold,,,,Paid Ads,Family
CUST00859,Pankaj Iyer,12-05-2025,Kochi,Silver,,,M,Email Campaign,Leisure
CUST00860,Vinay Rao,2024/09/28,New Delhi ,Gold,,,M,Referral,Business
CUST00861,Suresh Rao,2026/06/08,Lucknow,Gold,45-54,,M,Paid Ads,Solo
CUST00862,Nisha Bhat,21-02-2025,Manali,Platinum,25-34,android,,Email Campaign,Leisure
CUST00863,Divya Chopra,2025/11/15,Calcutta,Silver,,,F,Email Campaign,
CUST00864,Vivek Kapoor,18-07-2024,Manali,Silver,,IOS,,App Install,
CUST00865,Nisha Patel,17-07-2026,Goa,None,25-34,,,App Install,Honeymoon
CUST00866,Preeti Menon,2024/12/06,Bengaluru ,Silver,45-54,android,F,Social Media,
CUST00867,Vikram Kumar,2023/10/06,Hyderabad,Platinum,25-34,Web,M,Referral,
CUST00868,Arjun Patel,25-03-2026,kolkata,platinum,35-44,,,Referral,Leisure
CUST00869,Nikhil Agarwal,26-09-2024,Kochi,Platinum,,Android,M,Organic Search,Leisure
CUST00870,Sneha Reddy,2024/05/02,Kochi,None,,iOS,F,Referral,Honeymoon
CUST00871,Rahul Menon,2024/05/01,Lucknow,Platinum,,,M,Email Campaign,
CUST00872,Rahul Mehta,2023/11/27,Darjeeling,Silver,18-24,,,Email Campaign,
CUST00873,Arjun Bhat,03-01-2025,Manali,None,,,M,Paid Ads,Business
CUST00874,Pooja Malhotra,16-09-2025,Agra,platinum,45-54,,F,App Install,Honeymoon
CUST00875,Deepak Bhat,2023/12/04,kolkata,Platinum,35-44,,M,Organic Search,Business
CUST00876,Vinay Menon,2023/10/14,Mysuru,None,55+,,M,Email Campaign,
CUST00877,Suresh Rao,2025/11/26,Amritsar,Platinum,25-34,iOS,M,App Install,Honeymoon
CUST00878,Vivek Singh,2024/01/16,Darjeeling,None,25-34,,,Referral,Family
CUST00879,Ritu Verma,2025/01/19,Udaipur,,,,F,Email Campaign,
CUST00880,Vinay Iyer,08-01-2025,Rishikesh,Silver,35-44,,M,Social Media,Leisure
CUST00881,Ashish Bhat,2025/11/04,Agra,Silver,18-24,Web,M,Paid Ads,Leisure
CUST00882,Rajesh Mehta,25-12-2023,Udaipur,Silver,55+,Web,M,Paid Ads,Family
CUST00883,Isha Joshi,29-06-2024,Lucknow,None,,IOS,F,Paid Ads,Family
CUST00884,Vivek Das,13-04-2025,Amritsar,NA,35-44,Web,M,App Install,Leisure
CUST00885,Meera Rao,2024/04/08,Darjeeling,None,18-24,,F,Paid Ads,
CUST00886,Arjun Malhotra,2026/06/24,DELHI,None,,,M,Social Media,Business
CUST00887,Gaurav Patel,2024/10/13,Manali,Platinum,,Web,M,Organic Search,Family
CUST00888,Priya Kumar,2025/04/19,Rishikesh,None,18-24,iOS,,Email Campaign,Business
CUST00889,Nikhil Sharma,07-09-2025,Ahmedabad,None,35-44,Web,M,Paid Ads,Solo
CUST00890,Pankaj Banerjee,2025/12/14,Bombay,None,25-34,Android,,Organic Search,
CUST00891,Vivek Nair,10-03-2024,Lucknow,Silver,45-54,,,Referral,
CUST00892,Shreya Reddy,07-10-2023,Agra,GOLD,35-44,iOS,F,Paid Ads,
CUST00893,Amit Sharma,2023/12/04,Agra,Gold,,Android,,Email Campaign,Business
CUST00894,Aditya Mehta,2024/05/09,Calcutta,None,18-24,,,Paid Ads,Honeymoon
CUST00895,Nikhil Agarwal,2026/07/10,varanasi,silver,18-24,,M,Paid Ads,Business
CUST00896,Anjali Mehta,2026/07/21,Chennai,silver,45-54,,F,App Install,
CUST00897,Nisha Kumar,2026/03/08,Udaipur,None,,android,,Social Media,Family
CUST00898,Rajesh Singh,2026/01/24,Amritsar,Gold,18-24,,M,App Install,
CUST00899,Suresh Rao,2024/01/19,Hyderabad,None,25-34,IOS,M,Referral,
CUST00900,Rohan Patel,2024/03/24,New Delhi ,None,25-34,iOS,M,Social Media,Leisure
CUST00901,Ravi Verma,2024/07/25,Delhi,silver,,android,M,Email Campaign,
CUST00902,Anita Nair,24-05-2024,Shimla,Gold,18-24,Android,,Social Media,
CUST00903,Ritu Nair,14-11-2024,Agra,None,35-44,iOS,F,Referral,Honeymoon
CUST00904,Ravi Kumar,22-09-2024,Amritsar,None,45-54,,M,Paid Ads,Honeymoon
CUST00905,Arjun Singh,12-09-2026,Varanasi,Gold,25-34,,M,Social Media,Solo
CUST00906,Pankaj Sharma,26-03-2025,New Delhi,Silver,35-44,,,App Install,Solo
CUST00907,Anil Menon,2025/12/03,Chennai,Silver,,,M,Organic Search,
CUST00908,Ritu Rao,08-07-2025,bengaluru,Gold,45-54,iOS,F,Paid Ads,Business
CUST00909,Swati Malhotra,09-11-2025,Benaras,None,35-44,,F,Social Media,
CUST00910,Kritika Rao,30-10-2023,Bombay,None,35-44,Web,F,Referral,Business
CUST00911,Sneha Kapoor,2024/08/15,Ahmedabad,None,18-24,,F,Organic Search,Solo
CUST00912,Sunita Iyer,08-03-2026,Varanasi,Silver,45-54,Android,F,Paid Ads,Business
CUST00913,Pooja Bhat,18-09-2023,Jaipur,None,55+,,F,Email Campaign,Honeymoon
CUST00914,Anjali Singh,2024/07/15,Amritsar,None,35-44,iOS,F,Paid Ads,
CUST00915,Gaurav Reddy,16-11-2024,Udaipur,None,55+,iOS,M,Paid Ads,
CUST00916,Rajesh Malhotra,29-11-2023,Kolkata,Gold,,,M,App Install,Family
CUST00917,Manoj Verma,07-07-2025,bengaluru,GOLD,25-34,Web,M,Organic Search,Family
CUST00918,Shalini Malhotra,05-07-2025,Amritsar,Silver,25-34,,,Paid Ads,Honeymoon
CUST00919,Pooja Kapoor,2024/08/21,Agra,Silver,,android,F,Email Campaign,Honeymoon
CUST00920,Meera Iyer,13-12-2023,Udaipur,None,35-44,Web,,Referral,Leisure
CUST00921,Divya Verma,2026/03/07,Calcutta,Silver,25-34,iOS,F,Organic Search,Honeymoon
CUST00922,Swati Gupta,24-01-2026,Darjeeling,None,,,F,App Install,
CUST00923,Deepak Iyer,2024/09/17,Mysuru,silver,35-44,,M,App Install,Business
CUST00924,Ashish Das,2024/09/13,Mysuru,GOLD,,,M,Paid Ads,
CUST00925,Nisha Chopra,2026/06/12,varanasi,Platinum,55+,,,Referral,Family
CUST00926,Deepak Bhat,27-10-2025,Chennai,Silver,35-44,,M,Organic Search,Family
CUST00927,Sunita Nair,26-02-2024,Shimla,platinum,55+,Android,,App Install,
CUST00928,Divya Chopra,2025/12/14,Lucknow,Platinum,25-34,Web,F,Referral,Leisure
CUST00929,Ritu Singh,2024/07/10,Agra,Silver,45-54,IOS,F,Social Media,Business
CUST00930,Anjali Banerjee,10-07-2026,Udaipur,,55+,,F,Referral,Family
CUST00931,Sanjay Mehta,2024/12/14,Bombay,None,18-24,iOS,M,App Install,Honeymoon
CUST00932,Deepika Bhat,06-12-2025,Ahmedabad,None,,,,Social Media,Family
CUST00933,Rohan Das,2025/08/16,Agra,None,35-44,,M,Referral,Business
CUST00934,Vikram Menon,2023/10/07,Hyderabad,,35-44,,M,Paid Ads,
CUST00935,Kavita Agarwal,2025/04/25,mumbai,Silver,,,F,Social Media,Leisure
CUST00936,Karan Gupta,2024/11/11,Bangalore,Platinum,25-34,IOS,M,Organic Search,
CUST00937,Arjun Gupta,14-07-2024,Kochi,Silver,25-34,,M,Email Campaign,
CUST00938,Vivek Gupta,23-08-2024,Kochi,Gold,35-44,,M,Organic Search,Family
CUST00939,Shalini Kumar,2024/08/20,Jodhpur,Gold,55+,IOS,F,Paid Ads,Family
CUST00940,Manoj Reddy,29-11-2023,Darjeeling,Gold,,,,Social Media,Business
CUST00941,Ananya Sharma,2023/11/08,Ahmedabad,Gold,25-34,Web,F,Paid Ads,
CUST00942,Shalini Reddy,30-07-2025,Agra,Silver,55+,iOS,,Social Media,
CUST00943,Rohan Nair,27-09-2025,Pune,Gold,25-34,android,,Paid Ads,Honeymoon
CUST00944,Divya Sharma,17-11-2025,Chennai,None,,Android,F,App Install,Leisure
CUST00945,Gaurav Banerjee,22-12-2025,Shimla,Platinum,45-54,,M,Referral,Solo
CUST00946,Nisha Joshi,14-12-2024,Mysuru,none,,,F,App Install,Honeymoon
CUST00947,Priya Reddy,2024/07/23,Udaipur,Platinum,45-54,,F,Organic Search,Leisure
CUST00948,Pooja Kumar,03-06-2024,Calcutta,Silver,35-44,,F,Organic Search,
CUST00949,Rajesh Kapoor,2026/04/28,Chennai,Platinum,,,,Referral,Honeymoon
CUST00950,Anjali Sharma,30-11-2023,bengaluru,none,25-34,android,,App Install,
CUST00951,Kritika Bhat,2024/05/26,kolkata,None,45-54,IOS,,Social Media,
CUST00952,Pankaj Patel,07-12-2024,Jodhpur,GOLD,18-24,,,Referral,Honeymoon
CUST00953,Isha Banerjee,01-07-2026,Pune,None,45-54,Web,F,Referral,Solo
CUST00954,Ananya Kapoor,10-05-2024,Kolkata,None,18-24,Web,,App Install,Family
CUST00955,Sneha Das,30-05-2024,Chennai,Platinum,55+,Android,F,Referral,Honeymoon
CUST00956,Anjali Gupta,02-11-2024,kolkata,Platinum,45-54,Web,F,Paid Ads,Leisure
CUST00957,Shreya Reddy,2025/07/24,Jaipur,Gold,45-54,,F,App Install,Business
CUST00958,Nikhil Verma,2025/12/03,Pune,None,,,M,Social Media,Business
CUST00959,Divya Nair,2024/09/27,Mysuru,None,25-34,Web,F,Social Media,Solo
CUST00960,Sanjay Menon,18-02-2024,New Delhi ,,25-34,IOS,M,Referral,Business
CUST00961,Ananya Iyer,02-09-2024,Jaipur,GOLD,45-54,,F,Social Media,
CUST00962,Aditya Agarwal,2026/08/31,Agra,None,45-54,,,Referral,
CUST00963,Rohan Nair,2026/05/15,Mysuru,none,55+,,M,Email Campaign,Leisure
CUST00964,Shalini Malhotra,29-12-2024,Amritsar,Gold,45-54,,,Social Media,Solo
CUST00965,Shreya Sharma,14-01-2024,Jodhpur,NA,55+,Web,F,App Install,Honeymoon
CUST00966,Nisha Agarwal,10-11-2025,Goa,platinum,25-34,,F,App Install,Business
CUST00967,Anil Verma,2025/03/05,Hyderabad,Platinum,18-24,,M,App Install,Business
CUST00968,Pooja Das,04-02-2026,kolkata,Platinum,25-34,,F,Referral,
CUST00969,Anita Mehta,2024/04/10,Bombay,Gold,18-24,,F,App Install,Business
CUST00970,Ravi Gupta,27-02-2025,Chennai,None,18-24,IOS,M,Paid Ads,Leisure
CUST00971,Pankaj Gupta,05-01-2025,Rishikesh,Silver,55+,,M,App Install,Family
CUST00972,Kavita Kapoor,2024/02/20,Rishikesh,Platinum,,,F,Paid Ads,Solo
CUST00973,Anita Sharma,22-07-2024,Darjeeling,Platinum,25-34,,,Organic Search,Business
CUST00974,Sunita Gupta,2023/11/08,MUMBAI,Silver,45-54,,F,Email Campaign,
CUST00975,Anita Sharma,2024/08/15,New Delhi ,None,45-54,,F,Organic Search,Leisure
CUST00976,Sneha Iyer,2026/05/19,kolkata,Platinum,55+,,F,Email Campaign,Family
CUST00977,Sanjay Patel,2026/08/31,Bangalore,None,18-24,,M,Email Campaign,Leisure
CUST00978,Deepak Das,2025/01/16,Hyderabad,None,25-34,,M,Referral,Leisure
CUST00979,Neha Rao,03-02-2026,Lucknow,Platinum,18-24,,F,App Install,
CUST00980,Preeti Sharma,05-03-2026,Chennai,,35-44,,F,Referral,
CUST00981,Vivek Mehta,15-09-2026,Jaipur,Gold,55+,Web,,Organic Search,
CUST00982,Preeti Malhotra,21-02-2024,Mysuru,None,45-54,android,F,Organic Search,
CUST00983,Sneha Verma,2026/03/18,Mysuru,Gold,45-54,Web,F,Referral,
CUST00984,Manoj Das,2025/10/22,Darjeeling,None,55+,,,Email Campaign,Leisure
CUST00985,Rajesh Joshi,28-11-2023,Amritsar,Silver,35-44,,M,Organic Search,Solo
CUST00986,Vikram Malhotra,11-08-2025,Kolkata,Silver,45-54,IOS,M,Paid Ads,Family
CUST00987,Shreya Kumar,2026/02/22,Udaipur,None,35-44,,F,Organic Search,
CUST00988,Manoj Das,2024/09/28,Chennai,Gold,45-54,android,M,Organic Search,Honeymoon
CUST00989,Vivek Kumar,01-08-2024,Manali,Gold,25-34,Android,M,Organic Search,Family
CUST00990,Ashish Menon,06-08-2024,Pune,None,25-34,,,Email Campaign,Leisure
CUST00991,Pooja Patel,2024/07/20,Agra,Platinum,35-44,,,Referral,
CUST00992,Nikhil Gupta,2024/05/13,Pune,GOLD,55+,,,Email Campaign,
CUST00993,Swati Bhat,07-11-2024,Ahmedabad,Gold,,,F,Email Campaign,Leisure
CUST00994,Pooja Verma,2024/10/14,Agra,Gold,25-34,iOS,,Organic Search,Solo
CUST00995,Aditya Kapoor,2024/03/29,Kolkata,None,35-44,,,Referral,
CUST00996,Pooja Chopra,2024/03/22,Udaipur,None,,,F,Referral,
CUST00997,Shalini Rao,15-02-2024,Lucknow,None,45-54,,,Email Campaign,Family
CUST00998,Nikhil Gupta,2025/10/28,Hyderabad,Platinum,,,M,Organic Search,
CUST00999,Nisha Mehta,31-08-2026,Ahmedabad,Silver,18-24,iOS,F,Social Media,Family
CUST01000,Aditya Nair,2024/10/18,Lucknow,Gold,18-24,,,Paid Ads,
CUST01001,Kritika Rao,2024/01/21,Rishikesh,Platinum,35-44,,F,Organic Search,Leisure
CUST01002,Aditya Reddy,01-02-2025,varanasi,Silver,25-34,,M,App Install,
CUST01003,Anita Das,2025/12/13,Amritsar,Silver,18-24,,F,Paid Ads,Leisure
CUST01004,Suresh Malhotra,27-01-2024,Rishikesh,Silver,55+,,,Email Campaign,
CUST01005,Kavita Chopra,2026/04/20,Amritsar,None,18-24,,F,Email Campaign,Leisure
CUST01006,Swati Nair,2024/04/25,Lucknow,silver,18-24,android,F,Paid Ads,Business
CUST01007,Nisha Kumar,14-10-2023,Kochi,Silver,55+,,F,Email Campaign,
CUST01008,Shreya Verma,2025/12/19,Kochi,None,35-44,android,F,Social Media,Family
CUST01009,Karan Singh,23-11-2024,Goa,Platinum,18-24,,M,Referral,
CUST01010,Sunita Nair,2024/07/23,Kochi,Silver,45-54,,,Social Media,
CUST01011,Anita Malhotra,2026/09/08,Udaipur,Silver,35-44,,F,Paid Ads,Solo
CUST01012,Divya Joshi,2026/05/15,Jaipur,Gold,45-54,iOS,,Referral,Business
CUST01013,Ashish Iyer,27-05-2025,Darjeeling,Platinum,,,M,Organic Search,
CUST01014,Ritu Rao,23-03-2025,Darjeeling,Gold,,,F,Referral,Honeymoon
CUST01015,Rohan Gupta,13-08-2025,Bombay,Silver,55+,,M,Paid Ads,Honeymoon
CUST01016,Sunita Malhotra,2025/03/15,Agra,Silver,55+,,,Email Campaign,Business
CUST01017,Gaurav Mehta,06-06-2024,Lucknow,silver,35-44,,,Paid Ads,Business
CUST01018,Anjali Joshi,2026/06/10,Shimla,Silver,,android,F,Social Media,Family
CUST01019,Ananya Iyer,15-02-2026,DELHI,None,55+,,,Paid Ads,Family
CUST01020,Sunita Rao,2025/10/27,Ahmedabad,None,55+,iOS,F,Social Media,Business
CUST01021,Vinay Bhat,2025/01/31,Goa,silver,35-44,,,App Install,Honeymoon
CUST01022,Vikram Reddy,2025/01/05,Mysuru,None,18-24,Web,M,Paid Ads,
CUST01023,Vinay Rao,05-03-2024,Goa,None,55+,,,Email Campaign,
CUST01024,Shalini Agarwal,11-01-2024,Bengaluru ,Silver,,,,Organic Search,
CUST01025,Ananya Joshi,12-08-2024,Hyderabad,Silver,25-34,,F,Email Campaign,Honeymoon
CUST01026,Rohan Verma,2024/06/30,Amritsar,None,18-24,,M,Paid Ads,Leisure
CUST01027,Rahul Rao,20-07-2024,Bengaluru,Silver,45-54,,M,Referral,Business
CUST01028,Manoj Kumar,2024/01/08,Jaipur,None,55+,,,App Install,Business
CUST01029,Preeti Chopra,11-12-2025,Bengaluru ,silver,55+,,F,Email Campaign,Business
CUST01030,Kavita Gupta,11-04-2026,varanasi,GOLD,25-34,Android,F,Email Campaign,Leisure
CUST01031,Suresh Banerjee,21-04-2025,Goa,None,25-34,,M,Paid Ads,
CUST01032,Divya Kumar,2024/04/23,Rishikesh,Silver,55+,android,,Social Media,Solo
CUST01033,Rahul Banerjee,21-12-2025,Kochi,Platinum,55+,,,Referral,
CUST01034,Arjun Rao,07-10-2024,Darjeeling,Gold,25-34,,M,Referral,
CUST01035,Anita Das,2024/04/20,Kochi,,45-54,Android,,App Install,
CUST01036,Suresh Patel,03-12-2024,Darjeeling,None,45-54,Web,M,Email Campaign,
CUST01037,Anil Agarwal,06-11-2025,Ahmedabad,Gold,45-54,IOS,M,Paid Ads,Solo
CUST01038,Rajesh Patel,20-05-2025,Manali,,35-44,,M,App Install,Solo
CUST01039,Deepak Nair,2023/11/25,Benaras,None,45-54,android,,Referral,Solo
CUST01040,Suresh Gupta,2024/06/24,Ahmedabad,None,55+,,M,Email Campaign,Leisure
CUST01041,Anjali Rao,2026/05/05,Rishikesh,silver,55+,,,Social Media,Business
CUST01042,Rajesh Menon,03-12-2023,Chennai,Silver,35-44,,M,Paid Ads,Business
CUST01043,Sanjay Rao,12-10-2024,Darjeeling,Platinum,55+,,,Paid Ads,Honeymoon
CUST01044,Amit Kapoor,2025/02/17,Chennai,Platinum,18-24,,M,Social Media,
CUST01045,Priya Iyer,2026/04/04,Mysuru,Platinum,55+,,F,App Install,Family
CUST01046,Pankaj Bhat,24-05-2025,mumbai,Silver,18-24,Android,M,App Install,Family
CUST01047,Karan Banerjee,2025/09/09,Benaras,platinum,18-24,android,M,Paid Ads,Leisure
CUST01048,Rajesh Singh,24-06-2026,Amritsar,None,,,M,Organic Search,Leisure
CUST01049,Suresh Patel,13-06-2026,Agra,None,18-24,Android,,Email Campaign,
CUST01050,Suresh Verma,2025/02/23,Darjeeling,None,18-24,,M,Email Campaign,Solo
CUST01051,Sneha Bhat,01-04-2026,DELHI,platinum,55+,Android,F,Paid Ads,Family
CUST01052,Aditya Sharma,20-02-2025,Bombay,platinum,55+,,M,Referral,Family
CUST01053,Deepak Malhotra,2024/04/28,Agra,None,18-24,android,M,Email Campaign,
CUST01054,Anjali Sharma,2026/02/09,Pune,Gold,,,F,App Install,Solo
CUST01055,Gaurav Banerjee,2026/04/17,MUMBAI,Platinum,25-34,,M,Email Campaign,
CUST01056,Ritu Gupta,2024/02/01,Mysuru,Silver,55+,iOS,F,Paid Ads,Business
CUST01057,Karan Chopra,2025/02/19,Calcutta,Platinum,45-54,,M,Referral,
CUST01058,Aditya Iyer,2026/05/18,Hyderabad,Gold,25-34,,,Organic Search,Solo
CUST01059,Aditya Verma,11-05-2024,varanasi,Silver,35-44,Android,M,Referral,Solo
CUST01060,Rahul Kapoor,2025/10/06,New Delhi ,Platinum,25-34,,M,Organic Search,Business
CUST01061,Meera Mehta,2023/11/18,Pune,None,25-34,,F,App Install,Honeymoon
CUST01062,Divya Chopra,15-05-2024,Mysuru,None,55+,,F,Organic Search,Business
CUST01063,Vivek Mehta,16-01-2024,Hyderabad,None,,,M,Organic Search,Leisure
CUST01064,Vinay Verma,2023/11/05,Rishikesh,Gold,55+,,M,Email Campaign,Business
CUST01065,Amit Malhotra,2025/07/11,Lucknow,Platinum,25-34,,M,Organic Search,Leisure
CUST01066,Kavita Mehta,2026/01/01,Chennai,Gold,18-24,,F,Social Media,Family
CUST01067,Rohan Rao,2025/12/21,Jodhpur,Platinum,25-34,,M,App Install,Honeymoon
CUST01068,Nikhil Verma,2024/06/01,Delhi,GOLD,55+,,,Referral,Family
CUST01069,Priya Gupta,08-04-2026,Kolkata,Silver,25-34,IOS,F,Referral,Honeymoon
CUST01070,Suresh Agarwal,2026/04/14,New Delhi ,Gold,35-44,,M,Referral,Family
CUST01071,Isha Kumar,05-04-2025,Pune,Gold,45-54,,F,Social Media,
CUST01072,Arjun Malhotra,09-05-2025,Calcutta,Silver,35-44,,M,App Install,Business
CUST01073,Anjali Singh,17-03-2026,Pune,Silver,55+,iOS,F,App Install,Solo
CUST01074,Vikram Nair,21-01-2025,Jodhpur,Silver,55+,,,Organic Search,Family
CUST01075,Ananya Iyer,2025/06/16,Amritsar,Gold,45-54,,F,App Install,Business
CUST01076,Aditya Nair,2024/08/08,Ahmedabad,None,25-34,,M,Social Media,Honeymoon
CUST01077,Neha Patel,2024/09/08,Manali,Gold,55+,Web,F,Paid Ads,Family
CUST01078,Nisha Kumar,04-03-2026,Jaipur,None,18-24,,F,Organic Search,Business
CUST01079,Rajesh Chopra,10-03-2024,Goa,None,55+,,,Social Media,Solo
CUST01080,Ravi Sharma,2025/04/23,Jaipur,None,35-44,iOS,,Social Media,Solo
CUST01081,Sneha Verma,07-06-2025,Manali,None,18-24,,F,Referral,Family
CUST01082,Aditya Bhat,22-03-2024,Hyderabad,None,55+,,M,Social Media,Family
CUST01083,Meera Kapoor,22-04-2026,Jodhpur,Platinum,55+,,,Organic Search,
CUST01084,Sunita Kapoor,22-07-2024,Kochi,None,25-34,Android,,Social Media,Solo
CUST01085,Manoj Reddy,06-12-2024,Hyderabad,None,55+,,,Paid Ads,Leisure
CUST01086,Ashish Agarwal,30-06-2024,Pune,Gold,55+,,M,Email Campaign,
CUST01087,Aditya Menon,12-12-2024,Mysuru,None,18-24,,,Organic Search,Honeymoon
CUST01088,Sanjay Patel,2023/10/26,Bengaluru ,none,,Web,,Referral,
CUST01089,Anita Agarwal,29-06-2024,Ahmedabad,Platinum,35-44,android,F,Organic Search,Business
CUST01090,Amit Banerjee,2025/02/09,Mumbai,Silver,35-44,,M,Referral,
CUST01091,Vikram Kumar,05-04-2025,Jodhpur,None,,,M,Email Campaign,Family
CUST01092,Anjali Nair,02-12-2025,Darjeeling,None,25-34,Web,F,Referral,Family
CUST01093,Vikram Gupta,2026/02/05,Rishikesh,Silver,55+,,M,App Install,
CUST01094,Ritu Chopra,03-10-2024,Hyderabad,None,25-34,Web,F,Paid Ads,Business
CUST01095,Sanjay Bhat,2025/09/13,Manali,,18-24,iOS,,Email Campaign,
CUST01096,Deepak Reddy,03-06-2025,Calcutta,None,25-34,,M,App Install,Business
CUST01097,Deepika Gupta,05-05-2024,Manali,none,18-24,Android,,Paid Ads,Solo
CUST01098,Priya Chopra,26-03-2026,Hyderabad,None,45-54,IOS,F,Organic Search,
CUST01099,Amit Verma,2023/12/31,Hyderabad,None,25-34,Android,,Referral,Business
CUST01100,Kavita Malhotra,30-12-2024,Shimla,silver,18-24,,F,Social Media,Family
CUST01101,Divya Agarwal,2025/12/28,Calcutta,Silver,35-44,,F,Social Media,Honeymoon
CUST01102,Sanjay Iyer,26-01-2026,MUMBAI,Gold,35-44,,,Email Campaign,
CUST01103,Neha Mehta,07-04-2024,MUMBAI,,,,,Social Media,Business
CUST01104,Anil Joshi,22-11-2023,Agra,None,45-54,,,Social Media,Honeymoon
CUST01105,Arjun Chopra,15-06-2025,Shimla,Gold,55+,android,M,Paid Ads,Honeymoon
CUST01106,Swati Agarwal,06-09-2024,bengaluru,silver,35-44,android,,App Install,
CUST01107,Meera Gupta,21-11-2023,Kochi,GOLD,45-54,,,Referral,Business
CUST01108,Pankaj Nair,31-08-2026,Kochi,Gold,18-24,android,,Referral,Leisure
CUST01109,Deepika Menon,23-08-2026,Shimla,Silver,45-54,,F,Organic Search,Leisure
CUST01110,Manoj Nair,01-12-2025,Rishikesh,None,,,M,Email Campaign,Leisure
CUST01111,Aditya Mehta,09-11-2025,Lucknow,Gold,18-24,,M,Email Campaign,
CUST01112,Ritu Gupta,28-08-2026,Amritsar,None,18-24,,F,Organic Search,Leisure
CUST01113,Amit Nair,30-06-2025,Agra,Platinum,,Android,M,Referral,Honeymoon
CUST01114,Anjali Agarwal,2024/05/31,Agra,GOLD,18-24,iOS,F,Paid Ads,Honeymoon
CUST01115,Rohan Patel,09-05-2025,Amritsar,None,45-54,,M,Email Campaign,
CUST01116,Aditya Agarwal,2025/11/03,Hyderabad,None,25-34,,M,App Install,Leisure
CUST01117,Pooja Kumar,24-12-2024,Bengaluru ,Silver,45-54,iOS,F,Social Media,Honeymoon
CUST01118,Aditya Bhat,15-10-2025,Shimla,None,45-54,IOS,M,Email Campaign,
CUST01119,Anjali Bhat,2024/11/11,Rishikesh,Silver,55+,,F,App Install,Leisure
CUST01120,Neha Kumar,2025/03/23,Hyderabad,Gold,18-24,iOS,F,Organic Search,Honeymoon
CUST01121,Deepak Gupta,06-04-2024,Ahmedabad,None,18-24,,M,App Install,
CUST01122,Sanjay Joshi,2026/03/30,Shimla,silver,35-44,,,App Install,
CUST01123,Rahul Joshi,06-04-2025,Darjeeling,none,45-54,android,M,Social Media,
CUST01124,Rajesh Sharma,2023/09/29,Kolkata,Gold,25-34,Android,M,Organic Search,Honeymoon
CUST01125,Deepak Rao,29-03-2026,Agra,Gold,18-24,,M,Referral,Honeymoon
CUST01126,Deepika Singh,2024/01/29,Jaipur,None,18-24,,F,Paid Ads,Solo
CUST01127,Deepika Mehta,17-04-2026,Lucknow,Gold,45-54,IOS,,Referral,Business
CUST01128,Kavita Gupta,2025/04/13,Rishikesh,Platinum,25-34,IOS,F,App Install,
CUST01129,Ananya Agarwal,13-12-2024,Shimla,None,45-54,,,Referral,Business
CUST01130,Ritu Nair,29-01-2024,Rishikesh,Platinum,25-34,,F,Paid Ads,Leisure
CUST01131,Sunita Nair,2023/11/20,Mysuru,None,55+,IOS,F,App Install,Business
CUST01132,Manoj Kapoor,30-05-2025,Shimla,Silver,25-34,,,Paid Ads,Family
CUST01133,Rajesh Verma,2023/10/20,Chennai,None,18-24,,M,Paid Ads,
CUST01134,Kavita Sharma,2024/12/17,Ahmedabad,None,55+,,,Social Media,Family
CUST01135,Isha Iyer,09-04-2024,Amritsar,NA,18-24,Web,F,App Install,Solo
CUST01136,Sunita Bhat,17-07-2025,Amritsar,Silver,,iOS,F,Referral,
CUST01137,Neha Patel,21-03-2024,Shimla,Silver,,,,Email Campaign,
CUST01138,Nikhil Das,26-07-2024,Pune,Silver,,Android,M,Email Campaign,
CUST01139,Amit Singh,24-10-2023,Lucknow,Gold,45-54,,M,Organic Search,
CUST01140,Nikhil Joshi,2026/02/28,Rishikesh,Gold,45-54,,,Organic Search,Solo
CUST01141,Pooja Kapoor,2024/11/13,Lucknow,Silver,,,F,Referral,Business
CUST01142,Nikhil Das,2024/10/21,Goa,Gold,55+,,M,Email Campaign,Family
CUST01143,Shalini Reddy,2024/10/10,Chennai,GOLD,25-34,,,App Install,Solo
CUST01144,Pankaj Joshi,03-04-2024,Hyderabad,Gold,55+,,M,Referral,
CUST01145,Preeti Iyer,21-12-2023,Kochi,Platinum,35-44,,F,Paid Ads,Solo
CUST01146,Rajesh Kumar,05-06-2026,DELHI,Silver,25-34,,M,Referral,
CUST01147,Ravi Chopra,01-10-2023,Manali,None,18-24,Android,,Referral,Family
CUST01148,Ritu Reddy,04-07-2025,Jaipur,Silver,18-24,,F,Organic Search,Business
CUST01149,Ravi Rao,2026/07/13,Mysuru,none,35-44,Web,M,Referral,Family
CUST01150,Vivek Rao,2026/09/05,Kochi,Gold,18-24,,,Organic Search,Honeymoon
CUST01151,Priya Rao,08-01-2025,Udaipur,NA,25-34,,,App Install,
CUST01152,Ravi Joshi,24-10-2023,Hyderabad,None,,,M,Referral,Business
CUST01153,Suresh Rao,2023/12/18,Chennai,Silver,,iOS,M,Referral,
CUST01154,Karan Malhotra,2025/10/22,Benaras,,18-24,IOS,M,Paid Ads,
CUST01155,Sneha Banerjee,2025/04/01,New Delhi ,Gold,45-54,android,F,App Install,Family
CUST01156,Vivek Iyer,15-01-2026,Benaras,Silver,,Android,M,Referral,Solo
CUST01157,Sunita Rao,23-05-2025,bengaluru,None,,Android,F,Email Campaign,Family
CUST01158,Nisha Menon,17-02-2025,Chennai,Silver,,,F,App Install,Leisure
CUST01159,Nisha Iyer,23-05-2025,Chennai,None,55+,,,Email Campaign,
CUST01160,Deepika Chopra,2023/11/05,Shimla,Gold,18-24,,F,Organic Search,
CUST01161,Aditya Patel,2026/06/01,Manali,None,55+,,M,Email Campaign,
CUST01162,Nikhil Das,2025/08/28,MUMBAI,Platinum,25-34,,,App Install,Solo
CUST01163,Kritika Mehta,04-09-2026,Chennai,Silver,55+,IOS,F,Social Media,Family
CUST01164,Kavita Menon,19-10-2023,Amritsar,Platinum,18-24,,F,Social Media,Honeymoon
CUST01165,Neha Joshi,2025/06/07,Rishikesh,None,55+,,,Organic Search,Honeymoon
CUST01166,Suresh Patel,2026/07/06,Goa,Silver,,,M,Paid Ads,Family
CUST01167,Rahul Reddy,08-05-2026,Shimla,silver,35-44,,M,Social Media,Honeymoon
CUST01168,Deepika Banerjee,2026/06/10,Amritsar,Silver,55+,,,Organic Search,Business
CUST01169,Anjali Banerjee,03-08-2024,Shimla,GOLD,25-34,,F,Paid Ads,
CUST01170,Divya Verma,17-06-2024,Darjeeling,Gold,55+,,,Email Campaign,Solo
CUST01171,Karan Iyer,2025/04/04,Hyderabad,Silver,45-54,Web,,Organic Search,Business
CUST01172,Vinay Chopra,2024/10/22,Pune,None,55+,,,Email Campaign,Business
CUST01173,Anjali Sharma,27-01-2025,Shimla,Gold,,android,F,Organic Search,Honeymoon
CUST01174,Isha Gupta,20-04-2026,New Delhi,,45-54,Android,,Paid Ads,Business
CUST01175,Pooja Reddy,13-03-2026,Bengaluru ,None,25-34,,F,Email Campaign,Family
CUST01176,Manoj Kapoor,2025/06/15,Shimla,None,18-24,android,M,App Install,
CUST01177,Vinay Chopra,18-05-2024,kolkata,Silver,45-54,,M,Organic Search,Solo
CUST01178,Vinay Kumar,10-05-2026,Amritsar,None,18-24,,M,Organic Search,Leisure
CUST01179,Vivek Mehta,2026/02/19,Pune,Silver,45-54,,M,Paid Ads,
CUST01180,Manoj Banerjee,2026/08/03,kolkata,Gold,35-44,Android,,Referral,
CUST01181,Aditya Patel,09-01-2025,Darjeeling,Gold,,IOS,M,Paid Ads,Honeymoon
CUST01182,Sneha Sharma,19-03-2024,Varanasi,Silver,25-34,,F,Organic Search,Business
CUST01183,Manoj Banerjee,30-07-2026,mumbai,none,35-44,,M,Paid Ads,Business
CUST01184,Ritu Nair,21-08-2025,Varanasi,platinum,,IOS,F,Email Campaign,
CUST01185,Ananya Reddy,08-08-2025,Rishikesh,None,55+,,,Email Campaign,Honeymoon
CUST01186,Swati Verma,2023/10/20,Bengaluru,None,45-54,android,,Social Media,
CUST01187,Rohan Sharma,02-02-2026,Udaipur,Silver,35-44,Android,M,Social Media,
CUST01188,Suresh Gupta,2025/06/08,Darjeeling,none,35-44,,M,Paid Ads,Solo
CUST01189,Meera Mehta,11-03-2024,Calcutta,None,45-54,,F,Organic Search,
CUST01190,Ashish Agarwal,2024/08/18,Lucknow,None,18-24,,M,Email Campaign,Honeymoon
CUST01191,Ritu Iyer,2024/10/08,Agra,None,45-54,,F,Referral,
CUST01192,Pankaj Kumar,07-03-2026,New Delhi ,Silver,45-54,iOS,M,Paid Ads,
CUST01193,Priya Mehta,01-10-2025,Hyderabad,None,35-44,,F,Referral,Honeymoon
CUST01194,Karan Verma,2026/03/24,Jodhpur,Gold,35-44,,M,Referral,
CUST01195,Kritika Iyer,25-05-2024,Mysuru,Gold,25-34,,,Referral,Honeymoon
CUST01196,Meera Agarwal,2025/07/01,Jodhpur,Silver,,iOS,F,App Install,Business
CUST01197,Deepak Joshi,2025/07/24,Agra,None,55+,Web,M,Email Campaign,
CUST01198,Nisha Singh,30-04-2024,New Delhi ,Silver,45-54,Android,F,Referral,Honeymoon
CUST01199,Rohan Patel,2024/02/15,Jodhpur,silver,45-54,,M,Referral,
CUST01200,Shalini Banerjee,2025/06/28,Agra,Platinum,,,F,Organic Search,
CUST01201,Ravi Patel,2024/06/29,Goa,silver,45-54,,,Email Campaign,Solo
CUST01202,Kavita Verma,10-10-2024,Rishikesh,Platinum,35-44,,,Paid Ads,
CUST01203,Swati Patel,04-03-2025,Udaipur,Gold,55+,,F,Social Media,Honeymoon
CUST01204,Manoj Patel,06-03-2026,Darjeeling,Silver,35-44,,M,Social Media,Solo
CUST01205,Preeti Kumar,2024/07/29,Rishikesh,Silver,35-44,,F,Referral,Leisure
CUST01206,Amit Iyer,2025/10/22,Bengaluru ,Gold,55+,IOS,M,Paid Ads,Business
CUST01207,Nikhil Nair,2024/07/15,Delhi,None,25-34,,M,Social Media,Business
CUST01208,Gaurav Nair,20-10-2024,Darjeeling,Silver,55+,IOS,M,Referral,Family
CUST01209,Anita Rao,2026/03/07,Rishikesh,Silver,45-54,,F,Referral,Solo
CUST01210,Divya Kumar,2024/11/01,Rishikesh,Silver,35-44,IOS,F,Email Campaign,Business
CUST01211,Preeti Banerjee,24-07-2025,Hyderabad,Silver,18-24,,F,Paid Ads,
CUST01212,Anjali Joshi,2024/07/16,Goa,Gold,55+,,F,Referral,
CUST01213,Ashish Agarwal,07-05-2024,Jodhpur,Silver,25-34,,M,Paid Ads,Family
CUST01214,Gaurav Patel,2025/11/20,Kochi,Platinum,25-34,iOS,,Email Campaign,Business
CUST01215,Sneha Sharma,07-06-2024,Goa,None,25-34,,F,Social Media,
CUST01216,Aditya Rao,2025/10/25,Manali,GOLD,35-44,IOS,,Social Media,
CUST01217,Preeti Iyer,04-07-2025,Hyderabad,Platinum,25-34,Web,F,Social Media,Solo
CUST01218,Karan Menon,13-07-2026,Rishikesh,Gold,35-44,,,App Install,Business
CUST01219,Kavita Sharma,05-02-2025,Rishikesh,,55+,iOS,F,App Install,Family
CUST01220,Ananya Iyer,2023/09/21,Manali,Gold,35-44,,F,Organic Search,Leisure
CUST01221,Ravi Gupta,27-02-2026,Lucknow,None,25-34,IOS,M,Social Media,Honeymoon
CUST01222,Nisha Reddy,2023/11/09,DELHI,None,25-34,,F,Social Media,
CUST01223,Ananya Sharma,2026/01/20,New Delhi ,None,18-24,,F,App Install,Family
CUST01224,Deepika Gupta,18-11-2024,Chennai,none,25-34,,F,Organic Search,Solo
CUST01225,Deepika Kumar,29-04-2025,Goa,Silver,18-24,,F,Referral,
CUST01226,Kritika Sharma,2025/07/11,Udaipur,Silver,,,F,Paid Ads,
CUST01227,Sneha Menon,2026/03/31,kolkata,None,35-44,,,Social Media,Family
CUST01228,Anil Bhat,2024/09/26,Pune,Gold,35-44,Web,,Social Media,
CUST01229,Ananya Iyer,06-07-2025,Bengaluru,None,25-34,IOS,F,Social Media,Solo
CUST01230,Nikhil Malhotra,25-05-2025,Darjeeling,none,,,M,Referral,Family
CUST01231,Preeti Rao,2025/08/14,Udaipur,Silver,25-34,Web,F,Organic Search,
CUST01232,Shreya Sharma,30-01-2026,Shimla,Gold,,,F,Email Campaign,
CUST01233,Divya Joshi,2024/11/15,Pune,Platinum,25-34,,F,Email Campaign,
CUST01234,Ritu Agarwal,2026/07/24,varanasi,None,55+,IOS,F,Social Media,
CUST01235,Ravi Bhat,12-01-2025,Ahmedabad,NA,18-24,android,M,App Install,Family
CUST01236,Kritika Banerjee,10-08-2026,Rishikesh,Gold,,,,Social Media,Family
CUST01237,Rohan Menon,10-04-2025,Agra,None,35-44,IOS,,Organic Search,Business
CUST01238,Nisha Gupta,2025/02/26,MUMBAI,None,55+,,F,Paid Ads,Honeymoon
CUST01239,Divya Malhotra,22-05-2024,Manali,Silver,35-44,,F,Referral,Family
CUST01240,Shalini Das,2025/07/11,Manali,None,,,F,Email Campaign,Leisure
CUST01241,Manoj Kumar,20-08-2024,Jaipur,None,25-34,,M,Social Media,Honeymoon
CUST01242,Deepak Bhat,01-06-2025,Rishikesh,None,55+,,M,Social Media,Business
CUST01243,Suresh Reddy,09-04-2026,Kochi,GOLD,55+,Android,M,App Install,Family
CUST01244,Suresh Kapoor,23-05-2024,Chennai,None,25-34,Android,M,Email Campaign,Leisure
CUST01245,Ananya Iyer,30-09-2024,varanasi,None,35-44,,F,Referral,
CUST01246,Deepika Malhotra,2025/09/30,Manali,None,,,F,Organic Search,Honeymoon
CUST01247,Neha Reddy,25-08-2026,Lucknow,Gold,55+,iOS,,Organic Search,Leisure
CUST01248,Amit Nair,17-01-2026,Rishikesh,None,25-34,iOS,,Referral,Family
CUST01249,Suresh Kumar,2024/07/26,Amritsar,Gold,18-24,iOS,M,Email Campaign,
CUST01250,Swati Bhat,12-07-2026,Shimla,None,18-24,Android,F,Organic Search,Family
CUST01251,Neha Rao,2024/05/02,Pune,Platinum,25-34,,,Organic Search,Honeymoon
CUST01252,Priya Iyer,2024/01/21,Manali,None,35-44,,F,Paid Ads,Family
CUST01253,Anita Sharma,02-06-2026,Kolkata,Platinum,25-34,,,App Install,Leisure
CUST01254,Anjali Nair,20-01-2026,Jodhpur,None,55+,Android,F,Paid Ads,Honeymoon
CUST01255,Anil Patel,10-01-2024,Udaipur,Platinum,35-44,Android,M,App Install,Business
CUST01256,Sneha Mehta,2026/09/06,varanasi,None,55+,,F,Paid Ads,Family
CUST01257,Suresh Malhotra,18-04-2024,Mysuru,platinum,35-44,,M,Paid Ads,
CUST01258,Preeti Menon,2024/07/20,Jodhpur,None,55+,,F,Referral,Business
CUST01259,Karan Nair,30-03-2024,Lucknow,Platinum,18-24,,M,App Install,
CUST01260,Sunita Bhat,2024/01/07,Udaipur,None,25-34,,F,Email Campaign,
CUST01261,Nikhil Mehta,2025/08/13,Pune,Silver,25-34,android,M,Organic Search,Honeymoon
CUST01262,Vivek Joshi,2025/03/15,Udaipur,Platinum,,,M,Social Media,Solo
CUST01263,Ravi Bhat,2025/10/22,Benaras,None,35-44,iOS,M,Referral,Business
CUST01264,Swati Malhotra,09-04-2024,Hyderabad,None,,,F,Organic Search,
CUST01265,Vivek Patel,15-07-2025,Rishikesh,Silver,35-44,,,App Install,Solo
CUST01266,Kritika Kapoor,16-07-2026,Udaipur,Platinum,35-44,,F,Organic Search,
CUST01267,Kavita Joshi,13-09-2026,Ahmedabad,Silver,25-34,IOS,,Paid Ads,
CUST01268,Pooja Kumar,2026/05/25,Hyderabad,Platinum,55+,iOS,F,App Install,
CUST01269,Shalini Singh,2026/02/13,MUMBAI,None,,,F,Social Media,Honeymoon
CUST01270,Anita Joshi,25-12-2025,Udaipur,None,55+,,,Social Media,Honeymoon
CUST01271,Vikram Banerjee,01-12-2023,Calcutta,None,25-34,Web,M,Organic Search,Honeymoon
CUST01272,Nikhil Nair,09-03-2026,Pune,Silver,45-54,IOS,M,Social Media,Honeymoon
CUST01273,Nisha Malhotra,19-12-2023,Manali,Silver,45-54,,F,Social Media,Honeymoon
CUST01274,Kritika Iyer,09-04-2026,Manali,silver,45-54,android,,Social Media,Business
CUST01275,Ashish Joshi,2025/11/17,Amritsar,None,45-54,,M,Referral,Family
CUST01276,Anjali Gupta,10-08-2025,Agra,silver,,iOS,F,App Install,
CUST01277,Meera Gupta,2024/09/01,Lucknow,None,18-24,android,F,Organic Search,Business
CUST01278,Nisha Sharma,2023/12/17,Goa,None,18-24,IOS,F,App Install,Honeymoon
CUST01279,Isha Iyer,29-10-2023,Rishikesh,Gold,45-54,,F,Email Campaign,Solo
CUST01280,Anil Verma,2025/04/29,Kochi,None,,android,M,Referral,
CUST01281,Priya Rao,09-10-2024,Amritsar,platinum,25-34,Web,F,Email Campaign,
CUST01282,Meera Kumar,2024/02/05,Ahmedabad,None,25-34,Android,F,Social Media,
CUST01283,Swati Das,18-04-2024,Darjeeling,None,35-44,,,Paid Ads,
CUST01284,Rohan Chopra,30-03-2025,Goa,None,25-34,,,Referral,Family
CUST01285,Amit Gupta,2025/12/30,Pune,None,18-24,,M,Organic Search,
CUST01286,Karan Nair,2024/06/27,Rishikesh,None,55+,Android,M,Paid Ads,Solo
CUST01287,Gaurav Joshi,09-11-2025,DELHI,None,25-34,Android,M,Referral,
CUST01288,Vikram Rao,12-06-2024,Rishikesh,Gold,35-44,iOS,,Organic Search,Honeymoon
CUST01289,Sanjay Chopra,2025/10/01,Agra,,25-34,,,Referral,
CUST01290,Vivek Rao,28-07-2024,Kochi,Platinum,,,M,Organic Search,
CUST01291,Karan Patel,05-06-2026,Goa,Silver,,,M,App Install,
CUST01292,Ananya Gupta,2024/03/01,Benaras,Silver,18-24,,F,App Install,
CUST01293,Isha Patel,30-12-2023,Amritsar,Gold,45-54,,F,Email Campaign,
CUST01294,Shreya Agarwal,27-10-2024,mumbai,Silver,,,,Email Campaign,Honeymoon
CUST01295,Vivek Nair,2023/11/25,Mysuru,Gold,35-44,,,Referral,Honeymoon
CUST01296,Ananya Gupta,2025/10/17,Shimla,Silver,55+,,F,Social Media,Honeymoon
CUST01297,Swati Kapoor,2025/10/17,Pune,None,18-24,,F,Email Campaign,
CUST01298,Sanjay Menon,2023/12/27,Udaipur,platinum,,Web,M,Social Media,Solo
CUST01299,Priya Joshi,29-01-2025,Goa,None,,,F,Paid Ads,Honeymoon
CUST01300,Ashish Das,2024/07/25,Lucknow,Gold,45-54,,,Email Campaign,
CUST01301,Sunita Menon,11-03-2025,Goa,silver,18-24,,,App Install,Solo
CUST01302,Preeti Mehta,2025/07/31,Amritsar,Gold,35-44,Android,,Referral,Leisure
CUST01303,Kritika Das,2024/03/23,New Delhi,NA,25-34,,F,Paid Ads,Family
CUST01304,Ashish Menon,2024/05/29,Pune,Platinum,25-34,Web,M,Email Campaign,Leisure
CUST01305,Nikhil Verma,12-06-2026,Agra,None,18-24,IOS,M,Social Media,
CUST01306,Aditya Malhotra,21-10-2024,Shimla,None,18-24,,,Social Media,
CUST01307,Rajesh Mehta,2024/08/24,Jaipur,Silver,55+,,M,Organic Search,
CUST01308,Sunita Rao,2026/05/13,Kolkata,None,45-54,Web,F,Referral,
CUST01309,Anjali Agarwal,2024/07/28,Pune,none,35-44,IOS,F,Paid Ads,Solo
CUST01310,Suresh Reddy,2024/09/25,Rishikesh,GOLD,45-54,,M,Email Campaign,
CUST01311,Kritika Mehta,2023/11/24,Lucknow,Silver,55+,,,App Install,Family
CUST01312,Ritu Chopra,2024/10/14,kolkata,Silver,45-54,,,Paid Ads,Leisure
CUST01313,Vikram Reddy,05-11-2023,Darjeeling,None,25-34,,M,Paid Ads,Family
CUST01314,Suresh Singh,19-11-2023,Agra,None,55+,,,Email Campaign,Family
CUST01315,Rohan Bhat,2024/04/26,Rishikesh,Silver,35-44,,,Paid Ads,Business
CUST01316,Kritika Mehta,01-11-2025,Rishikesh,Gold,,Android,,Paid Ads,Family
CUST01317,Arjun Malhotra,2024/06/27,Pune,Gold,18-24,,M,Referral,
CUST01318,Ravi Mehta,2026/03/12,Goa,Platinum,45-54,,,App Install,
CUST01319,Shalini Malhotra,2026/09/06,Jaipur,None,45-54,,,Referral,Leisure
CUST01320,Deepika Nair,01-04-2026,Amritsar,Platinum,18-24,IOS,F,Organic Search,Family
CUST01321,Gaurav Chopra,2025/10/14,Darjeeling,None,,,,Social Media,
CUST01322,Vivek Kapoor,15-02-2026,Mysuru,Platinum,18-24,,M,Organic Search,Solo
CUST01323,Vivek Patel,2024/11/10,Delhi,Silver,55+,Android,M,App Install,Family
CUST01324,Ananya Kumar,20-11-2023,Agra,silver,18-24,Web,,Paid Ads,Honeymoon
CUST01325,Rajesh Agarwal,2025/02/12,Goa,None,18-24,Android,,Referral,Honeymoon
CUST01326,Shalini Reddy,05-08-2024,Manali,Silver,18-24,,F,App Install,
CUST01327,Nikhil Singh,2023/12/11,Pune,Gold,18-24,,,App Install,
CUST01328,Shreya Banerjee,11-01-2024,Jodhpur,Platinum,18-24,IOS,,Social Media,Leisure
CUST01329,Deepak Kumar,2025/12/29,kolkata,None,45-54,Android,M,Social Media,
CUST01330,Rajesh Reddy,2026/04/21,Manali,NA,25-34,android,M,Email Campaign,Solo
CUST01331,Vinay Joshi,2024/08/26,Jaipur,Silver,,,M,Referral,
CUST01332,Anita Kumar,06-12-2024,Manali,None,18-24,,F,Email Campaign,Solo
CUST01333,Shalini Joshi,26-02-2025,Udaipur,Silver,25-34,,F,Paid Ads,
CUST01334,Vikram Das,02-09-2025,Ahmedabad,GOLD,55+,,,Social Media,Business
CUST01335,Anil Banerjee,2025/05/20,Pune,None,55+,,M,Organic Search,Honeymoon
CUST01336,Kavita Verma,03-07-2026,Lucknow,Gold,,,F,Paid Ads,Business
CUST01337,Anita Agarwal,13-06-2026,Goa,Gold,45-54,,F,Organic Search,Honeymoon
CUST01338,Anjali Kapoor,28-08-2024,Manali,Platinum,25-34,,F,Paid Ads,Solo
CUST01339,Priya Bhat,23-04-2026,varanasi,None,25-34,Web,F,Social Media,
CUST01340,Swati Patel,05-11-2024,Benaras,None,18-24,,F,Referral,Family
CUST01341,Shalini Kumar,2024/12/18,Bengaluru ,Platinum,35-44,,F,Organic Search,Honeymoon
CUST01342,Kavita Das,24-10-2023,Mysuru,Gold,45-54,,F,Email Campaign,Solo
CUST01343,Rohan Menon,2026/01/05,Kochi,None,35-44,iOS,M,App Install,
CUST01344,Vikram Kapoor,2023/09/27,DELHI,Silver,,,M,Social Media,Leisure
CUST01345,Vikram Bhat,2026/05/28,Udaipur,None,35-44,,M,App Install,
CUST01346,Priya Verma,2026/05/01,Kochi,Silver,18-24,Web,F,Email Campaign,Family
CUST01347,Neha Singh,08-12-2024,Jaipur,Platinum,45-54,IOS,F,Email Campaign,Business
CUST01348,Ravi Menon,20-08-2026,Jodhpur,NA,18-24,,M,App Install,Business
CUST01349,Ritu Rao,01-12-2024,Ahmedabad,NA,25-34,,,Email Campaign,Family
CUST01350,Ananya Kumar,17-05-2025,Lucknow,None,35-44,,F,App Install,Honeymoon
CUST01351,Deepak Malhotra,17-03-2025,Goa,None,55+,IOS,,Referral,
CUST01352,Amit Malhotra,2024/01/30,Ahmedabad,Gold,35-44,,M,Paid Ads,Honeymoon
CUST01353,Ashish Agarwal,12-09-2024,delhi,silver,45-54,android,,Paid Ads,Leisure
CUST01354,Anil Das,2024/08/27,Pune,None,45-54,android,,App Install,
CUST01355,Shreya Das,2024/02/20,kolkata,Gold,45-54,,F,Paid Ads,
CUST01356,Shreya Singh,2024/10/09,Jodhpur,None,18-24,,,Organic Search,Business
CUST01357,Shreya Gupta,2026/09/15,Pune,,45-54,iOS,F,Organic Search,Leisure
CUST01358,Sneha Kapoor,2024/02/13,MUMBAI,Silver,35-44,,F,Paid Ads,
CUST01359,Preeti Gupta,21-04-2025,Lucknow,Silver,,Android,,Referral,
CUST01360,Rajesh Bhat,03-09-2025,Amritsar,Gold,35-44,,M,Organic Search,
CUST01361,Deepika Gupta,31-08-2025,Jodhpur,Platinum,55+,,F,Organic Search,Family
CUST01362,Deepika Das,05-02-2025,Amritsar,Gold,55+,,F,Referral,Honeymoon
CUST01363,Ashish Rao,09-07-2024,Amritsar,None,25-34,Web,M,Paid Ads,
CUST01364,Anita Kumar,07-04-2025,Manali,silver,35-44,,F,Social Media,Business
CUST01365,Deepika Banerjee,17-02-2026,Kochi,None,25-34,,F,App Install,Solo
CUST01366,Sunita Rao,2026/04/16,Kochi,None,55+,,F,App Install,
CUST01367,Vivek Menon,2025/09/17,Ahmedabad,Gold,55+,,M,Paid Ads,Solo
CUST01368,Vikram Mehta,26-06-2026,Jodhpur,Silver,25-34,,M,Referral,Family
CUST01369,Rajesh Iyer,2025/11/15,Amritsar,None,18-24,,,Paid Ads,
CUST01370,Ananya Rao,02-01-2026,Chennai,platinum,45-54,,,Organic Search,Solo
CUST01371,Vivek Rao,2025/07/07,Jodhpur,None,18-24,iOS,M,Paid Ads,Family
CUST01372,Divya Verma,05-12-2023,kolkata,None,55+,Android,F,Email Campaign,
CUST01373,Preeti Menon,25-01-2025,Darjeeling,None,25-34,,F,Paid Ads,Family
CUST01374,Aditya Das,2024/05/28,Hyderabad,None,18-24,,,App Install,Family
CUST01375,Ashish Chopra,02-06-2024,Hyderabad,None,55+,iOS,M,Organic Search,Honeymoon
CUST01376,Ritu Verma,13-06-2026,Lucknow,Gold,25-34,,F,Paid Ads,
CUST01377,Pooja Kapoor,09-08-2025,Benaras,Platinum,25-34,,,Organic Search,Honeymoon
CUST01378,Anil Singh,2024/11/29,Pune,Silver,45-54,,M,Paid Ads,
CUST01379,Ashish Bhat,29-04-2025,Udaipur,,25-34,,M,Social Media,Honeymoon
CUST01380,Kritika Das,2025/10/02,Manali,Gold,35-44,,F,Email Campaign,Business
CUST01381,Shreya Sharma,2024/02/21,Shimla,Gold,35-44,android,F,App Install,Honeymoon
CUST01382,Ashish Chopra,2025/12/13,Jaipur,Platinum,55+,,M,Social Media,Honeymoon
CUST01383,Karan Agarwal,11-03-2025,Jodhpur,None,55+,Android,,Email Campaign,
CUST01384,Rajesh Nair,26-09-2023,Udaipur,Silver,,,M,App Install,Leisure
CUST01385,Meera Joshi,19-11-2025,Rishikesh,Silver,,iOS,F,Paid Ads,
CUST01386,Amit Joshi,28-05-2025,Bengaluru ,None,,android,,Referral,
CUST01387,Neha Bhat,2025/07/10,DELHI,None,45-54,,F,Organic Search,Solo
CUST01388,Ashish Iyer,2024/01/05,Chennai,Gold,25-34,,,Referral,Honeymoon
CUST01389,Aditya Agarwal,05-04-2024,Lucknow,None,25-34,,M,Organic Search,
CUST01390,Vinay Agarwal,2023/11/18,Goa,Silver,45-54,,M,Email Campaign,Honeymoon
CUST01391,Deepika Banerjee,29-09-2023,Goa,None,45-54,,F,Social Media,Leisure
CUST01392,Kavita Singh,31-07-2024,Agra,None,55+,IOS,,Paid Ads,Solo
CUST01393,Kritika Singh,14-02-2024,Hyderabad,NA,55+,Android,F,Organic Search,Business
CUST01394,Arjun Reddy,07-12-2024,Shimla,Silver,55+,Web,,Email Campaign,Business
CUST01395,Rajesh Patel,06-12-2025,Udaipur,Silver,35-44,,M,Organic Search,Business
CUST01396,Vivek Chopra,02-01-2025,Agra,,35-44,iOS,M,Email Campaign,
CUST01397,Pankaj Nair,20-01-2025,Amritsar,Platinum,45-54,android,,App Install,
CUST01398,Arjun Joshi,2025/12/26,Bengaluru ,Gold,55+,Android,M,Email Campaign,
CUST01399,Sunita Das,02-09-2025,Bangalore,silver,,Android,,Referral,
CUST01400,Meera Agarwal,2024/12/11,Lucknow,None,25-34,,,Paid Ads,Solo
CUST01401,Ashish Rao,2024/02/25,bengaluru,Silver,25-34,,M,Social Media,Honeymoon
CUST01402,Anjali Nair,01-01-2024,Lucknow,Gold,35-44,,F,Email Campaign,Family
CUST01403,Sneha Iyer,2025/05/17,Chennai,None,45-54,Web,,Email Campaign,Family
CUST01404,Amit Reddy,10-04-2025,DELHI,Gold,18-24,Web,,Organic Search,
CUST01405,Priya Joshi,2025/04/24,Calcutta,None,18-24,Web,,Email Campaign,Honeymoon
CUST01406,Rajesh Patel,30-08-2025,Jaipur,Platinum,,IOS,,Social Media,
CUST01407,Deepak Das,12-11-2025,Rishikesh,Platinum,35-44,,M,Referral,Family
CUST01408,Deepak Das,10-10-2024,Udaipur,Gold,45-54,,,Organic Search,Business
CUST01409,Kavita Das,2025/08/27,Lucknow,Gold,25-34,,F,App Install,Family
CUST01410,Rajesh Chopra,03-03-2024,Jodhpur,Platinum,55+,Android,,Email Campaign,Family
CUST01411,Arjun Reddy,15-10-2024,Darjeeling,None,,,M,Email Campaign,Family
CUST01412,Anita Reddy,2026/02/11,Mysuru,Silver,,,F,Social Media,
CUST01413,Karan Iyer,13-10-2023,Calcutta,None,18-24,,,Paid Ads,Solo
CUST01414,Vinay Mehta,15-09-2024,Varanasi,None,,android,M,Email Campaign,
CUST01415,Divya Kapoor,2026/04/27,Benaras,Silver,35-44,,F,Email Campaign,
CUST01416,Swati Verma,2026/06/16,Hyderabad,Platinum,25-34,,,Paid Ads,
CUST01417,Vikram Reddy,2025/11/22,Jodhpur,Gold,45-54,,M,Organic Search,Honeymoon
CUST01418,Pooja Bhat,10-03-2025,Lucknow,None,25-34,,F,Paid Ads,Leisure
CUST01419,Sunita Chopra,2024/02/24,Udaipur,None,45-54,,,Paid Ads,Solo
CUST01420,Neha Iyer,2026/02/05,Mysuru,None,25-34,,F,App Install,Family
CUST01421,Rohan Das,30-09-2025,DELHI,None,45-54,,M,App Install,
CUST01422,Shreya Bhat,2026/03/30,Lucknow,Gold,45-54,,F,Paid Ads,
CUST01423,Shreya Joshi,2024/12/01,Chennai,Silver,35-44,,F,Paid Ads,Solo
CUST01424,Anita Chopra,2025/06/03,Amritsar,silver,18-24,android,F,Paid Ads,
CUST01425,Vinay Singh,2024/02/21,Pune,Gold,18-24,IOS,,App Install,Family
CUST01426,Kritika Reddy,04-05-2024,Amritsar,Silver,18-24,,F,Paid Ads,
CUST01427,Meera Agarwal,10-08-2026,Darjeeling,None,35-44,,F,Paid Ads,
CUST01428,Divya Nair,2025/11/23,Hyderabad,none,,,F,Email Campaign,Business
CUST01429,Gaurav Chopra,10-03-2026,Manali,Silver,35-44,,M,Email Campaign,
CUST01430,Pankaj Agarwal,2025/03/05,Jaipur,None,,,M,Paid Ads,
CUST01431,Rajesh Singh,13-08-2024,Darjeeling,Silver,35-44,Web,,Paid Ads,Family
CUST01432,Shreya Reddy,10-06-2024,Shimla,platinum,45-54,,F,App Install,Family
CUST01433,Sanjay Mehta,2026/04/01,Rishikesh,None,18-24,,,Social Media,Leisure
CUST01434,Priya Patel,2025/07/28,Mysuru,Gold,25-34,,F,Paid Ads,Leisure
CUST01435,Nikhil Reddy,2025/01/14,Kochi,None,25-34,,,Paid Ads,
CUST01436,Vinay Nair,31-08-2024,Chennai,None,45-54,Web,M,Referral,
CUST01437,Ananya Kapoor,30-10-2023,Shimla,Silver,,IOS,F,Email Campaign,Solo
CUST01438,Arjun Mehta,22-09-2024,Udaipur,Silver,25-34,Web,M,Email Campaign,Business
CUST01439,Shreya Bhat,30-11-2025,Kochi,Gold,55+,,F,Organic Search,Family
CUST01440,Isha Joshi,07-05-2026,Hyderabad,silver,35-44,,,App Install,Family
CUST01441,Rajesh Iyer,2024/11/22,Lucknow,Gold,35-44,android,M,Social Media,Honeymoon
CUST01442,Gaurav Malhotra,2025/04/16,Amritsar,Silver,18-24,,,Paid Ads,
CUST01443,Anjali Menon,2024/04/17,Manali,silver,,,,Referral,Leisure
CUST01444,Anjali Nair,2026/05/31,Bombay,Gold,55+,,,Organic Search,
CUST01445,Vinay Das,2024/02/23,Shimla,Silver,45-54,Android,M,Social Media,
CUST01446,Meera Reddy,10-09-2025,Hyderabad,Silver,25-34,,F,Email Campaign,Family
CUST01447,Shreya Mehta,2026/05/20,delhi,Silver,45-54,,F,Email Campaign,Leisure
CUST01448,Arjun Singh,2025/03/10,Hyderabad,Platinum,25-34,,M,Social Media,Business
CUST01449,Meera Verma,2026/09/01,Ahmedabad,NA,25-34,,,Organic Search,
CUST01450,Shreya Kumar,2024/10/07,kolkata,Platinum,35-44,,,Referral,Family
CUST01451,Anita Joshi,18-03-2026,Rishikesh,silver,,Web,F,Social Media,Family
CUST01452,Karan Patel,23-08-2025,DELHI,GOLD,25-34,,M,Paid Ads,Honeymoon
CUST01453,Pooja Reddy,04-04-2024,Darjeeling,Gold,18-24,,F,Email Campaign,Family
CUST01454,Shreya Nair,2026/01/04,Shimla,Gold,25-34,,F,Social Media,
CUST01455,Neha Malhotra,2026/05/25,Manali,NA,55+,Android,F,Organic Search,
CUST01456,Shalini Iyer,2024/09/09,Kochi,Gold,55+,,F,Organic Search,
CUST01457,Deepak Sharma,2025/01/23,Udaipur,None,25-34,iOS,,Referral,Business
CUST01458,Kavita Joshi,07-02-2024,Mysuru,Platinum,45-54,iOS,F,Paid Ads,
CUST01459,Ashish Agarwal,2025/07/23,Ahmedabad,None,,,M,App Install,Family
CUST01460,Anita Rao,14-02-2026,Jaipur,None,45-54,,F,App Install,
CUST01461,Sunita Kapoor,2025/10/09,Amritsar,Silver,45-54,Web,F,Organic Search,
CUST01462,Nisha Singh,2026/04/09,Goa,None,35-44,,,Email Campaign,
CUST01463,Priya Malhotra,15-04-2024,DELHI,Gold,,iOS,,Social Media,Honeymoon
CUST01464,Swati Patel,17-09-2024,Lucknow,GOLD,35-44,,,Social Media,
CUST01465,Nikhil Das,2026/05/23,DELHI,none,55+,android,M,Email Campaign,Business
CUST01466,Nikhil Patel,31-08-2026,Pune,none,25-34,IOS,M,Organic Search,Solo
CUST01467,Sanjay Sharma,2025/08/06,Shimla,None,35-44,,,Paid Ads,
CUST01468,Ravi Banerjee,2024/03/24,Agra,None,55+,,,Paid Ads,Family
CUST01469,Pankaj Mehta,17-05-2024,Goa,None,35-44,,M,Paid Ads,Family
CUST01470,Anjali Rao,23-11-2025,Ahmedabad,Silver,,IOS,F,Paid Ads,
CUST01471,Karan Rao,29-10-2025,Hyderabad,None,35-44,,,Email Campaign,Solo
CUST01472,Rajesh Iyer,27-05-2025,Darjeeling,Silver,45-54,iOS,M,Email Campaign,Business
CUST01473,Amit Menon,28-11-2025,Manali,Platinum,,Android,M,Paid Ads,
CUST01474,Pooja Das,14-01-2026,Amritsar,Gold,18-24,,F,Referral,
CUST01475,Ashish Rao,2025/01/13,Lucknow,Platinum,45-54,IOS,M,Paid Ads,
CUST01476,Kritika Das,2025/05/01,Jodhpur,Silver,45-54,Android,,Email Campaign,Family
CUST01477,Ananya Kapoor,2026/07/07,Jaipur,silver,25-34,Web,F,Paid Ads,Solo
CUST01478,Anil Kumar,2024/02/14,Pune,silver,45-54,Android,M,Email Campaign,
CUST01479,Nisha Bhat,2026/01/01,Udaipur,Gold,18-24,,F,Paid Ads,Solo
CUST01480,Amit Agarwal,09-02-2024,Pune,Silver,55+,Android,M,Paid Ads,Family
CUST01481,Kavita Verma,2025/02/13,Amritsar,None,18-24,,F,App Install,Honeymoon
CUST01482,Ananya Kumar,29-10-2024,Jaipur,Silver,35-44,iOS,F,Social Media,
CUST01483,Manoj Malhotra,2023/12/20,Manali,None,18-24,,,App Install,Solo
CUST01484,Divya Sharma,2026/07/31,Darjeeling,None,35-44,Web,F,Email Campaign,Business
CUST01485,Shalini Malhotra,2024/07/06,Amritsar,None,45-54,,,Paid Ads,Leisure
CUST01486,Meera Singh,12-11-2024,Benaras,Silver,45-54,,,Paid Ads,Solo
CUST01487,Gaurav Bhat,2025/07/26,Kochi,silver,,IOS,M,Social Media,
CUST01488,Isha Gupta,08-09-2025,Manali,None,,android,F,Paid Ads,
CUST01489,Arjun Patel,03-08-2024,Lucknow,silver,45-54,,M,Referral,Honeymoon
CUST01490,Manoj Singh,2023/11/06,Chennai,None,18-24,Web,M,Email Campaign,Honeymoon
CUST01491,Vikram Mehta,2025/03/01,Jodhpur,Silver,18-24,iOS,,App Install,Solo
CUST01492,Shalini Agarwal,06-05-2024,MUMBAI,None,35-44,Android,F,App Install,Solo
CUST01493,Ashish Kumar,2025/08/22,Delhi,Platinum,55+,Android,M,Referral,
CUST01494,Shreya Das,31-01-2025,Jaipur,Gold,55+,,,App Install,
CUST01495,Nikhil Gupta,24-01-2026,Udaipur,None,35-44,,M,App Install,Honeymoon
CUST01496,Pooja Kumar,2024/02/04,Rishikesh,Platinum,55+,,F,Paid Ads,Business
CUST01497,Anjali Agarwal,2025/12/14,Goa,none,18-24,,,Social Media,Business
CUST01498,Deepak Banerjee,01-03-2025,DELHI,Silver,25-34,,M,Referral,Honeymoon
CUST01499,Suresh Nair,17-04-2026,Rishikesh,platinum,,,M,Organic Search,Leisure
CUST01500,Rohan Das,13-02-2024,MUMBAI,Gold,,,M,Referral,Business
CUST01501,Preeti Gupta,2024/01/04,Lucknow,Silver,35-44,,F,Referral,
CUST01502,Manoj Bhat,2024/01/26,Rishikesh,None,18-24,Android,M,Referral,Leisure
CUST01503,Preeti Joshi,07-02-2026,Pune,None,,,,Social Media,
CUST01504,Divya Verma,2026/08/03,Jodhpur,platinum,35-44,android,,Email Campaign,Solo
CUST01505,Rahul Mehta,27-04-2024,Goa,None,35-44,,M,Social Media,Business
CUST01506,Ananya Banerjee,2026/04/25,Kochi,Silver,45-54,android,F,Social Media,Business
CUST01507,Gaurav Patel,2024/09/21,mumbai,Gold,18-24,android,M,App Install,Leisure
CUST01508,Ravi Rao,06-05-2026,Kochi,None,35-44,,M,App Install,
CUST01509,Meera Patel,2026/09/05,Shimla,silver,25-34,,F,Social Media,Business
CUST01510,Shreya Iyer,28-08-2024,Udaipur,None,18-24,android,,Email Campaign,Solo
CUST01511,Arjun Rao,01-06-2024,Goa,Silver,25-34,,,Paid Ads,
CUST01512,Isha Sharma,2024/08/12,Delhi,None,25-34,Web,F,Email Campaign,
CUST01513,Deepika Malhotra,26-09-2024,Benaras,Gold,45-54,,F,Social Media,
CUST01514,Neha Bhat,30-10-2025,Bengaluru,Platinum,25-34,,F,Paid Ads,Honeymoon
CUST01515,Aditya Kapoor,05-01-2026,Udaipur,None,35-44,,M,Email Campaign,
CUST01516,Ritu Kumar,2025/01/13,Darjeeling,silver,45-54,,F,Referral,Honeymoon
CUST01517,Nisha Menon,21-04-2025,Calcutta,None,18-24,,,Paid Ads,Honeymoon
CUST01518,Karan Gupta,14-04-2025,Varanasi,Gold,,,M,Referral,
CUST01519,Anjali Chopra,2026/08/22,Goa,platinum,25-34,android,,App Install,
CUST01520,Anita Rao,06-11-2025,Udaipur,GOLD,,android,F,App Install,Solo
CUST01521,Meera Iyer,17-09-2023,varanasi,None,45-54,,F,Paid Ads,Leisure
CUST01522,Suresh Kumar,05-04-2024,Rishikesh,None,,,M,Organic Search,Business
CUST01523,Vinay Joshi,20-03-2025,Goa,None,45-54,,M,Paid Ads,
CUST01524,Manoj Mehta,08-02-2024,Ahmedabad,Gold,35-44,Web,M,Organic Search,Honeymoon
CUST01525,Suresh Rao,01-09-2024,bengaluru,Silver,35-44,,M,Paid Ads,
CUST01526,Ananya Banerjee,2024/12/21,Hyderabad,None,35-44,iOS,F,Organic Search,Family
CUST01527,Kritika Rao,2024/07/14,Ahmedabad,none,18-24,,F,Social Media,Honeymoon
CUST01528,Preeti Bhat,26-06-2024,Udaipur,Platinum,35-44,iOS,,Paid Ads,Solo
CUST01529,Ashish Banerjee,23-03-2026,Manali,Platinum,45-54,,M,Social Media,Family
CUST01530,Sunita Singh,2025/06/15,MUMBAI,Silver,,Android,F,Email Campaign,Business
CUST01531,Amit Gupta,2023/11/04,Shimla,NA,25-34,IOS,M,Referral,Family
CUST01532,Manoj Agarwal,2023/11/12,Jaipur,GOLD,25-34,Android,,Social Media,Business
CUST01533,Rohan Bhat,2024/04/21,Goa,Gold,55+,,M,Organic Search,
CUST01534,Arjun Chopra,2025/01/10,Goa,None,35-44,,M,Email Campaign,
CUST01535,Deepak Nair,09-06-2026,Lucknow,Platinum,45-54,,M,App Install,
CUST01536,Nisha Banerjee,2024/07/28,varanasi,Silver,55+,Android,F,App Install,Honeymoon
CUST01537,Ritu Mehta,2026/09/10,Kochi,silver,55+,,F,Referral,Solo
CUST01538,Nisha Kapoor,2025/08/20,Lucknow,Silver,35-44,,F,Paid Ads,Solo
CUST01539,Ashish Kapoor,2024/06/18,Pune,None,35-44,IOS,M,Organic Search,Business
CUST01540,Anil Menon,19-08-2024,Darjeeling,silver,55+,,M,Social Media,Business
CUST01541,Aditya Kumar,26-07-2025,Hyderabad,None,55+,,M,Email Campaign,
CUST01542,Ravi Patel,27-01-2026,Lucknow,Silver,45-54,,M,Social Media,Solo
CUST01543,Nikhil Joshi,2026/01/17,Jodhpur,None,35-44,,,Paid Ads,
CUST01544,Vivek Reddy,13-12-2024,Mumbai,Platinum,,,M,Organic Search,
CUST01545,Nisha Kumar,05-05-2024,Darjeeling,None,25-34,,F,Social Media,Family
CUST01546,Ritu Gupta,2025/09/07,Jaipur,None,55+,,F,Paid Ads,
CUST01547,Rohan Gupta,2024/08/07,Kochi,None,35-44,iOS,M,Organic Search,Solo
CUST01548,Aditya Reddy,2025/01/25,Manali,None,18-24,IOS,M,App Install,
CUST01549,Vikram Singh,2025/08/28,New Delhi ,,35-44,,M,Email Campaign,
CUST01550,Vikram Kapoor,31-08-2025,Agra,Gold,55+,,M,Paid Ads,
CUST01551,Rohan Das,2026/08/16,Amritsar,Platinum,55+,Android,M,App Install,Solo
CUST01552,Sunita Gupta,2026/05/12,Lucknow,NA,35-44,,F,Organic Search,
CUST01553,Ravi Singh,2025/06/05,Manali,Platinum,45-54,iOS,,Organic Search,Solo
CUST01554,Shalini Joshi,04-01-2024,Pune,None,,,F,Referral,Business
CUST01555,Rajesh Gupta,05-10-2023,Rishikesh,Gold,55+,,M,App Install,
CUST01556,Deepika Malhotra,2024/03/09,Calcutta,platinum,18-24,Web,,Email Campaign,Leisure
CUST01557,Aditya Rao,2025/03/23,Lucknow,Silver,,,M,Referral,
CUST01558,Isha Agarwal,2026/08/11,Darjeeling,Silver,25-34,,F,Paid Ads,Leisure
CUST01559,Vivek Iyer,2024/02/10,MUMBAI,None,25-34,,,Email Campaign,Business
CUST01560,Manoj Iyer,21-04-2026,Pune,GOLD,,Web,M,Email Campaign,
CUST01561,Aditya Reddy,2024/03/24,Pune,Gold,,iOS,M,Social Media,Honeymoon
CUST01562,Meera Kumar,16-04-2025,Darjeeling,None,,Web,,Referral,Honeymoon
CUST01563,Aditya Bhat,2024/11/01,Mysuru,Gold,35-44,iOS,M,App Install,Business
CUST01564,Deepika Menon,2025/03/03,Goa,None,45-54,,F,Organic Search,Solo
CUST01565,Nisha Gupta,2026/02/02,Darjeeling,none,18-24,,F,Paid Ads,Business
CUST01566,Pooja Sharma,2026/02/06,Pune,Silver,55+,IOS,F,Referral,Leisure
CUST01567,Vikram Iyer,2024/07/16,Amritsar,None,45-54,,,App Install,
CUST01568,Isha Sharma,19-06-2025,Kochi,none,55+,,,Social Media,Honeymoon
CUST01569,Priya Agarwal,2026/07/09,Pune,none,18-24,IOS,F,App Install,Solo
CUST01570,Shalini Verma,21-10-2023,Amritsar,None,25-34,android,F,Paid Ads,Honeymoon
CUST01571,Meera Gupta,2024/03/19,delhi,None,,,F,Organic Search,
CUST01572,Pooja Joshi,27-04-2024,Mysuru,Silver,,IOS,F,Email Campaign,Business
CUST01573,Nikhil Sharma,11-06-2024,Shimla,Silver,55+,Web,,Referral,Honeymoon
CUST01574,Vivek Kapoor,08-12-2023,Hyderabad,None,35-44,,,Referral,Honeymoon
CUST01575,Pankaj Agarwal,2024/03/01,Shimla,None,45-54,,M,Organic Search,
CUST01576,Vinay Verma,2025/03/30,varanasi,Platinum,35-44,iOS,,Referral,Solo
CUST01577,Gaurav Malhotra,15-11-2025,Delhi,None,45-54,,,Paid Ads,Honeymoon
CUST01578,Amit Agarwal,2025/08/20,Pune,Platinum,45-54,iOS,M,Referral,
CUST01579,Ravi Verma,20-11-2025,Rishikesh,None,25-34,Android,M,Social Media,Honeymoon
CUST01580,Meera Bhat,2023/11/05,Jaipur,Silver,35-44,android,,Organic Search,
CUST01581,Isha Das,2023/11/14,Bengaluru ,None,35-44,,F,Email Campaign,Business
CUST01582,Preeti Verma,2025/12/22,Pune,Gold,55+,iOS,F,Email Campaign,
CUST01583,Nikhil Singh,15-12-2025,Bengaluru,None,,Android,M,Paid Ads,Business
CUST01584,Sunita Gupta,2026/04/14,Udaipur,Gold,18-24,,,Referral,Business
CUST01585,Isha Joshi,15-05-2026,Kochi,Silver,,,F,Paid Ads,Leisure
CUST01586,Priya Malhotra,2024/10/25,Shimla,Silver,35-44,,F,Organic Search,Business
CUST01587,Priya Sharma,03-11-2023,varanasi,Silver,18-24,Web,F,Email Campaign,
CUST01588,Suresh Agarwal,2025/04/26,Kochi,None,,,M,Paid Ads,Leisure
CUST01589,Arjun Bhat,2026/06/11,Agra,None,55+,,M,App Install,Family
CUST01590,Anjali Rao,04-06-2026,Amritsar,None,25-34,,F,Referral,
CUST01591,Ravi Menon,03-12-2025,Darjeeling,None,25-34,,M,Email Campaign,Leisure
CUST01592,Sneha Agarwal,11-06-2024,Jaipur,GOLD,18-24,,,Paid Ads,
CUST01593,Shreya Gupta,2025/05/01,Agra,Silver,,,F,Referral,Business
CUST01594,Ritu Rao,2024/09/20,Kochi,None,,Android,F,Email Campaign,Honeymoon
CUST01595,Gaurav Mehta,2025/01/06,Jaipur,None,35-44,iOS,M,Email Campaign,Honeymoon
CUST01596,Pankaj Malhotra,15-06-2026,New Delhi ,None,35-44,,M,Referral,Business
CUST01597,Vikram Kapoor,25-02-2025,Goa,Gold,,,M,Social Media,
CUST01598,Gaurav Menon,14-04-2024,Lucknow,None,35-44,,M,App Install,
CUST01599,Pooja Agarwal,03-01-2026,Rishikesh,Platinum,45-54,Web,,App Install,Business
CUST01600,Gaurav Sharma,27-09-2024,Hyderabad,NA,25-34,,M,Paid Ads,Solo
CUST01601,Amit Mehta,29-03-2024,Manali,Silver,35-44,,,Paid Ads,Honeymoon
CUST01602,Aditya Iyer,2024/03/09,Udaipur,None,35-44,,M,Email Campaign,Family
CUST01603,Anjali Chopra,20-01-2024,Jodhpur,Gold,18-24,,,Social Media,Family
CUST01604,Rajesh Banerjee,04-11-2023,Mysuru,Gold,55+,Web,M,Email Campaign,
CUST01605,Divya Mehta,2025/09/04,Goa,Silver,55+,,F,Paid Ads,
CUST01606,Deepika Singh,16-06-2024,Ahmedabad,None,45-54,,,Organic Search,Solo
CUST01607,Vinay Patel,03-05-2024,Shimla,silver,18-24,IOS,M,Referral,
CUST01608,Pankaj Iyer,13-05-2025,Shimla,Silver,35-44,,M,Social Media,
CUST01609,Gaurav Joshi,2024/06/24,Ahmedabad,none,25-34,Android,M,Paid Ads,Leisure
CUST01610,Pooja Banerjee,2026/07/13,Udaipur,Platinum,,,,Paid Ads,Family
CUST01611,Suresh Malhotra,31-07-2026,Hyderabad,Silver,35-44,,M,Organic Search,Honeymoon
CUST01612,Vivek Mehta,23-10-2025,Rishikesh,Silver,25-34,Android,M,App Install,
CUST01613,Deepak Chopra,2024/11/07,Bangalore,Silver,18-24,,,Social Media,Business
CUST01614,Kavita Rao,2024/01/05,varanasi,None,45-54,,F,Email Campaign,Business
CUST01615,Rohan Sharma,14-06-2026,Kochi,Platinum,45-54,,M,Paid Ads,
CUST01616,Anjali Banerjee,2025/02/03,Bengaluru ,Silver,18-24,iOS,,Organic Search,Honeymoon
CUST01617,Vinay Joshi,05-05-2025,Rishikesh,Silver,,Web,,Email Campaign,Family
CUST01618,Anita Malhotra,07-02-2026,Ahmedabad,Platinum,18-24,,F,Social Media,Solo
CUST01619,Anil Rao,07-02-2025,Udaipur,Silver,25-34,,M,Organic Search,Solo
CUST01620,Deepak Joshi,26-01-2024,Varanasi,Gold,35-44,,M,App Install,
CUST01621,Vinay Malhotra,12-07-2025,Chennai,None,45-54,Android,M,Organic Search,Leisure
CUST01622,Vinay Patel,2025/03/30,Jodhpur,Silver,55+,IOS,M,Paid Ads,
CUST01623,Deepika Das,2025/02/07,Chennai,None,35-44,iOS,F,Social Media,Honeymoon
CUST01624,Preeti Chopra,09-08-2024,Ahmedabad,Gold,55+,,F,Email Campaign,Leisure
CUST01625,Manoj Kapoor,2025/07/10,kolkata,silver,25-34,,M,Paid Ads,Family
CUST01626,Gaurav Das,06-11-2024,Lucknow,Silver,25-34,,M,Referral,Leisure
CUST01627,Aditya Gupta,2024/10/20,Chennai,Gold,45-54,,M,Paid Ads,
CUST01628,Kavita Mehta,29-09-2023,Calcutta,none,,,F,Organic Search,Solo
CUST01629,Ritu Malhotra,26-08-2025,Jodhpur,Platinum,35-44,,F,Email Campaign,
CUST01630,Nisha Patel,21-09-2023,Manali,None,,,F,Referral,
CUST01631,Ashish Kapoor,2024/01/30,Amritsar,silver,,Web,M,Social Media,
CUST01632,Vinay Kumar,2024/03/14,Shimla,platinum,18-24,,M,Organic Search,
CUST01633,Vivek Bhat,29-12-2023,Jodhpur,None,55+,IOS,M,Email Campaign,Honeymoon
CUST01634,Priya Malhotra,01-09-2026,Kochi,Silver,55+,,F,Referral,Solo
CUST01635,Meera Nair,27-08-2025,Rishikesh,Platinum,45-54,,F,Paid Ads,Leisure
CUST01636,Arjun Rao,18-09-2024,Ahmedabad,Platinum,,,M,Social Media,Solo
CUST01637,Vikram Gupta,2026/08/13,Rishikesh,None,45-54,,M,Referral,
CUST01638,Vivek Malhotra,2024/12/15,Hyderabad,Silver,,,M,Email Campaign,Leisure
CUST01639,Swati Singh,01-12-2023,Kochi,None,,,,Email Campaign,Business
CUST01640,Preeti Malhotra,28-10-2025,Kochi,silver,25-34,android,,Referral,
CUST01641,Pankaj Iyer,2024/04/01,Shimla,Platinum,25-34,Android,M,Email Campaign,Honeymoon
CUST01642,Shalini Verma,2024/07/24,Agra,Silver,45-54,android,F,Organic Search,
CUST01643,Neha Kumar,2026/08/25,Shimla,NA,,,,App Install,Business
CUST01644,Preeti Reddy,12-06-2025,Rishikesh,silver,18-24,android,F,Paid Ads,
CUST01645,Rahul Nair,26-02-2026,Hyderabad,Silver,45-54,iOS,M,Referral,Business
CUST01646,Nikhil Rao,15-02-2024,Manali,Platinum,,,M,App Install,Solo
CUST01647,Sneha Verma,14-05-2024,Darjeeling,Silver,35-44,Android,F,Referral,Business
CUST01648,Kritika Reddy,12-04-2024,Hyderabad,None,45-54,,F,Referral,Business
CUST01649,Sneha Verma,2024/09/05,Manali,Silver,,,F,Paid Ads,Honeymoon
CUST01650,Vivek Gupta,2024/12/13,Darjeeling,none,,,M,Social Media,Leisure
CUST01651,Kavita Verma,21-12-2025,Kolkata,None,25-34,,F,Social Media,Solo
CUST01652,Pankaj Sharma,07-06-2026,Agra,,45-54,,M,Social Media,Family
CUST01653,Swati Agarwal,2026/07/26,Goa,Gold,35-44,,,Paid Ads,Honeymoon
CUST01654,Rahul Kapoor,26-04-2026,Ahmedabad,None,,,M,Email Campaign,
CUST01655,Anita Nair,13-04-2025,Ahmedabad,Silver,35-44,iOS,,Paid Ads,
CUST01656,Neha Kapoor,28-07-2025,Rishikesh,,35-44,,F,Organic Search,Solo
CUST01657,Ananya Singh,12-06-2024,Varanasi,None,18-24,,,Organic Search,Business
CUST01658,Meera Nair,09-09-2024,Lucknow,None,,android,,Organic Search,Solo
CUST01659,Vikram Menon,2024/11/11,Kochi,None,18-24,Web,M,Social Media,Leisure
CUST01660,Priya Iyer,2026/08/08,Manali,None,25-34,,,Email Campaign,Family
CUST01661,Sneha Reddy,2025/03/20,Rishikesh,Silver,,,F,App Install,
CUST01662,Karan Reddy,02-09-2025,Lucknow,none,,,M,Paid Ads,Solo
CUST01663,Vivek Kumar,2025/06/21,varanasi,None,25-34,,M,Referral,
CUST01664,Gaurav Singh,2024/11/02,delhi,Silver,18-24,,,Social Media,Solo
CUST01665,Rajesh Banerjee,17-04-2026,Ahmedabad,Gold,35-44,IOS,M,Organic Search,
CUST01666,Neha Rao,2024/11/28,Amritsar,None,45-54,Web,,Referral,
CUST01667,Anita Reddy,14-04-2026,Goa,Silver,25-34,,,Organic Search,
CUST01668,Sneha Patel,27-01-2025,MUMBAI,None,55+,,F,Email Campaign,
CUST01669,Suresh Das,2024/06/26,Manali,Silver,55+,,M,Referral,Business
CUST01670,Arjun Bhat,2026/06/16,Jaipur,Silver,18-24,IOS,M,Paid Ads,
CUST01671,Rajesh Das,10-04-2024,Manali,GOLD,25-34,,M,Referral,Honeymoon
CUST01672,Arjun Iyer,09-03-2024,Amritsar,Platinum,,,M,App Install,Business
CUST01673,Sneha Sharma,2025/10/24,Rishikesh,,25-34,,,Organic Search,
CUST01674,Vikram Reddy,16-03-2024,Darjeeling,Platinum,55+,,M,Organic Search,
CUST01675,Pankaj Reddy,2025/03/15,mumbai,None,35-44,,M,Social Media,Business
CUST01676,Rohan Verma,2025/01/19,Shimla,None,18-24,Android,,App Install,Leisure
CUST01677,Ananya Kapoor,2024/11/06,Hyderabad,silver,55+,IOS,,App Install,Solo
CUST01678,Isha Malhotra,2025/05/24,Hyderabad,Silver,,,,Organic Search,
CUST01679,Ananya Menon,15-12-2025,Jodhpur,Gold,25-34,,,App Install,Solo
CUST01680,Ritu Chopra,12-12-2024,Mysuru,Gold,18-24,,F,Organic Search,Family
CUST01681,Sunita Verma,2024/10/05,Mysuru,Silver,18-24,,,App Install,
CUST01682,Ravi Rao,2024/11/29,Goa,platinum,18-24,android,M,Organic Search,Honeymoon
CUST01683,Preeti Joshi,2026/07/29,Kochi,silver,45-54,,F,Organic Search,Honeymoon
CUST01684,Kavita Bhat,2026/02/02,Hyderabad,Gold,18-24,,F,Referral,Family
CUST01685,Divya Menon,2026/07/19,Jaipur,None,55+,Android,,Social Media,
CUST01686,Arjun Gupta,27-08-2026,Goa,Gold,55+,,,Referral,Business
CUST01687,Nikhil Sharma,23-10-2023,Manali,Silver,18-24,android,M,Social Media,
CUST01688,Nikhil Agarwal,16-10-2023,Agra,None,,,,Referral,
CUST01689,Ashish Joshi,2024/05/27,Jodhpur,none,35-44,,,App Install,Leisure
CUST01690,Divya Verma,08-07-2026,Lucknow,Gold,18-24,,F,Paid Ads,Family
CUST01691,Ritu Joshi,2026/04/28,Pune,None,45-54,android,F,Organic Search,Leisure
CUST01692,Rohan Agarwal,15-01-2026,mumbai,Silver,25-34,,M,Referral,Solo
CUST01693,Rahul Mehta,29-08-2026,Pune,None,35-44,IOS,,Social Media,
CUST01694,Karan Malhotra,17-04-2024,Goa,Silver,45-54,,M,Paid Ads,Business
CUST01695,Shreya Iyer,2026/04/23,Rishikesh,None,35-44,android,F,Email Campaign,Business
CUST01696,Vivek Banerjee,2024/09/22,Hyderabad,Platinum,45-54,,M,Organic Search,
CUST01697,Manoj Verma,2024/05/14,Rishikesh,Silver,18-24,android,,Email Campaign,Leisure
CUST01698,Deepika Malhotra,2023/09/29,Mysuru,Silver,,,F,Organic Search,Solo
CUST01699,Ravi Menon,2025/11/22,Pune,None,18-24,,M,App Install,Family
CUST01700,Aditya Chopra,23-09-2024,New Delhi ,None,45-54,,M,Paid Ads,Family
CUST01701,Neha Joshi,2026/05/25,kolkata,None,45-54,iOS,F,Referral,Honeymoon
CUST01702,Deepak Gupta,22-02-2026,Pune,Silver,18-24,,M,Referral,Honeymoon
CUST01703,Aditya Kumar,28-07-2024,Amritsar,GOLD,25-34,,M,Organic Search,
CUST01704,Suresh Kapoor,25-09-2023,Chennai,Silver,35-44,android,,Email Campaign,Solo
CUST01705,Pankaj Patel,03-07-2026,Ahmedabad,platinum,18-24,IOS,M,Referral,Business
CUST01706,Ravi Chopra,2026/06/06,Amritsar,Gold,45-54,,M,App Install,Family
CUST01707,Suresh Sharma,2025/09/06,Bombay,Silver,18-24,,M,Referral,Leisure
CUST01708,Ashish Iyer,30-03-2025,Mysuru,Platinum,55+,,M,Email Campaign,Solo
CUST01709,Sneha Kapoor,2024/02/12,Udaipur,None,45-54,,F,Social Media,
CUST01710,Meera Verma,2025/10/19,Benaras,None,25-34,,,Referral,Honeymoon
CUST01711,Vinay Nair,2025/08/05,MUMBAI,none,18-24,Android,M,Organic Search,Business
CUST01712,Karan Kumar,2025/10/28,Bengaluru,platinum,45-54,,M,Email Campaign,Leisure
CUST01713,Neha Nair,2024/02/22,Rishikesh,Gold,45-54,iOS,F,Organic Search,Business
CUST01714,Anjali Reddy,2024/07/22,Bangalore,None,25-34,IOS,F,App Install,Solo
CUST01715,Aditya Menon,2024/12/27,Bangalore,Silver,18-24,,M,Referral,Business
CUST01716,Rajesh Sharma,04-08-2026,Chennai,Gold,45-54,android,M,Organic Search,Business
CUST01717,Sanjay Menon,26-11-2024,Amritsar,Gold,35-44,,M,Paid Ads,
CUST01718,Kavita Bhat,2023/12/27,Kochi,Silver,25-34,Web,,Referral,
CUST01719,Isha Nair,2023/12/26,Mysuru,None,25-34,,F,App Install,
CUST01720,Nikhil Sharma,12-11-2025,Kolkata,Gold,,,,Organic Search,Honeymoon
CUST01721,Isha Sharma,2025/02/18,Benaras,Silver,45-54,,F,Paid Ads,Business
CUST01722,Ritu Kapoor,20-01-2026,mumbai,None,18-24,,F,Organic Search,Business
CUST01723,Amit Singh,2026/08/02,Lucknow,None,18-24,,M,Email Campaign,Business
CUST01724,Sunita Sharma,2025/09/26,Chennai,None,,,F,Social Media,
CUST01725,Ananya Sharma,2025/08/15,DELHI,Platinum,55+,,F,Email Campaign,Business
CUST01726,Ritu Singh,2026/04/11,Delhi,GOLD,35-44,,,Paid Ads,
CUST01727,Sanjay Rao,13-09-2026,Rishikesh,None,25-34,,M,Social Media,Honeymoon
CUST01728,Rahul Patel,2025/07/02,Udaipur,None,55+,,,Email Campaign,Honeymoon
CUST01729,Ritu Iyer,15-04-2024,mumbai,GOLD,,,F,Referral,
CUST01730,Vivek Mehta,29-11-2025,Amritsar,Silver,25-34,,M,Referral,Solo
CUST01731,Meera Chopra,28-06-2026,Bengaluru,None,,Android,F,App Install,
CUST01732,Nikhil Chopra,15-02-2025,Kochi,Gold,25-34,android,M,App Install,Honeymoon
CUST01733,Kritika Malhotra,16-12-2025,Amritsar,Silver,18-24,android,F,Paid Ads,Solo
CUST01734,Ashish Singh,23-05-2024,Delhi,None,55+,Web,M,Email Campaign,Leisure
CUST01735,Arjun Kumar,11-05-2024,Jaipur,Silver,45-54,Web,M,Referral,Solo
CUST01736,Vikram Verma,2023/10/03,Mysuru,Silver,35-44,,M,App Install,
CUST01737,Vinay Patel,2023/10/02,Mysuru,Silver,25-34,android,,Email Campaign,Family
CUST01738,Nikhil Joshi,2026/02/09,Ahmedabad,None,45-54,,,Social Media,Honeymoon
CUST01739,Anjali Mehta,02-07-2025,Darjeeling,Silver,55+,,,Paid Ads,Solo
CUST01740,Kavita Banerjee,04-05-2025,Goa,Gold,18-24,iOS,F,Social Media,
CUST01741,Anjali Gupta,2024/06/20,Bengaluru,None,18-24,Android,F,Email Campaign,Family
CUST01742,Arjun Kumar,15-12-2025,Goa,None,,,M,Referral,Business
CUST01743,Vikram Iyer,2024/01/26,Udaipur,Silver,,Web,M,Referral,
CUST01744,Kritika Kumar,13-09-2024,Amritsar,None,,,,Paid Ads,Business
CUST01745,Ravi Banerjee,2025/08/22,Goa,None,18-24,,M,Social Media,Honeymoon
CUST01746,Nisha Bhat,2025/07/31,Pune,None,,,,Referral,
CUST01747,Ravi Patel,2025/06/12,Bengaluru,Silver,35-44,,M,Paid Ads,Leisure
CUST01748,Pankaj Mehta,25-12-2025,bengaluru,platinum,35-44,,M,Paid Ads,Leisure
CUST01749,Deepika Patel,20-12-2023,New Delhi ,None,,android,F,Paid Ads,
CUST01750,Swati Malhotra,2024/06/13,Udaipur,Silver,25-34,,,Email Campaign,
CUST01751,Deepak Sharma,20-12-2025,Udaipur,None,,,,Referral,Leisure
CUST01752,Rajesh Malhotra,20-04-2025,Shimla,None,18-24,,M,Paid Ads,Honeymoon
CUST01753,Deepak Reddy,21-06-2026,Goa,Silver,55+,,,Organic Search,
CUST01754,Ashish Agarwal,20-10-2025,Chennai,Platinum,,,M,Social Media,Business
CUST01755,Sneha Iyer,18-06-2025,Jaipur,,,Android,F,Email Campaign,Business
CUST01756,Ravi Reddy,2023/12/08,Jodhpur,Silver,25-34,,,Organic Search,
CUST01757,Rajesh Bhat,2025/05/28,Shimla,Silver,,,,Email Campaign,
CUST01758,Neha Rao,2025/04/17,Varanasi,GOLD,18-24,Web,F,App Install,Honeymoon
CUST01759,Vinay Sharma,01-08-2024,Lucknow,Platinum,55+,Web,M,Email Campaign,Solo
CUST01760,Shreya Singh,2024/10/24,Shimla,Platinum,35-44,,F,Organic Search,
CUST01761,Neha Banerjee,2025/02/28,Lucknow,Silver,,,F,App Install,Honeymoon
CUST01762,Ashish Rao,02-11-2023,Rishikesh,,35-44,Web,M,App Install,
CUST01763,Manoj Joshi,13-06-2024,Pune,Gold,25-34,,M,App Install,
CUST01764,Sunita Banerjee,27-09-2023,Chennai,None,,Android,,Email Campaign,Family
CUST01765,Deepak Kapoor,18-09-2023,Bombay,Platinum,25-34,Web,M,App Install,Family
CUST01766,Karan Verma,2023/11/09,Lucknow,Gold,55+,IOS,M,Paid Ads,Honeymoon
CUST01767,Pooja Das,2023/10/21,Jodhpur,Silver,55+,,F,Referral,
CUST01768,Kritika Singh,23-12-2025,Rishikesh,None,18-24,,F,Paid Ads,Solo
CUST01769,Vivek Kumar,2024/11/05,Pune,platinum,,IOS,,Organic Search,
CUST01770,Shalini Das,16-12-2024,mumbai,GOLD,,android,F,Paid Ads,Family
CUST01771,Amit Gupta,2025/09/07,Rishikesh,None,25-34,,,Social Media,
CUST01772,Nisha Reddy,2024/04/17,bengaluru,Silver,25-34,,F,Social Media,
CUST01773,Rahul Singh,04-10-2025,Bengaluru ,Silver,45-54,android,M,Referral,
CUST01774,Vikram Menon,16-08-2026,varanasi,Silver,18-24,iOS,,App Install,
CUST01775,Rahul Nair,2024/01/15,kolkata,Silver,55+,,M,Social Media,Solo
CUST01776,Nisha Bhat,2024/07/29,varanasi,None,25-34,,F,Organic Search,Leisure
CUST01777,Anil Verma,2025/09/19,Rishikesh,None,35-44,,M,Social Media,Honeymoon
CUST01778,Sneha Sharma,2025/04/14,MUMBAI,None,45-54,,F,Organic Search,
CUST01779,Priya Chopra,19-12-2024,Chennai,Silver,18-24,IOS,F,Organic Search,
CUST01780,Anil Sharma,02-05-2026,Amritsar,Platinum,18-24,,M,Paid Ads,Leisure
CUST01781,Pooja Kapoor,2025/03/03,Manali,None,18-24,IOS,F,Email Campaign,
CUST01782,Vivek Nair,2024/04/12,Rishikesh,Gold,55+,iOS,M,Email Campaign,
CUST01783,Gaurav Verma,2025/10/08,Rishikesh,Platinum,25-34,,M,Paid Ads,
CUST01784,Sanjay Patel,2026/08/18,varanasi,Silver,35-44,,,Organic Search,
CUST01785,Arjun Menon,01-08-2025,Jodhpur,Gold,35-44,,,Email Campaign,Family
CUST01786,Pankaj Nair,2025/06/10,kolkata,None,55+,Android,M,Social Media,
CUST01787,Deepika Joshi,12-03-2026,Agra,silver,,,F,Organic Search,
CUST01788,Deepika Banerjee,2026/05/08,Ahmedabad,None,35-44,iOS,F,Referral,Solo
CUST01789,Kavita Singh,2026/09/03,Mysuru,None,25-34,,F,Paid Ads,Solo
CUST01790,Preeti Verma,30-06-2026,Hyderabad,GOLD,45-54,android,F,Social Media,
CUST01791,Shreya Chopra,2026/02/27,Bengaluru,Silver,55+,,F,Email Campaign,Leisure
CUST01792,Priya Nair,04-03-2026,Mysuru,Gold,45-54,,F,Social Media,Solo
CUST01793,Swati Banerjee,02-02-2025,Jaipur,None,55+,,F,Paid Ads,Family
CUST01794,Priya Chopra,26-10-2025,Shimla,Platinum,45-54,IOS,F,Paid Ads,Solo
CUST01795,Gaurav Banerjee,2023/09/26,Bangalore,None,35-44,,M,Email Campaign,Leisure
CUST01796,Aditya Banerjee,2026/01/02,Ahmedabad,None,55+,,M,App Install,Solo
CUST01797,Isha Sharma,2026/08/16,Pune,none,18-24,,F,App Install,Family
CUST01798,Anjali Malhotra,03-01-2024,Ahmedabad,None,,Web,F,Email Campaign,Family
CUST01799,Vikram Bhat,19-02-2026,Chennai,None,,,M,Referral,
CUST01800,Sneha Gupta,10-03-2024,Darjeeling,Gold,35-44,,F,Email Campaign,
CUST01801,Arjun Singh,27-12-2025,Agra,none,35-44,,,App Install,Leisure
CUST01802,Karan Agarwal,2025/07/31,Calcutta,None,35-44,,M,App Install,Leisure
CUST01803,Ritu Banerjee,2024/11/09,kolkata,Silver,55+,Android,F,Social Media,Business
CUST01804,Swati Menon,10-11-2025,Pune,Silver,35-44,,F,Referral,Family
CUST01805,Ananya Mehta,19-10-2024,Mysuru,Silver,45-54,,F,Referral,Honeymoon
CUST01806,Rahul Joshi,21-07-2025,DELHI,silver,45-54,,M,Paid Ads,
CUST01807,Nisha Menon,14-04-2025,Darjeeling,NA,35-44,IOS,F,Referral,
CUST01808,Ravi Iyer,2025/10/01,Ahmedabad,,45-54,IOS,M,Organic Search,Solo
CUST01809,Anjali Nair,2024/06/17,Amritsar,None,18-24,Android,F,App Install,
CUST01810,Arjun Reddy,28-02-2024,Benaras,Silver,55+,,M,Referral,Leisure
CUST01811,Neha Joshi,28-01-2024,Jaipur,GOLD,55+,Android,F,Organic Search,
CUST01812,Vikram Kapoor,2024/09/02,Bombay,None,35-44,Android,M,Email Campaign,Solo
CUST01813,Shalini Gupta,2023/09/19,Mysuru,None,18-24,,F,App Install,Business
CUST01814,Sanjay Joshi,14-11-2023,Jodhpur,None,,,,App Install,Business
CUST01815,Pankaj Bhat,17-02-2024,Bengaluru,Gold,35-44,,,Social Media,Honeymoon
CUST01816,Ashish Agarwal,2026/07/29,Hyderabad,Silver,45-54,,,Email Campaign,
CUST01817,Shreya Gupta,08-09-2024,Shimla,,35-44,,F,Social Media,Leisure
CUST01818,Amit Patel,2023/11/28,Delhi,None,18-24,IOS,M,Social Media,Family
CUST01819,Sanjay Joshi,12-09-2025,Mysuru,Gold,35-44,iOS,M,Email Campaign,Family
CUST01820,Suresh Iyer,2026/02/03,Mysuru,Gold,45-54,iOS,M,Email Campaign,Solo
CUST01821,Preeti Patel,2025/12/13,Bengaluru,None,45-54,android,F,Organic Search,Honeymoon
CUST01822,Ananya Malhotra,30-08-2025,Bangalore,Platinum,,,F,Referral,Business
CUST01823,Vikram Mehta,2025/02/09,Kochi,None,18-24,,,App Install,Business
CUST01824,Arjun Kumar,2024/07/08,Jaipur,,,,,Referral,
CUST01825,Sanjay Rao,2026/09/10,Shimla,Gold,,iOS,M,App Install,
CUST01826,Ravi Menon,24-12-2024,Manali,None,18-24,,M,Paid Ads,Solo
CUST01827,Priya Agarwal,2024/11/23,kolkata,Silver,35-44,IOS,F,Paid Ads,Leisure
CUST01828,Sunita Singh,01-11-2025,MUMBAI,None,,,F,Paid Ads,Business
CUST01829,Gaurav Chopra,2024/02/24,Lucknow,Platinum,25-34,IOS,M,Organic Search,Leisure
CUST01830,Shalini Chopra,2025/08/05,Kochi,GOLD,18-24,,F,Email Campaign,
CUST01831,Ananya Rao,2024/09/15,Lucknow,silver,45-54,Android,F,Referral,
CUST01832,Anjali Kumar,29-01-2024,Rishikesh,,45-54,Web,F,Organic Search,Honeymoon
CUST01833,Deepak Sharma,08-03-2025,Mysuru,Silver,35-44,,M,Paid Ads,Leisure
CUST01834,Pooja Singh,21-07-2024,Hyderabad,,45-54,,F,Social Media,
CUST01835,Ananya Mehta,2026/01/10,Goa,None,55+,Web,F,Email Campaign,Family
CUST01836,Rajesh Sharma,2025/11/15,Chennai,None,25-34,,M,Referral,Honeymoon
CUST01837,Sanjay Verma,2024/06/09,Pune,Silver,45-54,iOS,M,Organic Search,Business
CUST01838,Swati Menon,21-11-2024,Kochi,None,,android,F,Email Campaign,Solo
CUST01839,Shreya Kumar,2026/03/17,bengaluru,Gold,35-44,Web,,Referral,
CUST01840,Divya Chopra,27-04-2026,Kochi,Silver,35-44,IOS,,App Install,Business
CUST01841,Karan Singh,09-01-2025,Jaipur,Silver,55+,,M,Social Media,
CUST01842,Pooja Gupta,18-02-2025,Kochi,Silver,18-24,,,Paid Ads,Business
CUST01843,Shalini Sharma,14-01-2026,Hyderabad,Silver,45-54,Web,F,Paid Ads,Leisure
CUST01844,Shreya Malhotra,08-12-2023,Delhi,None,45-54,,F,Paid Ads,
CUST01845,Anita Iyer,2025/04/15,Jaipur,,35-44,android,F,Social Media,
CUST01846,Kritika Singh,05-08-2024,kolkata,None,25-34,android,F,Social Media,Solo
CUST01847,Sanjay Agarwal,08-03-2025,bengaluru,Silver,35-44,,,Paid Ads,Business
CUST01848,Nikhil Joshi,2025/04/04,Amritsar,GOLD,45-54,,,App Install,Solo
CUST01849,Pooja Kapoor,2025/01/15,Darjeeling,none,,,F,Social Media,Honeymoon
CUST01850,Sneha Mehta,2024/11/30,Shimla,NA,55+,,F,Paid Ads,
CUST01851,Sneha Banerjee,18-02-2026,Delhi,Silver,35-44,iOS,F,Organic Search,Honeymoon
CUST01852,Gaurav Iyer,2026/05/26,Rishikesh,Silver,25-34,,M,Email Campaign,Business
CUST01853,Sunita Rao,2024/02/29,Amritsar,Silver,18-24,iOS,,Email Campaign,Leisure
CUST01854,Swati Das,2025/01/04,Rishikesh,Silver,,Web,F,Referral,Honeymoon
CUST01855,Neha Joshi,27-09-2025,Amritsar,Silver,,,F,Social Media,Family
CUST01856,Nikhil Reddy,2025/04/13,Agra,silver,18-24,,M,Email Campaign,Business
CUST01857,Sneha Reddy,2025/01/04,Kochi,silver,,android,F,Email Campaign,Solo
CUST01858,Deepak Verma,2026/07/19,Amritsar,Gold,,,M,Email Campaign,Family
CUST01859,Nikhil Gupta,21-05-2024,Rishikesh,Platinum,55+,,M,Email Campaign,
CUST01860,Preeti Agarwal,2026/04/10,Mysuru,platinum,,Android,F,Paid Ads,Family
CUST01861,Nikhil Banerjee,2023/10/09,Kochi,silver,,Android,M,Social Media,Honeymoon
CUST01862,Rohan Iyer,2026/02/08,Rishikesh,Gold,45-54,iOS,,Social Media,Solo
CUST01863,Kritika Sharma,2024/05/22,Kochi,Silver,,Android,F,App Install,
CUST01864,Manoj Kapoor,2025/01/12,Agra,NA,35-44,,M,Paid Ads,
CUST01865,Suresh Reddy,26-01-2024,Manali,None,18-24,,,Referral,Business
CUST01866,Ashish Iyer,28-09-2025,Shimla,Platinum,45-54,IOS,M,Email Campaign,Solo
CUST01867,Priya Joshi,23-04-2024,Kolkata,,,Android,F,Paid Ads,
CUST01868,Preeti Das,08-02-2026,Mysuru,None,35-44,,F,Referral,Solo
CUST01869,Neha Malhotra,23-08-2024,Lucknow,None,35-44,,F,Referral,
CUST01870,Gaurav Nair,2026/04/04,Jodhpur,None,25-34,android,M,Email Campaign,
CUST01871,Swati Kumar,18-02-2024,Amritsar,Gold,35-44,,F,Organic Search,Leisure
CUST01872,Isha Reddy,2025/01/20,Hyderabad,None,45-54,,,Social Media,Business
CUST01873,Preeti Menon,2024/07/13,Lucknow,None,45-54,Android,F,Organic Search,
CUST01874,Deepika Rao,12-05-2025,Jaipur,None,55+,android,F,Paid Ads,Family
CUST01875,Aditya Bhat,12-09-2026,Lucknow,Silver,18-24,iOS,M,Paid Ads,Business
CUST01876,Anita Agarwal,2026/07/14,Mysuru,Silver,,android,F,Paid Ads,Family
CUST01877,Pooja Das,2024/09/07,Pune,None,55+,,F,Email Campaign,Honeymoon
CUST01878,Deepak Reddy,2026/05/08,Ahmedabad,Gold,25-34,android,M,Paid Ads,
CUST01879,Rohan Das,2025/04/13,Varanasi,Silver,35-44,,,App Install,Solo
CUST01880,Anita Kumar,15-10-2023,Darjeeling,Platinum,45-54,iOS,F,Paid Ads,
CUST01881,Deepika Menon,08-08-2025,Goa,None,18-24,android,,Referral,
CUST01882,Ravi Das,31-10-2025,Udaipur,Gold,35-44,,M,App Install,Business
CUST01883,Aditya Agarwal,2024/02/18,Mysuru,None,18-24,Web,M,Organic Search,Leisure
CUST01884,Deepak Das,17-09-2024,Jodhpur,None,25-34,IOS,M,Organic Search,
CUST01885,Shalini Nair,14-12-2023,Kolkata,None,25-34,Web,,App Install,Business
CUST01886,Priya Reddy,23-04-2025,Udaipur,None,18-24,iOS,F,App Install,
CUST01887,Neha Rao,11-10-2025,Udaipur,None,25-34,IOS,F,App Install,Family
CUST01888,Rahul Banerjee,08-02-2025,mumbai,Platinum,18-24,,M,Paid Ads,Leisure
CUST01889,Neha Rao,01-09-2024,Pune,Silver,55+,iOS,,Social Media,Family
CUST01890,Deepak Banerjee,18-02-2025,Agra,,,Web,M,Email Campaign,Solo
CUST01891,Vivek Rao,11-08-2024,Goa,None,18-24,,M,Social Media,Honeymoon
CUST01892,Gaurav Joshi,2024/11/12,Kochi,Silver,55+,,M,Email Campaign,Solo
CUST01893,Ravi Sharma,2025/06/20,Varanasi,None,45-54,,M,App Install,Family
CUST01894,Priya Chopra,20-12-2023,Udaipur,None,35-44,iOS,,Email Campaign,Family
CUST01895,Shreya Bhat,01-05-2026,Shimla,Silver,55+,IOS,F,Organic Search,Family
CUST01896,Ravi Bhat,02-09-2026,Jodhpur,None,25-34,,M,Email Campaign,Business
CUST01897,Shreya Malhotra,18-05-2025,Jodhpur,Silver,,,F,Social Media,Business
CUST01898,Gaurav Chopra,14-01-2024,Goa,NA,,,M,Paid Ads,
CUST01899,Pooja Patel,10-09-2026,Darjeeling,Gold,45-54,,,Email Campaign,
CUST01900,Ravi Banerjee,03-02-2025,Darjeeling,Silver,35-44,iOS,,Social Media,Family
CUST01901,Deepika Gupta,2026/09/12,Goa,None,45-54,Android,,Referral,
CUST01902,Kritika Chopra,31-10-2025,mumbai,None,,,,Organic Search,Honeymoon
CUST01903,Ashish Das,15-05-2025,Delhi,Silver,18-24,,M,Social Media,Family
CUST01904,Anita Gupta,15-02-2025,Udaipur,None,,Web,,Referral,Solo
CUST01905,Sunita Nair,19-06-2024,Kochi,Silver,25-34,,F,Social Media,Solo
CUST01906,Priya Gupta,2023/12/29,Shimla,Silver,18-24,Web,F,Referral,Family
CUST01907,Pooja Verma,2026/07/05,Mysuru,None,55+,,F,Paid Ads,Honeymoon
CUST01908,Shreya Chopra,2025/05/18,Amritsar,None,,,F,App Install,
CUST01909,Arjun Nair,2025/03/18,Chennai,None,,,M,Social Media,
CUST01910,Swati Malhotra,2025/03/14,New Delhi,Silver,45-54,,F,Referral,Family
CUST01911,Preeti Patel,12-04-2025,Hyderabad,none,45-54,,,App Install,Business
CUST01912,Rahul Gupta,2023/11/17,Kochi,Gold,55+,,M,Social Media,Family
CUST01913,Arjun Das,2025/03/29,Hyderabad,Platinum,55+,,,Paid Ads,
CUST01914,Pankaj Verma,09-01-2025,Chennai,Silver,18-24,,M,Organic Search,Solo
CUST01915,Pooja Kumar,18-01-2026,Rishikesh,None,25-34,,F,Paid Ads,Honeymoon
CUST01916,Kritika Menon,26-08-2025,Shimla,None,,IOS,,Referral,Business
CUST01917,Ananya Mehta,2025/01/21,Jaipur,None,25-34,,F,Referral,Leisure
CUST01918,Vivek Patel,08-03-2026,Pune,None,45-54,,M,Organic Search,Solo
CUST01919,Sanjay Gupta,2025/11/03,Udaipur,Gold,18-24,,,Referral,Honeymoon
CUST01920,Ritu Bhat,27-11-2023,Manali,Gold,25-34,Web,F,App Install,
CUST01921,Arjun Nair,10-11-2023,Lucknow,Silver,25-34,,M,Referral,
CUST01922,Neha Verma,2026/08/17,mumbai,None,35-44,,F,App Install,Family
CUST01923,Shalini Gupta,10-11-2023,Manali,Silver,35-44,android,,Social Media,Business
CUST01924,Anjali Nair,2025/02/23,Pune,GOLD,,,F,Email Campaign,
CUST01925,Shreya Iyer,2025/03/28,Shimla,Silver,55+,,,Organic Search,Honeymoon
CUST01926,Vivek Menon,30-07-2025,Udaipur,GOLD,,,,Organic Search,
CUST01927,Preeti Das,2025/08/16,Ahmedabad,Silver,18-24,Web,F,Organic Search,Honeymoon
CUST01928,Preeti Nair,18-07-2025,Udaipur,None,,iOS,F,Paid Ads,Honeymoon
CUST01929,Pooja Nair,02-02-2026,Jaipur,Silver,45-54,,F,Email Campaign,Business
CUST01930,Swati Iyer,11-03-2026,Ahmedabad,Silver,55+,,F,App Install,Honeymoon
CUST01931,Rahul Sharma,13-07-2026,Benaras,Platinum,55+,,M,Paid Ads,Solo
CUST01932,Kavita Mehta,2026/02/25,Manali,None,35-44,Android,F,Email Campaign,Leisure
CUST01933,Swati Mehta,2025/01/21,Darjeeling,Gold,18-24,Android,F,Email Campaign,
CUST01934,Nikhil Nair,29-04-2026,Hyderabad,Silver,,,M,Organic Search,Business
CUST01935,Vivek Kumar,02-10-2024,Darjeeling,Silver,45-54,iOS,,App Install,Solo
CUST01936,Sneha Kumar,03-06-2026,Mysuru,Silver,25-34,Android,F,Social Media,Family
CUST01937,Deepika Rao,06-10-2025,Manali,NA,55+,android,,Referral,Leisure
CUST01938,Shalini Agarwal,04-09-2026,Darjeeling,Gold,18-24,,F,Paid Ads,Family
CUST01939,Sunita Joshi,2024/12/30,Rishikesh,Silver,25-34,Android,F,Paid Ads,Solo
CUST01940,Shalini Sharma,2024/04/01,Udaipur,None,45-54,,F,Email Campaign,Leisure
CUST01941,Neha Nair,27-11-2023,Goa,None,25-34,,F,Referral,
CUST01942,Anil Kapoor,15-02-2024,Jodhpur,None,55+,,M,Paid Ads,Honeymoon
CUST01943,Isha Rao,2025/08/10,Goa,None,18-24,iOS,,App Install,Honeymoon
CUST01944,Gaurav Verma,2023/10/04,Jodhpur,Gold,,,M,Organic Search,Business
CUST01945,Vivek Gupta,2025/02/13,Lucknow,Gold,25-34,,M,Organic Search,Business
CUST01946,Vinay Kumar,2026/05/01,MUMBAI,None,18-24,,,Referral,Honeymoon
CUST01947,Manoj Bhat,2026/08/13,Jaipur,Silver,25-34,iOS,M,Social Media,Business
CUST01948,Arjun Kapoor,30-03-2024,delhi,Silver,18-24,Web,M,App Install,
CUST01949,Meera Chopra,2026/07/03,Agra,Platinum,55+,,,Referral,Solo
CUST01950,Deepak Banerjee,29-06-2026,kolkata,Silver,18-24,,M,Email Campaign,Leisure
CUST01951,Divya Nair,24-05-2024,Hyderabad,None,55+,iOS,,Social Media,Leisure
CUST01952,Ananya Malhotra,20-08-2025,Jodhpur,None,55+,android,,Paid Ads,
CUST01953,Sneha Patel,05-09-2024,Ahmedabad,None,55+,,F,Social Media,
CUST01954,Sneha Malhotra,2024/10/27,Chennai,Gold,35-44,,F,Social Media,Leisure
CUST01955,Aditya Nair,2024/04/24,Udaipur,None,55+,IOS,M,Organic Search,Business
CUST01956,Rahul Joshi,2026/06/21,Hyderabad,Platinum,55+,Web,M,Email Campaign,Solo
CUST01957,Sneha Bhat,2025/06/26,Amritsar,silver,,Android,,App Install,Honeymoon
CUST01958,Nikhil Verma,2024/08/28,Chennai,Silver,35-44,,M,Paid Ads,Family
CUST01959,Vivek Kapoor,17-01-2025,varanasi,Silver,18-24,Android,M,Referral,Honeymoon
CUST01960,Deepak Verma,02-07-2026,Delhi,Gold,45-54,,M,Email Campaign,Business
CUST01961,Sunita Gupta,24-06-2024,Shimla,None,18-24,,,Organic Search,
CUST01962,Pankaj Das,2025/02/22,Darjeeling,Silver,25-34,,M,App Install,Leisure
CUST01963,Sanjay Patel,20-03-2026,MUMBAI,Silver,18-24,IOS,,Paid Ads,Honeymoon
CUST01964,Nisha Singh,2025/10/10,Benaras,Gold,35-44,,,App Install,
CUST01965,Neha Joshi,2025/01/22,Jaipur,Silver,55+,,F,App Install,
CUST01966,Sneha Joshi,08-10-2025,Manali,None,55+,,F,App Install,Solo
CUST01967,Manoj Mehta,2026/08/29,MUMBAI,None,,,M,App Install,
CUST01968,Neha Patel,10-08-2025,Shimla,Gold,,Android,F,Organic Search,Honeymoon
CUST01969,Isha Joshi,2026/01/05,Chennai,None,55+,,,Referral,Solo
CUST01970,Divya Bhat,2023/10/30,Agra,None,35-44,,,Paid Ads,Business
CUST01971,Sneha Rao,2023/10/24,Bangalore,Platinum,,,F,Referral,
CUST01972,Anjali Agarwal,10-12-2024,Jaipur,Gold,55+,Android,F,Social Media,Solo
CUST01973,Karan Chopra,2025/09/04,Chennai,Gold,55+,,M,App Install,Business
CUST01974,Arjun Singh,09-11-2025,Rishikesh,Gold,18-24,iOS,M,App Install,Honeymoon
CUST01975,Ananya Banerjee,2026/08/07,Hyderabad,Silver,55+,,F,Organic Search,
CUST01976,Anjali Patel,2024/05/14,Pune,Silver,25-34,,F,Social Media,
CUST01977,Ravi Agarwal,04-11-2024,Amritsar,Silver,55+,,M,App Install,Business
CUST01978,Kavita Banerjee,2025/08/22,Ahmedabad,none,,,F,Social Media,
CUST01979,Nikhil Patel,16-01-2024,Chennai,Silver,25-34,Web,,Paid Ads,Family
CUST01980,Rajesh Chopra,2025/09/23,Darjeeling,Gold,35-44,,M,Organic Search,Leisure
CUST01981,Sneha Chopra,18-08-2025,New Delhi ,None,45-54,IOS,F,Referral,
CUST01982,Meera Verma,28-12-2024,Lucknow,Silver,18-24,,F,Email Campaign,
CUST01983,Rohan Reddy,16-02-2025,DELHI,Gold,55+,,M,Organic Search,
CUST01984,Vikram Nair,27-04-2024,Goa,None,55+,,M,Organic Search,Leisure
CUST01985,Suresh Reddy,2024/06/04,Jodhpur,silver,25-34,,M,Paid Ads,Leisure
CUST01986,Suresh Mehta,2024/08/18,Kochi,None,,Web,,App Install,
CUST01987,Nisha Iyer,18-06-2024,varanasi,Silver,18-24,iOS,F,App Install,Leisure
CUST01988,Shreya Chopra,2024/09/22,Rishikesh,Gold,35-44,IOS,F,App Install,
CUST01989,Manoj Banerjee,29-12-2024,Calcutta,None,25-34,IOS,M,App Install,Honeymoon
CUST01990,Vivek Rao,17-01-2024,Mumbai,None,55+,Android,M,Email Campaign,Honeymoon
CUST01991,Vivek Menon,2024/11/26,Bombay,Gold,55+,,M,Referral,Honeymoon
CUST01992,Karan Sharma,2024/10/14,Varanasi,Silver,35-44,,M,Organic Search,
CUST01993,Shalini Gupta,28-06-2026,Darjeeling,Platinum,55+,Web,F,App Install,Leisure
CUST01994,Shalini Nair,13-05-2026,Bengaluru ,Platinum,,Web,F,Email Campaign,Business
CUST01995,Rohan Menon,13-07-2024,Rishikesh,Gold,45-54,Android,M,Social Media,
CUST01996,Rajesh Agarwal,13-12-2024,Shimla,None,55+,,M,Paid Ads,
CUST01997,Anjali Patel,2026/05/22,Benaras,Platinum,35-44,Web,F,App Install,
CUST01998,Arjun Mehta,14-02-2024,Darjeeling,None,55+,iOS,M,Referral,Business
CUST01999,Rahul Joshi,2025/08/15,Mumbai,None,55+,,M,Paid Ads,Leisure
CUST02000,Swati Gupta,2025/06/24,Hyderabad,Gold,,,,Referral,Leisure
CUST02001,Ritu Malhotra,2026/04/03,Mysuru,None,25-34,,,Email Campaign,Leisure
CUST02002,Vinay Banerjee,09-08-2024,Ahmedabad,None,55+,android,,Paid Ads,Solo
CUST02003,Ravi Banerjee,02-08-2026,Jodhpur,none,25-34,,M,Social Media,Solo
CUST02004,Nisha Joshi,08-07-2024,Shimla,None,,,F,App Install,
CUST02005,Deepak Mehta,09-06-2025,Udaipur,GOLD,45-54,,M,Social Media,Family
CUST02006,Ananya Kapoor,01-07-2024,Goa,None,25-34,,F,Social Media,Honeymoon
CUST02007,Anil Joshi,2023/10/07,Jaipur,Silver,55+,Android,M,Referral,Business
CUST02008,Ananya Singh,14-06-2024,varanasi,Silver,35-44,Web,F,App Install,
CUST02009,Karan Patel,22-10-2025,delhi,Gold,35-44,,M,Email Campaign,Leisure
CUST02010,Preeti Kumar,28-08-2026,Jaipur,Gold,35-44,Web,,Organic Search,
CUST02011,Anjali Reddy,16-04-2024,Amritsar,None,18-24,,F,Organic Search,
CUST02012,Isha Nair,07-08-2025,Lucknow,None,25-34,Web,,Social Media,Solo
CUST02013,Sunita Menon,2025/11/08,DELHI,GOLD,18-24,android,F,Email Campaign,Family
CUST02014,Ashish Bhat,2026/06/19,Jaipur,None,18-24,,,Paid Ads,
CUST02015,Neha Banerjee,2025/04/12,Benaras,Silver,25-34,,F,Social Media,Business
CUST02016,Ananya Joshi,2024/10/14,Manali,Silver,25-34,,F,Social Media,
CUST02017,Shreya Malhotra,2026/05/07,Manali,None,25-34,,,Social Media,Solo
CUST02018,Ashish Verma,29-10-2025,Shimla,None,55+,,,Social Media,
CUST02019,Sunita Verma,09-02-2024,mumbai,None,,,F,Social Media,Leisure
CUST02020,Rohan Patel,14-01-2026,Kochi,Silver,55+,,M,Paid Ads,Business
CUST02021,Pooja Reddy,2024/07/05,varanasi,Silver,18-24,,F,App Install,Leisure
CUST02022,Anjali Verma,31-03-2025,Manali,None,,,F,App Install,Family
CUST02023,Divya Agarwal,03-06-2024,DELHI,platinum,35-44,Web,F,Paid Ads,
CUST02024,Isha Das,13-02-2024,varanasi,silver,,,F,Organic Search,Family
CUST02025,Nisha Menon,2026/05/29,Goa,None,35-44,Android,,Social Media,Honeymoon
CUST02026,Sunita Patel,21-05-2026,Jodhpur,Silver,35-44,,F,App Install,Business
CUST02027,Vinay Banerjee,14-02-2026,Jaipur,Gold,18-24,,M,App Install,Family
CUST02028,Shreya Patel,20-06-2026,Pune,,25-34,,F,Paid Ads,Leisure
CUST02029,Vivek Kumar,26-02-2024,Rishikesh,Silver,,iOS,M,Social Media,Business
CUST02030,Ritu Menon,09-09-2024,Jaipur,Silver,55+,,F,App Install,
CUST02031,Vinay Iyer,2024/03/25,Shimla,None,,,M,Organic Search,
CUST02032,Preeti Sharma,2024/02/06,Shimla,silver,45-54,,F,Paid Ads,
CUST02033,Anita Sharma,02-05-2025,Shimla,None,45-54,,F,Social Media,
CUST02034,Gaurav Kapoor,01-10-2023,Chennai,None,,,M,App Install,Family
CUST02035,Kavita Banerjee,2026/02/20,Manali,Platinum,,Android,,Paid Ads,
CUST02036,Arjun Bhat,13-01-2024,Jodhpur,Silver,,,,App Install,Family
CUST02037,Anil Iyer,2024/02/26,Amritsar,None,18-24,Web,,Organic Search,
CUST02038,Vikram Kapoor,2024/08/14,Agra,Gold,35-44,,M,Social Media,Family
CUST02039,Nikhil Verma,2026/03/08,Benaras,Silver,35-44,,M,Email Campaign,
CUST02040,Nisha Das,29-03-2026,Agra,Silver,45-54,,F,App Install,
CUST02041,Ravi Malhotra,2025/01/01,Agra,Silver,25-34,,M,App Install,Honeymoon
CUST02042,Vikram Kumar,05-12-2024,Ahmedabad,Silver,18-24,Web,M,App Install,Business
CUST02043,Vinay Agarwal,2024/06/14,Jodhpur,Gold,45-54,android,M,Social Media,
CUST02044,Divya Bhat,2024/12/18,Amritsar,None,,IOS,,Social Media,Business
CUST02045,Neha Verma,07-05-2025,DELHI,Silver,45-54,IOS,,Referral,Leisure
CUST02046,Sneha Rao,2025/11/06,Darjeeling,silver,25-34,,F,Organic Search,Solo
CUST02047,Ravi Menon,2024/06/05,Jaipur,Gold,,,,Organic Search,Solo
CUST02048,Isha Sharma,04-05-2024,Benaras,None,25-34,,F,Email Campaign,
CUST02049,Swati Gupta,29-07-2026,Shimla,Gold,18-24,Android,F,Referral,
CUST02050,Ashish Patel,2026/04/26,bengaluru,Silver,18-24,,M,App Install,
CUST02051,Ritu Menon,2024/10/22,Udaipur,Silver,35-44,android,F,Social Media,Leisure
CUST02052,Shreya Kapoor,2024/04/05,Ahmedabad,Silver,25-34,IOS,,Referral,
CUST02053,Priya Banerjee,11-01-2025,Pune,platinum,25-34,,F,Referral,Solo
CUST02054,Deepak Rao,2025/09/18,Pune,None,55+,Android,M,Email Campaign,Honeymoon
CUST02055,Neha Joshi,2024/07/29,Agra,Gold,55+,android,F,Organic Search,
CUST02056,Rajesh Reddy,2026/03/03,Kolkata,Silver,45-54,Android,M,Paid Ads,Honeymoon
CUST02057,Divya Rao,2025/08/24,Udaipur,Silver,18-24,,F,Referral,Honeymoon
CUST02058,Kavita Rao,28-05-2026,Chennai,silver,18-24,android,,Referral,Family
CUST02059,Rohan Malhotra,2025/12/06,Mysuru,Gold,35-44,,M,Paid Ads,
CUST02060,Amit Kapoor,2025/11/07,Kolkata,Silver,,,M,App Install,Solo
CUST02061,Isha Das,29-01-2024,Udaipur,Platinum,18-24,iOS,,Organic Search,
CUST02062,Pankaj Joshi,19-12-2023,Amritsar,None,18-24,iOS,,Email Campaign,Solo
CUST02063,Shreya Iyer,2025/10/04,Rishikesh,None,45-54,Android,F,Email Campaign,
CUST02064,Nikhil Kumar,2024/03/08,Goa,Silver,55+,,M,Email Campaign,Leisure
CUST02065,Priya Joshi,2024/12/08,Benaras,None,18-24,,F,App Install,Family
CUST02066,Sneha Joshi,03-10-2025,Varanasi,None,35-44,,F,Organic Search,Honeymoon
CUST02067,Nisha Mehta,2026/03/10,bengaluru,None,,,F,Organic Search,Honeymoon
CUST02068,Pankaj Chopra,2023/11/19,Mysuru,silver,18-24,Web,M,Organic Search,
CUST02069,Swati Banerjee,26-07-2025,Kochi,GOLD,,,F,Email Campaign,Business
CUST02070,Manoj Gupta,2023/09/29,Goa,None,35-44,,M,Referral,Family
CUST02071,Vivek Iyer,2025/07/04,Chennai,None,18-24,IOS,M,Email Campaign,Honeymoon
CUST02072,Ashish Mehta,17-09-2025,Amritsar,Platinum,,,M,Organic Search,Honeymoon
CUST02073,Preeti Patel,2024/04/23,Hyderabad,Silver,35-44,Web,F,Organic Search,
CUST02074,Pooja Iyer,2025/06/04,Manali,Gold,35-44,android,F,Social Media,Honeymoon
CUST02075,Manoj Iyer,2024/10/19,MUMBAI,Gold,55+,,M,Organic Search,
CUST02076,Shalini Singh,09-12-2024,Hyderabad,None,18-24,,F,App Install,Family
CUST02077,Ashish Singh,2025/04/06,Agra,Gold,45-54,,M,Paid Ads,
CUST02078,Rajesh Reddy,16-05-2025,Manali,None,55+,,,Referral,Family
CUST02079,Anita Reddy,2025/03/06,Calcutta,Platinum,18-24,,,Referral,Honeymoon
CUST02080,Manoj Gupta,2023/12/15,Benaras,Silver,25-34,IOS,,Social Media,Solo
CUST02081,Manoj Chopra,24-04-2024,Pune,Silver,18-24,android,M,App Install,
CUST02082,Vinay Das,08-02-2025,Pune,Silver,35-44,,M,Organic Search,Leisure
CUST02083,Nikhil Das,15-10-2025,Benaras,Silver,25-34,IOS,M,App Install,Leisure
CUST02084,Nisha Kapoor,2025/01/29,Manali,silver,18-24,,F,Paid Ads,Leisure
CUST02085,Deepak Verma,07-02-2025,Mysuru,None,18-24,,M,Referral,
CUST02086,Rohan Kumar,30-07-2025,Agra,Gold,18-24,,M,Social Media,Family
CUST02087,Sneha Reddy,06-06-2025,Ahmedabad,Silver,25-34,Web,F,Paid Ads,
CUST02088,Priya Rao,10-02-2024,Kochi,None,55+,,F,Social Media,Solo
CUST02089,Gaurav Sharma,18-11-2023,New Delhi ,None,18-24,Android,M,Paid Ads,Solo
CUST02090,Amit Reddy,2026/08/06,kolkata,Gold,45-54,,M,Social Media,
CUST02091,Suresh Joshi,27-08-2026,Agra,Platinum,18-24,,M,Social Media,Business
CUST02092,Suresh Agarwal,2026/08/28,Kolkata,None,35-44,,,Social Media,Family
CUST02093,Ashish Menon,2024/07/04,Jaipur,Silver,,IOS,M,Social Media,Business
CUST02094,Kritika Agarwal,2025/12/26,Amritsar,Silver,45-54,,F,Email Campaign,Business
CUST02095,Suresh Gupta,30-09-2023,Mysuru,Platinum,25-34,,M,Referral,
CUST02096,Sneha Reddy,29-10-2024,bengaluru,Gold,55+,,F,Paid Ads,Leisure
CUST02097,Kavita Banerjee,13-04-2025,Mysuru,Platinum,,,F,Email Campaign,
CUST02098,Manoj Iyer,11-07-2025,Agra,Gold,25-34,,M,Social Media,Solo
CUST02099,Swati Patel,01-11-2024,Agra,None,35-44,IOS,F,Paid Ads,Business
CUST02100,Priya Menon,20-08-2024,Mysuru,Silver,18-24,IOS,F,Social Media,Family
CUST02101,Anil Mehta,2024/10/27,Bengaluru ,Platinum,45-54,Web,M,Organic Search,Honeymoon
CUST02102,Sneha Reddy,2025/11/10,Goa,None,25-34,Web,F,Paid Ads,Leisure
CUST02103,Vikram Menon,28-12-2023,Pune,Gold,55+,,M,Email Campaign,Solo
CUST02104,Rohan Verma,04-10-2025,Kochi,None,25-34,Android,M,App Install,
CUST02105,Deepika Iyer,2025/11/25,Jodhpur,Platinum,,Web,,Organic Search,
CUST02106,Nisha Iyer,2025/04/17,Kolkata,Silver,,iOS,F,Organic Search,
CUST02107,Isha Nair,2023/09/27,Ahmedabad,Platinum,35-44,IOS,,Social Media,Business
CUST02108,Ravi Verma,16-06-2025,Lucknow,Silver,18-24,,,Referral,
CUST02109,Kavita Joshi,2024/10/02,kolkata,Gold,45-54,,F,Paid Ads,
CUST02110,Neha Kapoor,18-06-2026,Varanasi,Silver,18-24,android,F,App Install,Solo
CUST02111,Ashish Bhat,05-04-2024,Pune,none,18-24,iOS,M,App Install,Family
CUST02112,Amit Joshi,05-12-2025,Rishikesh,Platinum,,,M,Paid Ads,
CUST02113,Pooja Rao,2026/02/25,Rishikesh,Gold,35-44,Android,F,Organic Search,
CUST02114,Karan Singh,04-06-2024,Darjeeling,Gold,35-44,,M,Email Campaign,Business
CUST02115,Arjun Patel,2023/10/04,Calcutta,None,18-24,,M,Referral,Business
CUST02116,Gaurav Iyer,11-10-2023,Delhi,Gold,,iOS,M,Referral,
CUST02117,Anjali Menon,2026/05/30,Goa,Gold,25-34,,,Social Media,
CUST02118,Ashish Banerjee,2024/12/29,mumbai,,,,M,Organic Search,
CUST02119,Pankaj Malhotra,2026/04/05,Jodhpur,Silver,45-54,,M,Paid Ads,Leisure
CUST02120,Ananya Verma,2024/11/21,Jodhpur,None,45-54,,F,Organic Search,Family
CUST02121,Vinay Chopra,2025/12/28,Rishikesh,Silver,45-54,,M,App Install,
CUST02122,Ritu Kumar,07-11-2025,Agra,Silver,25-34,Web,,Social Media,
CUST02123,Sanjay Chopra,2024/11/29,Shimla,None,45-54,Android,M,Email Campaign,Honeymoon
CUST02124,Vinay Reddy,16-07-2024,Benaras,Platinum,25-34,android,,App Install,Business
CUST02125,Ravi Das,28-07-2025,Ahmedabad,Silver,55+,,M,Social Media,
CUST02126,Vikram Iyer,2025/06/16,Chennai,Silver,45-54,iOS,M,Email Campaign,Business
CUST02127,Neha Sharma,20-06-2026,Hyderabad,None,45-54,IOS,F,Social Media,Leisure
CUST02128,Rahul Chopra,02-04-2025,Lucknow,Silver,18-24,,,Social Media,
CUST02129,Aditya Singh,17-12-2023,Hyderabad,None,45-54,Android,M,Social Media,Solo
CUST02130,Shreya Das,06-06-2024,Shimla,Silver,55+,IOS,,Social Media,
CUST02131,Isha Chopra,28-06-2024,Goa,Gold,,android,F,Referral,Business
CUST02132,Pankaj Sharma,2024/01/24,Jaipur,silver,18-24,,M,App Install,Family
CUST02133,Pooja Sharma,30-05-2025,Mysuru,Silver,35-44,Web,F,Social Media,
CUST02134,Rajesh Singh,10-11-2023,mumbai,Platinum,18-24,Web,M,Paid Ads,Family
CUST02135,Nisha Agarwal,2024/06/15,Kochi,None,55+,android,F,Paid Ads,
CUST02136,Sneha Sharma,2026/03/26,Varanasi,None,,iOS,,Organic Search,
CUST02137,Sneha Banerjee,10-05-2026,Hyderabad,,55+,android,F,Paid Ads,Leisure
CUST02138,Ravi Chopra,2026/05/23,Pune,Silver,35-44,,M,Referral,
CUST02139,Shalini Banerjee,14-08-2024,Kochi,Silver,55+,android,F,Referral,Honeymoon
CUST02140,Kavita Sharma,21-11-2024,bengaluru,None,,IOS,F,Organic Search,
CUST02141,Ashish Bhat,2024/11/15,varanasi,Silver,,IOS,,Referral,Business
CUST02142,Amit Singh,31-03-2025,Goa,Silver,25-34,,M,App Install,Honeymoon
CUST02143,Anita Gupta,2025/09/09,Shimla,Silver,35-44,,F,App Install,Business
CUST02144,Gaurav Sharma,24-09-2024,Jaipur,None,,Web,,Social Media,Solo
CUST02145,Karan Rao,2026/05/28,Hyderabad,platinum,55+,IOS,,Email Campaign,
CUST02146,Swati Patel,2024/07/18,Pune,Silver,55+,,F,Email Campaign,Solo
CUST02147,Ananya Agarwal,2025/01/13,Lucknow,none,25-34,IOS,F,Referral,
CUST02148,Swati Singh,2026/04/18,Manali,Silver,18-24,iOS,F,App Install,Business
CUST02149,Sneha Menon,06-10-2023,Amritsar,None,35-44,Web,F,App Install,Solo
CUST02150,Rohan Kapoor,23-07-2026,Manali,None,55+,Web,M,Social Media,Honeymoon
CUST02151,Aditya Kumar,09-04-2025,Lucknow,None,,IOS,,Organic Search,
CUST02152,Vinay Rao,2024/03/04,Jaipur,None,,android,M,Organic Search,Family
CUST02153,Ritu Chopra,2026/08/08,bengaluru,Silver,55+,android,F,App Install,
CUST02154,Rohan Mehta,02-06-2026,Hyderabad,Gold,35-44,Web,M,Email Campaign,
CUST02155,Deepika Verma,09-06-2026,Chennai,Silver,18-24,,F,Paid Ads,Honeymoon
CUST02156,Kritika Sharma,2024/08/19,kolkata,None,35-44,,F,Email Campaign,Family
CUST02157,Rohan Menon,2024/10/18,Kochi,Platinum,25-34,iOS,M,App Install,Honeymoon
CUST02158,Meera Das,2024/03/28,bengaluru,Silver,35-44,Android,,Referral,
CUST02159,Pooja Verma,27-09-2023,Varanasi,None,45-54,,F,Social Media,Leisure
CUST02160,Shreya Reddy,2024/01/13,Agra,Gold,,Android,F,Referral,Leisure
CUST02161,Kavita Verma,05-02-2025,Lucknow,Silver,55+,Web,,Email Campaign,Honeymoon
CUST02162,Nisha Banerjee,2024/01/28,Agra,GOLD,45-54,android,F,Organic Search,
CUST02163,Ananya Joshi,2025/07/01,Jodhpur,Gold,55+,,F,Paid Ads,Solo
CUST02164,Amit Banerjee,2023/11/05,New Delhi ,None,35-44,,M,Organic Search,
CUST02165,Pooja Reddy,20-02-2025,Pune,None,35-44,android,F,Email Campaign,
CUST02166,Sneha Singh,24-11-2025,Hyderabad,None,45-54,,F,Organic Search,Solo
CUST02167,Rahul Mehta,03-08-2025,Pune,Silver,45-54,IOS,M,App Install,Honeymoon
CUST02168,Kavita Joshi,03-02-2025,Mysuru,None,45-54,,F,Email Campaign,
CUST02169,Priya Mehta,08-11-2025,Mysuru,Gold,25-34,,F,Paid Ads,
CUST02170,Shalini Malhotra,2025/01/01,Kochi,None,25-34,,F,Paid Ads,Leisure
CUST02171,Suresh Malhotra,2024/09/14,Mysuru,Silver,55+,,M,Paid Ads,Leisure
CUST02172,Ananya Das,2026/04/23,Mysuru,Silver,25-34,,F,App Install,Leisure
CUST02173,Nisha Mehta,30-10-2025,Chennai,platinum,,,F,Organic Search,
CUST02174,Divya Nair,12-08-2025,Chennai,silver,35-44,IOS,,App Install,
CUST02175,Karan Kumar,13-03-2025,Udaipur,Silver,45-54,IOS,M,Email Campaign,
CUST02176,Ravi Patel,25-05-2026,Mumbai,None,18-24,,M,App Install,Leisure
CUST02177,Ananya Patel,2025/09/13,Calcutta,Silver,18-24,,F,Social Media,Leisure
CUST02178,Ananya Bhat,17-03-2024,Calcutta,GOLD,18-24,,F,Organic Search,Family
CUST02179,Ananya Chopra,02-02-2025,Chennai,Platinum,,,F,Email Campaign,Leisure
CUST02180,Shalini Malhotra,02-12-2024,Udaipur,None,45-54,IOS,F,Referral,
CUST02181,Suresh Iyer,2025/09/05,Darjeeling,None,,,,Social Media,Solo
CUST02182,Ashish Malhotra,14-06-2026,Agra,silver,55+,,M,Social Media,Honeymoon
CUST02183,Ashish Reddy,02-11-2024,Udaipur,Silver,18-24,,,Social Media,Honeymoon
CUST02184,Gaurav Menon,2024/02/14,Goa,None,55+,Android,M,Email Campaign,
CUST02185,Anita Rao,01-02-2024,Mysuru,Gold,45-54,,,App Install,
CUST02186,Preeti Das,10-10-2024,Rishikesh,Silver,55+,,,App Install,Business
CUST02187,Karan Agarwal,2025/07/19,Goa,Gold,35-44,,,App Install,Leisure
CUST02188,Vinay Iyer,08-08-2026,Mysuru,Platinum,45-54,,M,Social Media,
CUST02189,Gaurav Rao,23-11-2023,Lucknow,Platinum,25-34,iOS,,Social Media,
CUST02190,Shreya Reddy,21-01-2024,Bangalore,None,55+,,F,Organic Search,
CUST02191,Kavita Bhat,2026/01/09,Pune,none,45-54,,,Referral,
CUST02192,Priya Patel,2024/11/11,mumbai,Silver,25-34,IOS,F,Social Media,
CUST02193,Vikram Sharma,21-07-2025,Shimla,None,35-44,IOS,M,Referral,
CUST02194,Shreya Sharma,2026/09/04,Jaipur,None,25-34,android,F,App Install,Business
CUST02195,Rohan Gupta,2024/12/06,Manali,None,25-34,,M,Paid Ads,Leisure
CUST02196,Vinay Mehta,11-11-2023,Amritsar,None,25-34,,M,Referral,Honeymoon
CUST02197,Rahul Bhat,05-10-2024,Rishikesh,Silver,25-34,Web,M,App Install,Family
CUST02198,Ananya Singh,2025/01/05,Shimla,Silver,55+,,F,Social Media,Family
CUST02199,Swati Banerjee,2025/03/23,Ahmedabad,Silver,,IOS,F,Organic Search,Solo
CUST02200,Nikhil Gupta,19-01-2025,Delhi,None,25-34,,M,Paid Ads,
CUST02201,Gaurav Verma,2026/07/24,Delhi,Silver,55+,Android,M,Organic Search,Family
CUST02202,Sunita Chopra,2026/04/19,Agra,Gold,35-44,android,F,Organic Search,
CUST02203,Swati Das,27-01-2024,Varanasi,None,45-54,,F,Paid Ads,Solo
CUST02204,Aditya Singh,08-02-2025,Varanasi,,45-54,Web,M,Organic Search,
CUST02205,Kritika Verma,2026/06/20,Chennai,Gold,25-34,,F,Social Media,
CUST02206,Anita Reddy,13-11-2023,Goa,None,45-54,android,,Social Media,Business
CUST02207,Nikhil Agarwal,2026/05/30,Amritsar,Gold,45-54,,M,Social Media,
CUST02208,Swati Gupta,24-09-2024,Goa,None,18-24,android,F,Referral,Honeymoon
CUST02209,Neha Kumar,26-05-2026,Amritsar,Platinum,,android,F,App Install,
CUST02210,Pankaj Malhotra,2026/01/04,Agra,None,55+,,,Social Media,
CUST02211,Suresh Patel,23-06-2024,delhi,Silver,,,M,Referral,Honeymoon
CUST02212,Sanjay Verma,14-03-2026,Udaipur,Gold,18-24,Web,,App Install,
CUST02213,Anil Patel,31-01-2026,Lucknow,Platinum,25-34,,M,Social Media,Business
CUST02214,Pooja Banerjee,2026/03/12,Manali,Platinum,,Web,F,Email Campaign,
CUST02215,Shreya Agarwal,2024/08/15,Goa,None,45-54,,,App Install,
CUST02216,Vinay Banerjee,03-10-2024,Amritsar,Silver,18-24,Android,M,Email Campaign,
CUST02217,Kavita Iyer,2026/05/05,Lucknow,None,,iOS,,Paid Ads,
CUST02218,Priya Menon,2024/06/29,Udaipur,Silver,25-34,,F,Referral,
CUST02219,Shalini Agarwal,2025/04/18,Amritsar,None,18-24,,F,App Install,Leisure
CUST02220,Isha Mehta,2023/09/20,Chennai,None,18-24,iOS,F,Referral,Business
CUST02221,Shalini Bhat,2026/01/21,Chennai,Silver,35-44,,F,Email Campaign,Honeymoon
CUST02222,Deepika Iyer,2025/05/25,Udaipur,Gold,,Web,F,Paid Ads,Leisure
CUST02223,Kavita Sharma,08-10-2024,Jaipur,None,35-44,,F,Organic Search,
CUST02224,Manoj Reddy,23-05-2025,Goa,Silver,45-54,,,Email Campaign,Business
CUST02225,Amit Patel,30-04-2025,Jodhpur,None,45-54,,M,Paid Ads,Business
CUST02226,Gaurav Menon,2026/06/03,Hyderabad,Gold,55+,,M,Social Media,Business
CUST02227,Kritika Chopra,23-12-2023,Jaipur,Platinum,25-34,,F,Organic Search,Leisure
CUST02228,Gaurav Iyer,05-12-2025,Hyderabad,Platinum,25-34,,M,Referral,Business
CUST02229,Rohan Menon,2025/11/25,Darjeeling,Silver,,,M,Referral,Business
CUST02230,Aditya Nair,2023/10/25,Bengaluru,platinum,45-54,,M,App Install,Honeymoon
CUST02231,Anita Rao,2024/11/21,Hyderabad,Silver,25-34,IOS,F,Paid Ads,Solo
CUST02232,Ananya Kapoor,03-10-2025,Ahmedabad,None,35-44,IOS,,Referral,Honeymoon
CUST02233,Deepak Iyer,28-03-2025,Pune,silver,25-34,,,Organic Search,
CUST02234,Priya Bhat,2026/04/08,Shimla,Gold,55+,Android,F,Paid Ads,Honeymoon
CUST02235,Kritika Reddy,10-12-2024,Benaras,Silver,18-24,iOS,F,Social Media,Leisure
CUST02236,Sneha Kumar,25-12-2023,varanasi,None,25-34,,,Organic Search,Leisure
CUST02237,Pankaj Rao,07-05-2026,Kochi,Silver,55+,,M,Referral,Family
CUST02238,Ravi Malhotra,26-06-2024,Mysuru,Silver,35-44,,M,Referral,Leisure
CUST02239,Sunita Reddy,2025/12/07,Darjeeling,Platinum,45-54,iOS,F,Social Media,Honeymoon
CUST02240,Vikram Mehta,2025/03/07,Amritsar,Silver,45-54,,M,Email Campaign,Leisure
CUST02241,Kritika Agarwal,2024/12/23,Amritsar,,35-44,,F,Paid Ads,
CUST02242,Ashish Das,20-09-2025,Chennai,None,25-34,,M,Organic Search,Leisure
CUST02243,Anil Kumar,25-11-2025,Calcutta,None,35-44,,,Paid Ads,
CUST02244,Sanjay Menon,2026/07/01,Rishikesh,Silver,45-54,Web,M,Referral,
CUST02245,Pooja Gupta,27-11-2025,Mysuru,Silver,,,F,Organic Search,Solo
CUST02246,Divya Malhotra,2024/02/03,Darjeeling,Gold,35-44,,F,Social Media,Honeymoon
CUST02247,Ashish Chopra,13-03-2025,kolkata,silver,25-34,Android,M,Paid Ads,Business
CUST02248,Amit Singh,2025/10/17,Goa,None,,,M,Social Media,
CUST02249,Deepak Das,2024/06/21,Mumbai,None,,,M,Paid Ads,Business
CUST02250,Neha Banerjee,2024/07/20,kolkata,Silver,25-34,,,Referral,Honeymoon
CUST02251,Neha Sharma,2026/06/22,Mysuru,GOLD,18-24,IOS,,Referral,Family
CUST02252,Meera Bhat,19-01-2025,Manali,Platinum,,,F,App Install,Honeymoon
CUST02253,Ravi Agarwal,03-02-2024,Goa,Platinum,55+,,M,Email Campaign,
CUST02254,Rahul Bhat,30-03-2026,New Delhi ,None,55+,IOS,M,Organic Search,Leisure
CUST02255,Amit Patel,2025/03/29,Amritsar,Silver,,IOS,M,Social Media,
CUST02256,Anil Das,27-08-2025,Goa,NA,18-24,Web,M,Organic Search,Business
CUST02257,Vinay Iyer,2025/02/24,Pune,None,55+,IOS,,Email Campaign,Honeymoon
CUST02258,Divya Nair,29-02-2024,Mysuru,None,55+,,F,Email Campaign,
CUST02259,Swati Joshi,21-02-2025,Lucknow,none,,android,F,App Install,Family
CUST02260,Ananya Iyer,2024/02/19,Benaras,None,55+,,F,Organic Search,Business
CUST02261,Rohan Banerjee,03-11-2024,Calcutta,None,,,M,Organic Search,Business
CUST02262,Sanjay Singh,13-07-2024,Udaipur,None,,,M,Social Media,Leisure
CUST02263,Arjun Das,25-03-2025,Shimla,GOLD,35-44,,M,Email Campaign,
CUST02264,Suresh Rao,05-05-2024,Kochi,None,,Web,M,Referral,Family
CUST02265,Preeti Banerjee,26-08-2026,DELHI,Gold,35-44,,F,App Install,Family
CUST02266,Priya Kapoor,02-07-2026,Ahmedabad,None,18-24,iOS,F,Email Campaign,Leisure
CUST02267,Ravi Joshi,14-01-2025,kolkata,Platinum,45-54,IOS,M,Organic Search,Business
CUST02268,Gaurav Nair,2024/02/24,Kochi,silver,18-24,android,M,Referral,Honeymoon
CUST02269,Ravi Rao,11-07-2024,Mysuru,None,,Web,M,Referral,Leisure
CUST02270,Deepak Sharma,01-03-2024,Jaipur,Silver,55+,android,,App Install,
CUST02271,Rohan Singh,2023/10/13,Darjeeling,None,18-24,,M,Referral,Family
CUST02272,Sanjay Chopra,2024/04/25,Udaipur,None,25-34,Android,M,Paid Ads,
CUST02273,Pooja Agarwal,2026/08/27,Darjeeling,Gold,35-44,,F,Social Media,Business
CUST02274,Vivek Sharma,2023/09/26,varanasi,Silver,18-24,android,M,Email Campaign,Solo
CUST02275,Shalini Patel,2024/12/09,Calcutta,,55+,,F,App Install,
CUST02276,Sanjay Patel,08-04-2025,Lucknow,Gold,35-44,,,Organic Search,
CUST02277,Nikhil Malhotra,2025/06/15,Benaras,Platinum,55+,,M,Organic Search,Honeymoon
CUST02278,Ravi Rao,2025/10/22,Udaipur,None,,,,Referral,Leisure
CUST02279,Rajesh Reddy,2026/07/25,kolkata,Gold,18-24,,M,App Install,
CUST02280,Ashish Menon,10-08-2025,Manali,Silver,25-34,iOS,M,Email Campaign,
CUST02281,Anita Bhat,2026/06/05,Delhi,Gold,55+,Android,F,Organic Search,
CUST02282,Sneha Nair,2025/05/11,Amritsar,None,25-34,Web,,Social Media,Leisure
CUST02283,Vikram Malhotra,2024/04/27,Bombay,None,18-24,,M,Referral,
CUST02284,Rajesh Bhat,2026/09/11,Amritsar,Silver,25-34,,,Organic Search,
CUST02285,Ananya Chopra,2024/06/13,Udaipur,Platinum,25-34,,F,Social Media,
CUST02286,Anita Verma,2026/01/02,Goa,None,,iOS,F,Email Campaign,Leisure
CUST02287,Ashish Banerjee,23-04-2025,Rishikesh,Gold,25-34,,M,Referral,Honeymoon
CUST02288,Ananya Mehta,2023/11/08,Hyderabad,Silver,55+,,F,Paid Ads,Solo
CUST02289,Anjali Verma,03-06-2025,Shimla,None,55+,Android,F,Social Media,Solo
CUST02290,Deepak Banerjee,2024/01/02,Mysuru,NA,25-34,Web,M,Paid Ads,Leisure
CUST02291,Rohan Kumar,09-05-2026,Mysuru,Gold,55+,Android,,Paid Ads,
CUST02292,Swati Das,2024/11/12,Agra,silver,35-44,android,,App Install,
CUST02293,Gaurav Patel,2024/10/03,Rishikesh,None,45-54,,M,App Install,Family
CUST02294,Suresh Kumar,12-08-2025,Varanasi,Gold,25-34,android,,Organic Search,Leisure
CUST02295,Sneha Menon,27-06-2025,Chennai,None,,,F,App Install,Family
CUST02296,Vivek Patel,17-12-2023,bengaluru,None,55+,Web,M,Paid Ads,Family
CUST02297,Vivek Sharma,2026/02/14,Kolkata,None,45-54,Web,,Paid Ads,Leisure
CUST02298,Deepika Chopra,13-01-2026,Jodhpur,Platinum,55+,,F,Social Media,Leisure
CUST02299,Manoj Agarwal,2025/08/09,Mysuru,none,45-54,,M,Email Campaign,Family
CUST02300,Ritu Gupta,03-04-2025,Goa,None,45-54,iOS,F,Email Campaign,Honeymoon
CUST02301,Karan Joshi,13-12-2025,Shimla,Gold,25-34,Web,M,Social Media,
CUST02302,Priya Malhotra,14-12-2024,Agra,None,,iOS,F,Organic Search,Solo
CUST02303,Suresh Iyer,2026/04/28,kolkata,Gold,35-44,,M,Email Campaign,Honeymoon
CUST02304,Amit Reddy,2026/09/10,bengaluru,None,25-34,,M,App Install,Solo
CUST02305,Deepak Mehta,18-02-2025,Agra,Gold,55+,,M,App Install,Solo
CUST02306,Vivek Mehta,2026/05/04,Shimla,Gold,18-24,iOS,,Email Campaign,Business
CUST02307,Nisha Bhat,12-11-2023,Kochi,Silver,55+,Web,,Organic Search,Leisure
CUST02308,Manoj Iyer,14-09-2025,mumbai,None,,Android,M,Referral,
CUST02309,Vivek Agarwal,04-03-2024,Benaras,None,45-54,,M,Paid Ads,Solo
CUST02310,Rajesh Das,03-05-2024,Jaipur,Platinum,55+,,M,Email Campaign,
CUST02311,Suresh Rao,02-07-2024,Mumbai,none,,,M,Referral,Business
CUST02312,Isha Kapoor,2024/01/13,Ahmedabad,platinum,45-54,,F,Referral,Solo
CUST02313,Ritu Chopra,31-07-2024,MUMBAI,None,18-24,,F,Paid Ads,Family
CUST02314,Anita Rao,2026/07/17,Darjeeling,silver,45-54,,F,Email Campaign,Solo
CUST02315,Amit Mehta,11-01-2024,Calcutta,Silver,45-54,,M,App Install,
CUST02316,Ritu Verma,09-11-2024,Agra,None,55+,android,F,Paid Ads,
CUST02317,Kritika Joshi,26-05-2024,Darjeeling,Platinum,55+,,F,Email Campaign,Solo
CUST02318,Vivek Gupta,2025/06/20,Jaipur,Silver,35-44,,M,Referral,Honeymoon
CUST02319,Anjali Menon,20-02-2024,kolkata,Gold,25-34,,F,Paid Ads,
CUST02320,Karan Iyer,11-10-2023,Kochi,None,25-34,,M,Referral,Family
CUST02321,Deepika Menon,2024/01/17,Pune,Silver,18-24,,F,Social Media,Family
CUST02322,Vinay Patel,16-06-2025,Lucknow,None,45-54,android,M,Referral,
CUST02323,Sunita Iyer,20-09-2023,Kochi,GOLD,18-24,,F,Referral,
CUST02324,Sanjay Rao,08-10-2025,Shimla,,18-24,,,Paid Ads,Family
CUST02325,Rajesh Menon,2024/07/15,Chennai,silver,18-24,,,App Install,
CUST02326,Rajesh Sharma,2024/07/02,Bengaluru,GOLD,45-54,Android,,Referral,Solo
CUST02327,Kavita Joshi,19-01-2024,Udaipur,None,45-54,iOS,,Email Campaign,Honeymoon
CUST02328,Vinay Patel,15-02-2024,Manali,None,45-54,,M,Email Campaign,
CUST02329,Anita Rao,2023/12/01,Hyderabad,Silver,18-24,,,Paid Ads,Honeymoon
CUST02330,Gaurav Banerjee,2024/09/12,Shimla,silver,35-44,,M,Organic Search,Business
CUST02331,Nikhil Nair,2024/11/20,Kochi,None,55+,Android,M,App Install,Leisure
CUST02332,Meera Gupta,08-09-2026,DELHI,None,55+,,,Email Campaign,Leisure
CUST02333,Anil Mehta,2024/08/03,Ahmedabad,platinum,35-44,,M,App Install,Family
CUST02334,Sunita Kumar,2025/05/09,Lucknow,Gold,,,,Paid Ads,Business
CUST02335,Amit Banerjee,23-01-2024,Jaipur,silver,45-54,,M,Paid Ads,Business
CUST02336,Swati Gupta,2026/07/11,Jaipur,Gold,25-34,,F,Organic Search,Family
CUST02337,Sanjay Joshi,01-07-2024,Lucknow,Gold,,IOS,,Referral,Leisure
CUST02338,Amit Menon,07-12-2025,kolkata,none,35-44,,M,Paid Ads,Honeymoon
CUST02339,Neha Sharma,2023/10/23,Darjeeling,None,18-24,,F,Referral,Solo
CUST02340,Aditya Banerjee,2026/08/03,Shimla,Gold,45-54,android,M,Paid Ads,Business
CUST02341,Pankaj Reddy,11-04-2024,Bengaluru ,Silver,55+,,,Paid Ads,
CUST02342,Ananya Menon,31-12-2023,Darjeeling,Silver,,,F,Paid Ads,Family
CUST02343,Manoj Bhat,2025/10/24,Mysuru,Silver,35-44,,M,Email Campaign,Solo
CUST02344,Pooja Agarwal,28-05-2026,Bangalore,Gold,18-24,iOS,F,App Install,Business
CUST02345,Shreya Agarwal,2025/11/17,Hyderabad,None,25-34,Web,F,Paid Ads,Family
CUST02346,Deepak Iyer,16-05-2025,Jaipur,NA,45-54,,,Organic Search,Honeymoon
CUST02347,Vivek Nair,08-05-2026,Udaipur,None,18-24,,M,Referral,Solo
CUST02348,Ritu Nair,24-08-2026,Chennai,GOLD,55+,,,Email Campaign,Solo
CUST02349,Preeti Joshi,2026/09/12,Udaipur,None,18-24,,F,Referral,
CUST02350,Shreya Chopra,17-09-2023,Lucknow,Silver,35-44,IOS,F,App Install,Leisure
CUST02351,Isha Bhat,26-11-2023,Manali,Silver,25-34,,F,Referral,Leisure
CUST02352,Kritika Banerjee,2026/08/08,Agra,Gold,18-24,,F,Paid Ads,Business
CUST02353,Neha Kumar,06-04-2024,Bengaluru ,silver,35-44,iOS,F,App Install,Family
CUST02354,Sunita Mehta,06-08-2024,mumbai,Gold,,,F,Email Campaign,Business
CUST02355,Pooja Patel,2025/03/05,Jodhpur,None,35-44,,,Email Campaign,Leisure
CUST02356,Rohan Singh,09-03-2026,New Delhi,None,45-54,,M,Social Media,Family
CUST02357,Deepak Banerjee,04-02-2025,Pune,silver,25-34,,M,Referral,
CUST02358,Deepak Reddy,2026/01/14,Benaras,none,,iOS,M,Social Media,
CUST02359,Pankaj Das,19-01-2024,Ahmedabad,None,45-54,Web,M,Referral,Leisure
CUST02360,Sanjay Nair,2023/12/14,Shimla,Silver,,,M,Organic Search,Family
CUST02361,Deepika Chopra,30-01-2025,DELHI,platinum,45-54,,,Referral,Business
CUST02362,Anita Sharma,06-03-2024,Mysuru,None,55+,Android,F,Email Campaign,Honeymoon
CUST02363,Gaurav Bhat,2025/01/14,Udaipur,silver,18-24,,M,Paid Ads,Solo
CUST02364,Deepika Das,10-05-2026,Darjeeling,Silver,25-34,Web,F,Email Campaign,
CUST02365,Nikhil Malhotra,2024/12/24,Jodhpur,Silver,35-44,,M,Paid Ads,Leisure
CUST02366,Neha Reddy,2025/08/20,Shimla,Gold,25-34,,F,Paid Ads,Leisure
CUST02367,Rajesh Agarwal,2024/04/16,Udaipur,None,55+,Web,M,App Install,
CUST02368,Divya Kumar,2026/06/01,Agra,Gold,45-54,,F,Social Media,
CUST02369,Meera Rao,2024/01/25,Pune,None,35-44,,F,Social Media,
CUST02370,Ashish Singh,16-07-2024,New Delhi,Silver,55+,Android,,Social Media,
CUST02371,Deepak Kapoor,24-03-2025,Calcutta,None,18-24,,M,Referral,Solo
CUST02372,Vikram Kumar,2025/11/05,Bangalore,None,25-34,,,Referral,Solo
CUST02373,Ashish Bhat,2025/06/05,New Delhi,Platinum,25-34,,,Organic Search,Honeymoon
CUST02374,Isha Mehta,17-08-2024,Pune,Silver,,,F,Social Media,Family
CUST02375,Arjun Agarwal,21-03-2024,Lucknow,Gold,55+,,,Social Media,
CUST02376,Meera Menon,20-08-2024,Hyderabad,Silver,45-54,android,F,Social Media,
CUST02377,Arjun Nair,21-07-2026,Rishikesh,Silver,55+,,,Referral,Solo
CUST02378,Ritu Malhotra,20-01-2024,Udaipur,Gold,35-44,,F,Organic Search,Family
CUST02379,Sunita Bhat,26-12-2025,Goa,none,35-44,IOS,,Referral,
CUST02380,Ashish Iyer,27-02-2025,Mysuru,silver,35-44,android,M,Paid Ads,Solo
CUST02381,Anjali Singh,2023/11/07,Goa,Gold,,,F,Paid Ads,
CUST02382,Divya Sharma,12-04-2026,Manali,platinum,25-34,,F,Referral,
CUST02383,Gaurav Sharma,2025/07/11,Lucknow,Platinum,,IOS,M,Referral,Solo
CUST02384,Deepika Patel,2025/01/18,Darjeeling,Silver,,android,F,App Install,Family
CUST02385,Ritu Agarwal,25-03-2026,Jodhpur,Silver,35-44,,,Referral,Family
CUST02386,Vikram Banerjee,31-12-2024,Rishikesh,Silver,,IOS,M,Organic Search,Solo
CUST02387,Rajesh Gupta,20-09-2024,Jaipur,Gold,55+,,M,App Install,
CUST02388,Kavita Reddy,2025/01/03,Agra,None,,,F,Paid Ads,
CUST02389,Pankaj Reddy,2023/09/17,Hyderabad,Platinum,18-24,,,Email Campaign,Leisure
CUST02390,Ritu Sharma,2025/02/24,Kochi,None,55+,,F,App Install,Family
CUST02391,Swati Joshi,10-12-2023,bengaluru,NA,18-24,,,Paid Ads,Family
CUST02392,Anita Mehta,2025/07/29,New Delhi,None,45-54,,F,Organic Search,Family
CUST02393,Priya Sharma,2024/04/20,Lucknow,Platinum,35-44,iOS,F,App Install,Business
CUST02394,Kavita Patel,2024/10/03,Jodhpur,platinum,,,F,Paid Ads,Family
CUST02395,Gaurav Agarwal,03-08-2026,Shimla,None,,,M,Organic Search,Honeymoon
CUST02396,Ananya Malhotra,05-11-2024,Kochi,None,,android,F,Social Media,Family
CUST02397,Rahul Sharma,13-05-2024,Manali,Silver,55+,,,Paid Ads,Business
CUST02398,Vinay Das,30-05-2024,Ahmedabad,None,,,M,Social Media,
CUST02399,Neha Agarwal,2025/10/08,Kochi,Silver,45-54,,F,App Install,
CUST02400,Ananya Chopra,2026/06/30,varanasi,Platinum,35-44,,F,Paid Ads,Solo
CUST02401,Gaurav Menon,01-11-2023,Udaipur,None,18-24,Android,M,Social Media,Honeymoon
CUST02402,Arjun Das,30-11-2025,Hyderabad,Gold,45-54,iOS,M,Referral,Leisure
CUST02403,Priya Agarwal,21-04-2024,Jaipur,Silver,,,,Email Campaign,
CUST02404,Vivek Verma,04-05-2024,Bangalore,,35-44,Android,M,Email Campaign,Business
CUST02405,Pankaj Sharma,02-01-2026,Udaipur,None,45-54,,,Organic Search,Honeymoon
CUST02406,Nikhil Bhat,2026/03/20,Lucknow,Silver,,IOS,,Paid Ads,
CUST02407,Vinay Malhotra,2026/06/12,Rishikesh,None,45-54,Android,,App Install,Leisure
CUST02408,Rajesh Nair,17-09-2023,Mysuru,Gold,18-24,,M,Social Media,Family
CUST02409,Deepak Verma,25-02-2026,Amritsar,Silver,,IOS,M,Social Media,
CUST02410,Ashish Patel,24-05-2024,Goa,Gold,35-44,android,M,Organic Search,Solo
CUST02411,Rahul Singh,2025/08/23,Jaipur,Gold,45-54,,M,Paid Ads,
CUST02412,Pankaj Menon,27-05-2024,Kolkata,None,55+,,M,Organic Search,Leisure
CUST02413,Pooja Verma,2026/01/02,Darjeeling,Silver,55+,,F,Social Media,Business
CUST02414,Preeti Das,2026/04/14,Calcutta,Silver,25-34,,F,Paid Ads,Business
CUST02415,Karan Patel,26-11-2025,Darjeeling,Platinum,35-44,,M,Social Media,Business
CUST02416,Karan Agarwal,2025/10/17,Hyderabad,Gold,,,M,Email Campaign,
CUST02417,Aditya Patel,10-10-2023,Chennai,silver,45-54,,,Paid Ads,Honeymoon
CUST02418,Nikhil Chopra,28-04-2025,Goa,none,,,,App Install,Solo
CUST02419,Neha Malhotra,2024/01/11,Jaipur,silver,55+,Web,,Organic Search,Honeymoon
CUST02420,Anil Gupta,2026/08/31,Ahmedabad,Gold,35-44,iOS,M,Referral,Business
CUST02421,Pooja Gupta,2024/01/23,Agra,Platinum,18-24,iOS,F,Organic Search,Family
CUST02422,Ritu Kumar,2024/08/30,Pune,Platinum,18-24,,,Paid Ads,Family
CUST02423,Nisha Rao,2023/12/29,Manali,Gold,35-44,,,Organic Search,
CUST02424,Nisha Agarwal,2026/08/27,Agra,Platinum,45-54,android,F,App Install,Business
CUST02425,Ravi Kapoor,14-04-2026,Pune,GOLD,25-34,IOS,,Social Media,Leisure
CUST02426,Gaurav Das,12-11-2023,Shimla,Gold,45-54,Android,M,Social Media,Solo
CUST02427,Swati Joshi,2025/04/22,Pune,Gold,35-44,iOS,F,Organic Search,Solo
CUST02428,Rohan Kumar,2026/03/21,Chennai,None,55+,,M,Social Media,Leisure
CUST02429,Swati Kapoor,21-09-2023,Bengaluru ,Gold,25-34,,F,Referral,Solo
CUST02430,Rajesh Menon,2026/08/05,Amritsar,Silver,35-44,IOS,M,Organic Search,Solo
CUST02431,Ananya Banerjee,16-03-2025,bengaluru,Gold,18-24,android,F,Email Campaign,Leisure
CUST02432,Rajesh Mehta,05-05-2024,Jaipur,None,25-34,,,Referral,
CUST02433,Vikram Mehta,18-07-2025,Rishikesh,None,35-44,,M,Referral,
CUST02434,Priya Singh,21-09-2024,Pune,None,45-54,Android,,Organic Search,Business
CUST02435,Shreya Malhotra,2024/11/17,Shimla,None,25-34,Android,F,Social Media,Family
CUST02436,Priya Sharma,2023/11/05,Jodhpur,Silver,45-54,,F,Organic Search,Family
CUST02437,Aditya Nair,13-08-2026,Darjeeling,Silver,18-24,,M,Paid Ads,
CUST02438,Meera Gupta,05-08-2025,Hyderabad,None,35-44,Android,,Social Media,
CUST02439,Pankaj Kapoor,2025/09/17,Rishikesh,silver,25-34,Android,M,Referral,Business
CUST02440,Karan Iyer,04-09-2026,delhi,none,,Android,M,Referral,Honeymoon
CUST02441,Vikram Bhat,2025/05/10,MUMBAI,silver,18-24,android,M,App Install,
CUST02442,Neha Gupta,27-02-2026,New Delhi ,None,18-24,android,F,Social Media,Business
CUST02443,Pankaj Sharma,09-10-2023,Amritsar,none,25-34,android,M,Organic Search,Business
CUST02444,Suresh Joshi,2024/04/18,Chennai,silver,,,,App Install,
CUST02445,Rahul Bhat,30-12-2023,Jodhpur,None,45-54,,,Email Campaign,
CUST02446,Rahul Rao,16-11-2025,Agra,None,55+,,,Organic Search,Leisure
CUST02447,Ravi Gupta,27-06-2024,Ahmedabad,NA,25-34,IOS,M,Referral,
CUST02448,Amit Das,2025/01/17,Rishikesh,Silver,18-24,,M,Paid Ads,
CUST02449,Vikram Rao,05-08-2025,Lucknow,None,18-24,android,M,Referral,
CUST02450,Preeti Verma,01-01-2026,Udaipur,None,18-24,Web,F,Referral,Family
CUST02451,Pankaj Kumar,2024/07/06,Rishikesh,none,35-44,android,M,Organic Search,Business
CUST02452,Swati Malhotra,22-05-2024,Mysuru,Silver,18-24,,F,App Install,
CUST02453,Nikhil Verma,30-05-2025,Goa,Platinum,18-24,,M,Email Campaign,
CUST02454,Preeti Joshi,26-10-2024,Benaras,Silver,55+,,F,Social Media,Honeymoon
CUST02455,Kritika Kapoor,16-12-2024,Hyderabad,Gold,35-44,Android,F,App Install,Honeymoon
CUST02456,Isha Gupta,03-10-2025,Jodhpur,silver,25-34,,F,Social Media,Solo
CUST02457,Kritika Kumar,01-05-2024,Kochi,None,,android,,Paid Ads,Family
CUST02458,Shreya Das,2024/10/08,Jodhpur,Platinum,55+,,F,Referral,
CUST02459,Preeti Menon,2026/01/21,Jaipur,None,18-24,,,Paid Ads,
CUST02460,Shreya Sharma,2023/10/21,Agra,silver,35-44,,,Social Media,
CUST02461,Anita Sharma,17-09-2025,Rishikesh,None,,IOS,F,Paid Ads,Business
CUST02462,Ananya Agarwal,26-09-2024,Jaipur,Silver,25-34,,F,Email Campaign,Family
CUST02463,Pooja Kapoor,21-05-2024,Kochi,silver,25-34,,F,Paid Ads,Family
CUST02464,Rohan Banerjee,2024/03/24,Goa,Platinum,18-24,android,M,App Install,
CUST02465,Vivek Patel,07-02-2025,Agra,Silver,45-54,,M,Referral,Business
CUST02466,Vikram Sharma,22-03-2024,Kochi,Silver,45-54,IOS,M,Email Campaign,Business
CUST02467,Vivek Bhat,02-09-2024,Shimla,None,45-54,,,App Install,
CUST02468,Preeti Das,2025/07/25,Kochi,NA,45-54,IOS,F,App Install,Business
CUST02469,Priya Das,06-02-2024,Pune,None,55+,android,F,Paid Ads,Honeymoon
CUST02470,Sanjay Rao,2024/12/10,bengaluru,None,35-44,Web,,Email Campaign,
CUST02471,Sunita Menon,21-04-2026,Manali,Gold,18-24,,F,Paid Ads,Family
CUST02472,Karan Kapoor,19-08-2026,Goa,None,18-24,,,Social Media,
CUST02473,Neha Verma,21-08-2025,Kochi,Gold,55+,iOS,F,Social Media,
CUST02474,Pooja Menon,2024/02/23,Mumbai,Silver,18-24,Android,F,Email Campaign,
CUST02475,Sunita Das,2026/03/25,Jaipur,None,25-34,iOS,,Paid Ads,
CUST02476,Arjun Gupta,14-04-2025,Manali,Gold,18-24,iOS,M,Referral,Solo
CUST02477,Pankaj Iyer,16-09-2025,Amritsar,Platinum,,,M,Referral,Business
CUST02478,Rohan Patel,19-12-2024,Chennai,Gold,,,M,Organic Search,Honeymoon
CUST02479,Pankaj Patel,2026/05/23,bengaluru,platinum,55+,IOS,M,App Install,Business
CUST02480,Priya Kumar,22-09-2025,varanasi,None,18-24,,F,Referral,Business
CUST02481,Suresh Sharma,2026/03/06,Jaipur,Gold,25-34,,M,Email Campaign,
CUST02482,Pankaj Reddy,25-02-2026,Hyderabad,,18-24,,M,Email Campaign,Business
CUST02483,Shreya Malhotra,09-05-2026,Ahmedabad,None,35-44,IOS,F,Paid Ads,
CUST02484,Priya Bhat,2025/04/16,Benaras,Silver,18-24,Android,,Paid Ads,Leisure
CUST02485,Ananya Mehta,15-10-2023,Bangalore,None,35-44,Android,F,Referral,Leisure
CUST02486,Isha Chopra,20-01-2025,Mysuru,Platinum,25-34,,F,Referral,Business
CUST02487,Kavita Reddy,03-08-2026,Mysuru,Silver,,,F,App Install,Honeymoon
CUST02488,Shalini Kumar,2025/03/22,Amritsar,Platinum,55+,IOS,F,Email Campaign,Solo
CUST02489,Deepika Rao,07-03-2024,Ahmedabad,Silver,35-44,,F,Email Campaign,Leisure
CUST02490,Ravi Iyer,2025/05/02,Darjeeling,None,35-44,,,Email Campaign,Honeymoon
CUST02491,Kavita Reddy,2024/03/01,New Delhi ,None,45-54,,F,Social Media,Solo
CUST02492,Amit Patel,2026/06/25,Udaipur,Platinum,55+,,,Email Campaign,Solo
CUST02493,Sunita Patel,2026/09/09,Udaipur,None,25-34,,,Organic Search,
CUST02494,Gaurav Verma,2025/02/26,Calcutta,Gold,35-44,,M,Email Campaign,Leisure
CUST02495,Meera Gupta,24-01-2026,Calcutta,None,18-24,,F,Paid Ads,Solo
CUST02496,Pooja Banerjee,2026/07/22,Goa,Silver,25-34,android,F,Email Campaign,
CUST02497,Pooja Kumar,04-10-2023,Mysuru,Silver,35-44,android,,Referral,Honeymoon
CUST02498,Preeti Joshi,13-07-2024,Lucknow,Silver,55+,,,Referral,
CUST02499,Arjun Das,2025/07/30,Darjeeling,Silver,,,,Organic Search,
CUST02500,Shalini Rao,19-01-2026,Shimla,None,45-54,,,App Install,Business
CUST02501,Vinay Kapoor,2026/09/05,Manali,Silver,,,M,Social Media,Leisure
CUST02502,Priya Mehta,2024/08/18,Rishikesh,Silver,18-24,,,Paid Ads,Leisure
CUST02503,Vikram Banerjee,01-09-2026,Agra,None,35-44,Android,M,Email Campaign,Leisure
CUST02504,Deepak Sharma,2024/12/11,bengaluru,Silver,35-44,,M,Referral,Leisure
CUST02505,Vivek Malhotra,27-04-2024,Calcutta,None,35-44,,M,App Install,Business
CUST02506,Swati Iyer,2025/05/12,Kochi,Platinum,55+,Web,,Social Media,
CUST02507,Shalini Malhotra,2025/07/16,Darjeeling,None,45-54,android,,Email Campaign,
CUST02508,Gaurav Chopra,2025/10/09,Kolkata,Silver,45-54,,M,Email Campaign,
CUST02509,Rohan Nair,2023/09/28,Chennai,None,18-24,IOS,,Referral,Honeymoon
CUST02510,Preeti Banerjee,2024/10/04,Agra,Silver,45-54,android,F,Organic Search,
CUST02511,Ravi Kumar,09-11-2023,Ahmedabad,Gold,,,,Referral,Honeymoon
CUST02512,Sanjay Bhat,2026/07/14,Pune,Silver,25-34,,M,Social Media,
CUST02513,Manoj Bhat,20-02-2026,Amritsar,None,18-24,,,Organic Search,
CUST02514,Nisha Bhat,2024/07/27,Darjeeling,Silver,25-34,,F,Referral,
CUST02515,Arjun Verma,15-08-2025,Mumbai,none,35-44,iOS,M,Paid Ads,Business
CUST02516,Arjun Nair,03-02-2026,Jaipur,None,55+,,M,Social Media,
CUST02517,Pooja Nair,07-09-2026,Jodhpur,Gold,55+,iOS,F,Paid Ads,Leisure
CUST02518,Preeti Malhotra,2024/09/27,Jaipur,GOLD,35-44,,F,App Install,Solo
CUST02519,Deepak Mehta,16-09-2026,Amritsar,None,18-24,Android,M,Organic Search,Honeymoon
CUST02520,Kritika Patel,02-10-2024,Agra,None,45-54,,F,Email Campaign,
CUST02521,Anjali Agarwal,27-01-2025,New Delhi ,Silver,45-54,Android,F,Paid Ads,
CUST02522,Shreya Joshi,2025/12/03,Lucknow,None,55+,,,Referral,Leisure
CUST02523,Aditya Malhotra,14-04-2026,Mumbai,None,18-24,,M,Social Media,Leisure
CUST02524,Shalini Sharma,2024/03/14,Ahmedabad,None,55+,Web,F,Social Media,Family
CUST02525,Gaurav Das,01-08-2026,Jaipur,Silver,18-24,Web,M,Referral,Solo
CUST02526,Arjun Joshi,2025/12/21,Chennai,platinum,55+,android,,Paid Ads,
CUST02527,Meera Kumar,19-11-2023,varanasi,none,,Web,F,Email Campaign,Business
CUST02528,Isha Menon,01-05-2024,Jaipur,Platinum,18-24,,F,Organic Search,
CUST02529,Kritika Agarwal,02-06-2025,Chennai,None,25-34,,F,Email Campaign,
CUST02530,Sunita Patel,2025/07/31,Manali,Silver,,,F,App Install,
CUST02531,Kavita Kapoor,2026/03/23,New Delhi,GOLD,18-24,,F,Referral,
CUST02532,Rohan Malhotra,2024/01/28,Darjeeling,Gold,25-34,Android,M,Organic Search,Business
CUST02533,Pooja Sharma,24-06-2025,Agra,None,55+,,F,Paid Ads,Family
CUST02534,Vikram Banerjee,12-11-2023,Mysuru,None,45-54,Web,M,Referral,Leisure
CUST02535,Vivek Mehta,04-08-2025,Ahmedabad,Gold,45-54,,M,Paid Ads,Business
CUST02536,Anil Verma,2026/08/23,Rishikesh,Silver,45-54,,M,Email Campaign,
CUST02537,Ashish Joshi,10-03-2024,Goa,None,55+,Android,M,App Install,Leisure
CUST02538,Pankaj Rao,25-12-2024,Darjeeling,None,35-44,,M,Email Campaign,Leisure
CUST02539,Arjun Kapoor,17-01-2025,Bengaluru ,silver,,,M,App Install,Honeymoon
CUST02540,Ashish Gupta,16-06-2025,Jaipur,silver,18-24,Android,M,Referral,
CUST02541,Neha Singh,2023/12/09,MUMBAI,Platinum,18-24,,F,Social Media,Solo
CUST02542,Karan Joshi,2024/09/25,Goa,,55+,Web,M,Organic Search,
CUST02543,Anil Gupta,2025/04/11,Agra,Platinum,25-34,Web,M,Organic Search,Family
CUST02544,Gaurav Joshi,2025/08/22,Bombay,Gold,,,M,Paid Ads,
CUST02545,Isha Agarwal,22-05-2024,Goa,GOLD,35-44,,F,Social Media,Family
CUST02546,Priya Iyer,2026/03/14,Hyderabad,Silver,35-44,,F,Social Media,Solo
CUST02547,Aditya Iyer,09-05-2024,Amritsar,Silver,55+,,,Email Campaign,
CUST02548,Shalini Gupta,2025/04/20,Kolkata,None,18-24,,F,Paid Ads,
CUST02549,Nikhil Sharma,2023/11/13,Rishikesh,Platinum,25-34,Web,M,Referral,Family
CUST02550,Rohan Mehta,11-11-2025,Ahmedabad,None,18-24,Android,,Social Media,Family
CUST02551,Deepak Mehta,18-12-2025,Ahmedabad,Silver,35-44,,M,Email Campaign,
CUST02552,Swati Nair,10-06-2026,Darjeeling,None,35-44,,,Organic Search,Business
CUST02553,Divya Kumar,2023/12/31,Darjeeling,GOLD,55+,Android,,App Install,
CUST02554,Ananya Agarwal,16-07-2024,Ahmedabad,None,55+,iOS,F,Email Campaign,Family
CUST02555,Priya Verma,20-06-2026,Chennai,None,18-24,Web,F,Organic Search,Solo
CUST02556,Anjali Kapoor,2026/03/13,Udaipur,None,25-34,iOS,F,App Install,Family
CUST02557,Manoj Reddy,2024/08/23,Darjeeling,None,18-24,,,Organic Search,
CUST02558,Anil Singh,2024/10/10,Udaipur,Silver,55+,android,M,Paid Ads,Business
CUST02559,Nikhil Mehta,2025/08/31,Jodhpur,Silver,25-34,,,Email Campaign,Honeymoon
CUST02560,Nisha Rao,21-11-2024,Darjeeling,Silver,,,F,App Install,Leisure
CUST02561,Ritu Kapoor,2024/10/11,Hyderabad,GOLD,45-54,,F,App Install,
CUST02562,Meera Malhotra,2026/07/28,Darjeeling,Gold,25-34,Android,F,Organic Search,Business
CUST02563,Vivek Gupta,2026/06/30,bengaluru,Silver,55+,IOS,M,Paid Ads,
CUST02564,Shreya Agarwal,03-12-2025,Shimla,Platinum,45-54,,F,Referral,Leisure
CUST02565,Pankaj Mehta,2025/05/18,Jaipur,Gold,45-54,iOS,M,Paid Ads,Family
CUST02566,Ravi Banerjee,11-01-2026,Bengaluru ,none,18-24,,M,Paid Ads,
CUST02567,Suresh Joshi,2023/11/24,Chennai,Silver,45-54,Web,M,Referral,Family
CUST02568,Rohan Chopra,08-04-2024,Hyderabad,None,18-24,,,Email Campaign,Business
CUST02569,Suresh Verma,26-10-2023,Lucknow,Silver,55+,,M,Email Campaign,Business
CUST02570,Sneha Rao,2025/05/25,Shimla,Silver,18-24,,F,Referral,Honeymoon
CUST02571,Deepika Gupta,2026/03/29,Amritsar,Silver,18-24,Web,,Email Campaign,Family
CUST02572,Arjun Sharma,2024/02/09,bengaluru,Silver,25-34,Web,M,Referral,
CUST02573,Deepika Das,2025/03/14,Udaipur,Silver,35-44,IOS,F,Referral,
CUST02574,Anil Kapoor,2026/07/20,Ahmedabad,Platinum,,,,Paid Ads,Leisure
CUST02575,Meera Verma,2026/04/03,Shimla,Silver,25-34,,F,Email Campaign,Solo
CUST02576,Gaurav Reddy,12-06-2025,Jaipur,None,,,M,Paid Ads,Honeymoon
CUST02577,Ritu Mehta,2026/01/02,Jaipur,Silver,18-24,android,F,Email Campaign,
CUST02578,Vivek Mehta,2026/01/04,Shimla,None,55+,iOS,M,Email Campaign,Solo
CUST02579,Rohan Patel,2026/05/28,Agra,None,35-44,,M,Organic Search,
CUST02580,Pankaj Sharma,22-11-2025,Hyderabad,None,,,M,Organic Search,Solo
CUST02581,Rahul Patel,06-08-2026,Manali,Platinum,45-54,IOS,M,Paid Ads,
CUST02582,Vinay Joshi,2025/02/21,Manali,None,35-44,,M,Social Media,Leisure
CUST02583,Isha Das,23-02-2024,Rishikesh,Platinum,55+,,,Referral,Business
CUST02584,Anita Mehta,2025/08/14,Chennai,None,18-24,,,Referral,
CUST02585,Nikhil Iyer,02-11-2025,Amritsar,Platinum,18-24,Web,M,Email Campaign,Family
CUST02586,Aditya Reddy,21-10-2025,Goa,Gold,45-54,Web,,Social Media,
CUST02587,Amit Rao,2026/05/19,Darjeeling,Gold,25-34,android,M,Social Media,
CUST02588,Vikram Rao,14-11-2024,Jodhpur,None,55+,,M,Social Media,Leisure
CUST02589,Gaurav Kumar,08-10-2025,Manali,Platinum,35-44,,M,Referral,Solo
CUST02590,Anjali Agarwal,02-10-2024,Benaras,None,45-54,,F,App Install,Business
CUST02591,Suresh Bhat,22-10-2025,Benaras,Silver,35-44,,M,App Install,
CUST02592,Gaurav Malhotra,22-10-2025,Calcutta,NA,,Android,M,App Install,
CUST02593,Kritika Reddy,17-07-2025,Goa,None,35-44,,F,App Install,
CUST02594,Vikram Kapoor,30-06-2026,Pune,Silver,55+,Web,M,Email Campaign,Leisure
CUST02595,Sunita Banerjee,2026/04/05,Bangalore,None,45-54,android,F,Organic Search,Leisure
CUST02596,Shreya Joshi,12-07-2024,Kochi,Silver,,,F,Email Campaign,Leisure
CUST02597,Swati Bhat,15-10-2024,Agra,Gold,18-24,IOS,,App Install,
CUST02598,Rahul Malhotra,2025/11/08,Kolkata,Silver,55+,,,Social Media,
CUST02599,Sanjay Nair,18-11-2023,Calcutta,None,25-34,,M,Paid Ads,Family
CUST02600,Nikhil Gupta,20-02-2026,Manali,Platinum,18-24,IOS,M,Email Campaign,Family
CUST02601,Pankaj Sharma,2024/01/03,Bangalore,silver,35-44,,M,Referral,Family
CUST02602,Deepika Banerjee,2024/02/07,Udaipur,Platinum,35-44,,,Organic Search,
CUST02603,Rajesh Agarwal,2024/05/09,Manali,None,55+,IOS,M,Referral,Solo
CUST02604,Swati Rao,15-04-2024,Ahmedabad,Platinum,55+,,F,App Install,Solo
CUST02605,Pankaj Bhat,09-09-2024,Udaipur,silver,45-54,Android,,Paid Ads,
CUST02606,Vivek Rao,2024/12/19,New Delhi ,None,,Web,M,Email Campaign,Leisure
CUST02607,Vinay Rao,2026/01/21,Ahmedabad,platinum,35-44,IOS,M,Social Media,Honeymoon
CUST02608,Vinay Bhat,2026/03/21,Darjeeling,Gold,35-44,,M,Social Media,
CUST02609,Pooja Rao,19-03-2024,New Delhi,None,18-24,Android,F,Organic Search,
CUST02610,Sneha Das,26-02-2025,Rishikesh,,25-34,android,F,Paid Ads,Business
CUST02611,Rohan Nair,2025/07/07,Rishikesh,Silver,35-44,Web,M,Paid Ads,Leisure
CUST02612,Suresh Menon,10-08-2024,Chennai,None,25-34,IOS,M,Referral,Honeymoon
CUST02613,Nisha Iyer,2026/09/08,varanasi,Silver,45-54,android,F,Paid Ads,Honeymoon
CUST02614,Priya Sharma,12-05-2025,Darjeeling,None,25-34,IOS,F,Email Campaign,Solo
CUST02615,Deepika Joshi,2025/06/24,Manali,None,35-44,android,F,Organic Search,
CUST02616,Arjun Iyer,2026/02/28,Mysuru,None,18-24,,M,Referral,
CUST02617,Deepak Malhotra,2023/10/22,Kochi,Silver,25-34,,M,Referral,Family
CUST02618,Rohan Agarwal,14-11-2023,Amritsar,Platinum,55+,,M,Referral,Honeymoon
CUST02619,Amit Sharma,15-10-2024,Darjeeling,None,55+,,M,Organic Search,Solo
CUST02620,Anjali Kapoor,25-10-2024,Darjeeling,silver,25-34,,,Organic Search,Honeymoon
CUST02621,Meera Chopra,2025/08/09,Udaipur,Gold,35-44,Android,F,Organic Search,Business
CUST02622,Ananya Mehta,2025/12/07,Agra,None,55+,,F,Email Campaign,Leisure
CUST02623,Ashish Joshi,2024/01/24,Hyderabad,silver,18-24,,M,App Install,Family
CUST02624,Ananya Mehta,2023/11/27,varanasi,Silver,,,F,Social Media,
CUST02625,Karan Kumar,28-10-2025,Manali,None,55+,,M,Organic Search,Honeymoon
CUST02626,Karan Gupta,2026/05/03,Bangalore,silver,18-24,android,M,Paid Ads,Solo
CUST02627,Shreya Menon,2026/03/31,Lucknow,Gold,35-44,,F,Paid Ads,
CUST02628,Manoj Agarwal,03-09-2024,Lucknow,Gold,18-24,,M,App Install,Solo
CUST02629,Rohan Agarwal,23-08-2026,Shimla,,25-34,android,M,Referral,Solo
CUST02630,Preeti Agarwal,2025/06/28,Chennai,Silver,18-24,,F,Organic Search,
CUST02631,Sanjay Banerjee,2025/02/22,Mysuru,Gold,35-44,,M,Social Media,Leisure
CUST02632,Arjun Sharma,2026/01/05,Jaipur,Gold,35-44,Web,,Referral,Business
CUST02633,Rahul Patel,2026/01/15,varanasi,,25-34,android,M,Paid Ads,
CUST02634,Nisha Nair,2026/05/20,Jodhpur,Platinum,55+,IOS,F,Referral,
CUST02635,Sneha Menon,2025/11/09,Rishikesh,Silver,25-34,,F,Paid Ads,Business
CUST02636,Meera Mehta,2024/05/01,Rishikesh,none,18-24,,F,Organic Search,
CUST02637,Sunita Das,03-05-2024,Calcutta,None,55+,,F,Paid Ads,Honeymoon
CUST02638,Rahul Banerjee,02-06-2025,Bengaluru,Silver,18-24,,,App Install,
CUST02639,Suresh Agarwal,2025/08/10,Ahmedabad,Silver,45-54,IOS,,Email Campaign,
CUST02640,Aditya Bhat,19-04-2025,Pune,silver,,,,Email Campaign,Solo
CUST02641,Priya Patel,01-06-2026,varanasi,Gold,,,F,Organic Search,Solo
CUST02642,Swati Nair,02-04-2025,Ahmedabad,None,55+,Web,,Referral,Solo
CUST02643,Pankaj Bhat,11-05-2026,Jodhpur,none,45-54,IOS,M,Referral,Honeymoon
CUST02644,Vivek Patel,04-03-2024,Chennai,Silver,45-54,,M,Paid Ads,Family
CUST02645,Manoj Malhotra,2026/09/14,Rishikesh,Silver,35-44,,,Referral,Business
CUST02646,Amit Gupta,2025/11/12,Ahmedabad,None,18-24,,M,Referral,
CUST02647,Preeti Rao,2024/05/05,New Delhi,Silver,,,F,Social Media,Leisure
CUST02648,Rohan Agarwal,10-01-2026,Lucknow,platinum,45-54,,M,App Install,Leisure
CUST02649,Rahul Singh,2026/03/12,Lucknow,None,18-24,,M,Email Campaign,
CUST02650,Nisha Rao,2025/11/25,Varanasi,None,35-44,,F,Referral,
CUST02651,Shreya Iyer,24-07-2025,Manali,Silver,35-44,,F,Organic Search,
CUST02652,Pooja Joshi,2026/03/11,delhi,Silver,55+,,F,Paid Ads,Business
CUST02653,Deepika Joshi,2025/05/23,Darjeeling,Gold,45-54,android,F,Social Media,Family
CUST02654,Ravi Rao,2026/06/02,MUMBAI,None,18-24,,M,Paid Ads,Family
CUST02655,Nikhil Mehta,2025/01/09,Jodhpur,Gold,,,,Paid Ads,Leisure
CUST02656,Vikram Kapoor,30-07-2026,Mysuru,Platinum,55+,iOS,M,Paid Ads,Honeymoon
CUST02657,Nisha Kapoor,2023/11/03,Rishikesh,Silver,35-44,,,Referral,Solo
CUST02658,Arjun Iyer,08-05-2025,Rishikesh,None,35-44,iOS,M,Organic Search,
CUST02659,Anil Singh,25-12-2025,bengaluru,Silver,,iOS,M,Email Campaign,Business
CUST02660,Isha Iyer,21-03-2024,kolkata,None,18-24,IOS,,Email Campaign,
CUST02661,Isha Agarwal,2026/06/27,Darjeeling,silver,35-44,,F,Email Campaign,Family
CUST02662,Swati Joshi,12-12-2023,Udaipur,None,,,,Organic Search,
CUST02663,Sanjay Rao,25-05-2026,Chennai,platinum,55+,,,Social Media,Business
CUST02664,Ananya Verma,2026/05/19,Manali,None,18-24,,,Organic Search,Business
CUST02665,Ritu Menon,15-08-2026,bengaluru,None,35-44,,F,App Install,Family
CUST02666,Aditya Nair,08-10-2025,Udaipur,None,,Web,M,Referral,Family
CUST02667,Swati Reddy,2025/09/30,Rishikesh,Platinum,,,F,Referral,Honeymoon
CUST02668,Ananya Kumar,2026/07/18,Agra,Platinum,45-54,iOS,F,Email Campaign,
CUST02669,Shalini Sharma,01-12-2023,Kolkata,Silver,,,F,Email Campaign,Solo
CUST02670,Nikhil Rao,04-02-2024,Shimla,NA,45-54,,M,Paid Ads,Honeymoon
CUST02671,Ananya Patel,31-07-2024,Lucknow,Gold,18-24,,F,Email Campaign,Leisure
CUST02672,Anita Gupta,2024/11/29,Jaipur,Silver,25-34,,F,App Install,Honeymoon
CUST02673,Nikhil Reddy,2026/07/21,Hyderabad,Silver,,,M,Organic Search,Solo
CUST02674,Pooja Gupta,16-11-2025,mumbai,Platinum,25-34,IOS,F,App Install,Solo
CUST02675,Ananya Verma,2024/07/28,Lucknow,Silver,,,F,Social Media,
CUST02676,Shalini Menon,2024/03/31,Manali,GOLD,18-24,,F,App Install,
CUST02677,Ravi Sharma,2025/02/06,Mysuru,Gold,55+,iOS,M,Email Campaign,Family
CUST02678,Sneha Agarwal,2024/06/28,Ahmedabad,Platinum,25-34,,F,Social Media,Honeymoon
CUST02679,Deepika Chopra,07-05-2024,Jaipur,None,18-24,Web,F,Paid Ads,Business
CUST02680,Manoj Nair,13-06-2026,Goa,Silver,,Web,,Social Media,Family
CUST02681,Karan Kumar,26-06-2024,Amritsar,Silver,55+,,M,Organic Search,Honeymoon
CUST02682,Neha Joshi,2025/05/29,Mysuru,Silver,35-44,,,Social Media,
CUST02683,Manoj Banerjee,20-01-2026,Delhi,,18-24,iOS,M,Organic Search,Business
CUST02684,Karan Singh,03-10-2024,Ahmedabad,Silver,45-54,iOS,M,Email Campaign,
CUST02685,Anjali Kapoor,12-12-2025,Goa,Silver,55+,,F,Paid Ads,Business
CUST02686,Anjali Patel,30-03-2025,Jodhpur,Silver,35-44,android,F,Organic Search,Family
CUST02687,Vinay Verma,2026/09/01,Mysuru,None,45-54,,,Referral,
CUST02688,Suresh Chopra,22-07-2026,varanasi,None,35-44,Web,M,Organic Search,Family
CUST02689,Karan Verma,2026/08/12,Ahmedabad,GOLD,,,,Organic Search,Business
CUST02690,Sneha Rao,2024/03/25,Shimla,Gold,45-54,IOS,,Email Campaign,Leisure
CUST02691,Ritu Patel,20-03-2026,New Delhi,None,18-24,,F,Social Media,
CUST02692,Nikhil Gupta,2026/06/03,Goa,None,,IOS,M,Referral,Business
CUST02693,Deepak Das,25-06-2024,delhi,Silver,18-24,Web,,Email Campaign,Leisure
CUST02694,Kritika Nair,08-02-2024,Shimla,Gold,,,,Email Campaign,Family
CUST02695,Ritu Malhotra,22-12-2024,Manali,,35-44,iOS,F,Email Campaign,Solo
CUST02696,Rajesh Menon,2025/11/27,Rishikesh,Gold,18-24,,M,Organic Search,Leisure
CUST02697,Karan Menon,14-09-2024,Delhi,Platinum,18-24,,,Referral,
CUST02698,Deepak Kapoor,21-02-2026,varanasi,Platinum,18-24,iOS,M,Organic Search,Solo
CUST02699,Arjun Kumar,16-05-2026,Kolkata,None,55+,,M,Referral,Leisure
CUST02700,Shreya Verma,01-10-2024,Rishikesh,Gold,45-54,IOS,F,App Install,Solo
CUST02701,Sneha Kumar,16-07-2024,DELHI,GOLD,45-54,,,Email Campaign,Family
CUST02702,Nisha Kumar,2024/10/23,Varanasi,Silver,,Android,F,Social Media,Business
CUST02703,Anil Patel,21-05-2025,MUMBAI,None,55+,,M,Email Campaign,Leisure
CUST02704,Manoj Chopra,2025/05/05,Kochi,None,,,M,Referral,
CUST02705,Rajesh Singh,13-10-2024,MUMBAI,Silver,18-24,Android,M,Email Campaign,
CUST02706,Priya Rao,2024/02/02,Darjeeling,None,18-24,Web,F,Email Campaign,Solo
CUST02707,Amit Joshi,02-08-2026,Jaipur,Silver,,android,M,Paid Ads,
CUST02708,Nisha Menon,2026/07/22,Manali,Gold,25-34,,F,Email Campaign,
CUST02709,Meera Das,2023/10/07,Darjeeling,,,,,Email Campaign,Business
CUST02710,Ritu Agarwal,10-01-2025,Pune,None,,IOS,F,Referral,Honeymoon
CUST02711,Isha Singh,08-07-2024,mumbai,Platinum,18-24,,F,App Install,
CUST02712,Neha Rao,2026/02/10,Amritsar,Silver,25-34,IOS,,Organic Search,
CUST02713,Nikhil Menon,2024/08/09,Goa,Silver,35-44,,M,Social Media,Leisure
CUST02714,Kritika Reddy,2024/01/12,Ahmedabad,Gold,25-34,,F,Referral,Family
CUST02715,Pooja Kapoor,08-12-2024,Amritsar,silver,55+,,F,Organic Search,
CUST02716,Pankaj Chopra,11-04-2024,Jaipur,Gold,,,M,Email Campaign,Business
CUST02717,Anita Chopra,03-10-2023,New Delhi,Silver,18-24,,,Organic Search,Business
CUST02718,Ananya Reddy,2026/05/13,kolkata,None,45-54,Android,,Organic Search,Family
CUST02719,Anjali Reddy,07-03-2026,Hyderabad,None,45-54,IOS,F,Email Campaign,Business
CUST02720,Anita Chopra,2025/07/17,Goa,silver,55+,,,Organic Search,Honeymoon
CUST02721,Deepika Singh,2026/07/09,Mysuru,None,25-34,,,Organic Search,Solo
CUST02722,Nisha Rao,2025/06/14,Darjeeling,Platinum,,android,F,App Install,
CUST02723,Isha Das,06-05-2024,Delhi,None,18-24,,F,Email Campaign,Business
CUST02724,Isha Kapoor,20-02-2025,Kochi,none,18-24,,F,Social Media,Leisure
CUST02725,Amit Agarwal,2024/02/16,Mysuru,Silver,18-24,,,Referral,Business
CUST02726,Ashish Kapoor,2026/03/30,Udaipur,Gold,25-34,,M,Social Media,Solo
CUST02727,Ashish Nair,2024/10/20,Bengaluru ,Silver,,,M,Social Media,
CUST02728,Vivek Banerjee,2024/06/21,Shimla,Gold,25-34,,,Referral,Honeymoon
CUST02729,Manoj Iyer,23-11-2024,Manali,silver,45-54,iOS,M,App Install,Business
CUST02730,Sneha Verma,09-10-2025,Lucknow,Silver,,,F,Referral,Business
CUST02731,Vikram Das,18-10-2025,varanasi,,18-24,android,M,Paid Ads,
CUST02732,Deepak Chopra,26-12-2023,Jodhpur,None,,,,Email Campaign,Leisure
CUST02733,Vikram Verma,16-11-2025,Shimla,Gold,45-54,,,Paid Ads,Business
CUST02734,Swati Menon,2024/04/09,kolkata,None,,,F,Referral,Leisure
CUST02735,Priya Agarwal,2023/10/10,Kolkata,None,55+,,F,App Install,Leisure
CUST02736,Sunita Joshi,14-11-2024,Calcutta,GOLD,18-24,,F,Paid Ads,Business
CUST02737,Kritika Reddy,19-04-2026,Rishikesh,Platinum,35-44,android,F,Referral,Leisure
CUST02738,Kritika Singh,18-08-2024,Hyderabad,Platinum,18-24,Android,F,Referral,
CUST02739,Pankaj Bhat,24-12-2023,Kochi,None,,,M,Social Media,
CUST02740,Aditya Agarwal,2024/10/15,Bengaluru,None,25-34,,,App Install,Honeymoon
CUST02741,Anil Verma,2025/07/28,Manali,Gold,45-54,android,M,Email Campaign,
CUST02742,Aditya Sharma,2024/03/14,bengaluru,None,45-54,,M,App Install,Honeymoon
CUST02743,Aditya Bhat,23-08-2024,Mumbai,None,45-54,,M,Paid Ads,Business
CUST02744,Neha Malhotra,19-02-2025,bengaluru,Silver,,,F,Organic Search,Family
CUST02745,Gaurav Kumar,2023/10/27,Varanasi,None,35-44,Android,M,Social Media,
CUST02746,Priya Verma,23-05-2026,Ahmedabad,None,55+,,F,Social Media,Business
CUST02747,Shreya Das,2024/01/11,Pune,None,25-34,IOS,F,App Install,
CUST02748,Anjali Kapoor,2025/08/19,Lucknow,none,18-24,,,App Install,Solo
CUST02749,Preeti Patel,29-04-2024,Hyderabad,None,35-44,,F,Email Campaign,Family
CUST02750,Rohan Sharma,22-09-2024,Kochi,Gold,25-34,,M,Social Media,
CUST02751,Nikhil Menon,2024/12/26,varanasi,Gold,45-54,,M,Email Campaign,Business
CUST02752,Rohan Kapoor,2025/05/14,Rishikesh,platinum,45-54,iOS,M,Social Media,Leisure
CUST02753,Preeti Agarwal,2026/07/21,Darjeeling,None,25-34,,F,Paid Ads,
CUST02754,Priya Mehta,2024/09/22,Amritsar,Silver,,,,App Install,Business
CUST02755,Ashish Reddy,2025/06/29,Amritsar,None,,,M,Social Media,Leisure
CUST02756,Priya Verma,20-07-2024,Ahmedabad,platinum,35-44,iOS,F,Paid Ads,Honeymoon
CUST02757,Ananya Patel,2026/03/04,Amritsar,Gold,18-24,IOS,F,Email Campaign,Family
CUST02758,Gaurav Das,13-08-2024,Rishikesh,Silver,35-44,,M,Paid Ads,
CUST02759,Vinay Chopra,2026/01/30,Kochi,GOLD,45-54,,M,Social Media,Honeymoon
CUST02760,Deepak Kapoor,18-01-2024,Jaipur,None,,,M,Paid Ads,Honeymoon
CUST02761,Anjali Singh,2024/09/16,Lucknow,Silver,55+,,F,Paid Ads,Business
CUST02762,Sneha Das,2026/07/30,Rishikesh,Silver,,android,F,Paid Ads,
CUST02763,Sanjay Reddy,08-05-2026,Ahmedabad,Gold,45-54,,M,App Install,Business
CUST02764,Sneha Menon,07-01-2026,Goa,Gold,45-54,,F,Referral,
CUST02765,Pooja Rao,2026/04/22,Chennai,silver,35-44,,F,Referral,Solo
CUST02766,Karan Chopra,2024/11/06,Benaras,GOLD,18-24,,,App Install,
CUST02767,Deepika Gupta,2025/06/17,Agra,None,45-54,,F,Email Campaign,
CUST02768,Sunita Nair,2026/08/18,Shimla,Platinum,35-44,Web,F,Referral,Business
CUST02769,Vivek Singh,2024/11/19,Jodhpur,None,25-34,Web,M,Referral,Family
CUST02770,Swati Das,2025/03/02,Jodhpur,Silver,55+,,F,App Install,Honeymoon
CUST02771,Ananya Iyer,14-12-2024,Shimla,None,35-44,,F,Organic Search,
CUST02772,Kritika Verma,08-12-2025,Jaipur,Gold,18-24,,,Social Media,Honeymoon
CUST02773,Vikram Chopra,13-11-2024,Benaras,Platinum,55+,,M,Social Media,
CUST02774,Priya Iyer,2026/04/08,Ahmedabad,Gold,,IOS,F,Referral,Leisure
CUST02775,Rajesh Banerjee,04-02-2024,Udaipur,Gold,45-54,,M,App Install,Honeymoon
CUST02776,Swati Joshi,27-07-2026,Hyderabad,Gold,55+,,F,Email Campaign,Solo
CUST02777,Rajesh Sharma,2026/02/27,Udaipur,None,35-44,,,Organic Search,Leisure
CUST02778,Kavita Malhotra,14-04-2024,mumbai,Gold,18-24,,F,App Install,Business
CUST02779,Kavita Kapoor,2025/09/04,Jaipur,GOLD,35-44,,F,Paid Ads,
CUST02780,Ritu Kapoor,23-05-2026,Calcutta,Silver,25-34,Android,F,Referral,Leisure
CUST02781,Deepika Bhat,29-06-2025,Agra,Platinum,35-44,,F,Organic Search,Leisure
CUST02782,Ritu Gupta,2024/05/17,Chennai,platinum,45-54,Web,F,Email Campaign,Family
CUST02783,Anjali Sharma,26-11-2024,Mysuru,Gold,55+,,F,App Install,Business
CUST02784,Deepak Mehta,2026/01/30,Bengaluru,Gold,45-54,,,Social Media,Business
CUST02785,Anjali Mehta,06-02-2025,Mumbai,None,,IOS,F,Paid Ads,
CUST02786,Manoj Menon,2024/05/27,Ahmedabad,None,25-34,,M,Social Media,Leisure
CUST02787,Rohan Menon,29-09-2023,DELHI,Silver,,,M,Organic Search,
CUST02788,Divya Bhat,07-05-2025,Agra,None,45-54,,,App Install,
CUST02789,Arjun Rao,2025/09/25,Manali,None,35-44,Android,M,Social Media,Leisure
CUST02790,Aditya Agarwal,28-02-2026,Goa,None,,,,Referral,Solo
CUST02791,Rahul Sharma,2025/05/21,Mumbai,Silver,18-24,Web,M,Social Media,Leisure
CUST02792,Rohan Das,2024/11/12,Udaipur,Silver,18-24,,M,Referral,
CUST02793,Kavita Iyer,2024/10/15,Jodhpur,None,,,F,Email Campaign,
CUST02794,Ananya Kumar,2025/06/14,Agra,Silver,45-54,,F,Organic Search,Business
CUST02795,Pooja Reddy,17-05-2025,Chennai,Silver,55+,,F,Referral,
CUST02796,Karan Singh,2026/05/11,Darjeeling,,45-54,Android,,Referral,Family
CUST02797,Karan Nair,02-04-2025,Bengaluru ,None,25-34,,,Paid Ads,Solo
CUST02798,Vivek Iyer,08-04-2025,Bengaluru,Gold,35-44,Web,,Social Media,
CUST02799,Swati Bhat,2024/07/04,Lucknow,none,35-44,iOS,F,Paid Ads,Leisure
CUST02800,Ashish Chopra,11-04-2026,Hyderabad,None,55+,,M,Email Campaign,Solo
CUST02801,Ananya Joshi,17-08-2026,mumbai,Platinum,55+,,F,App Install,Honeymoon
CUST02802,Manoj Agarwal,09-03-2026,kolkata,GOLD,55+,android,M,Referral,Leisure
CUST02803,Anil Rao,16-11-2024,varanasi,None,55+,android,M,Referral,
CUST02804,Anita Sharma,2025/01/20,Jodhpur,GOLD,18-24,IOS,F,Organic Search,Business
CUST02805,Neha Rao,2026/07/27,Kochi,Gold,,,,Social Media,Family
CUST02806,Rajesh Malhotra,2026/09/15,delhi,Silver,18-24,IOS,M,Paid Ads,Business
CUST02807,Suresh Rao,2024/01/09,Goa,Silver,35-44,,,Organic Search,Business
CUST02808,Shreya Das,2025/06/02,Hyderabad,None,35-44,,F,Social Media,Solo
CUST02809,Shalini Rao,01-03-2026,Hyderabad,Gold,,,F,App Install,Solo
CUST02810,Ritu Das,2025/02/28,Ahmedabad,None,25-34,Android,F,Organic Search,Family
CUST02811,Shreya Malhotra,16-09-2025,Jodhpur,Gold,25-34,,F,Email Campaign,Honeymoon
CUST02812,Ravi Iyer,2026/07/13,Chennai,None,35-44,,,Organic Search,
CUST02813,Shreya Verma,23-12-2024,Jaipur,Silver,35-44,,F,Social Media,Business
CUST02814,Sneha Patel,2023/09/17,Manali,GOLD,,,F,App Install,
CUST02815,Preeti Kumar,2024/03/10,Rishikesh,Gold,,iOS,F,Referral,
CUST02816,Rajesh Iyer,2023/12/16,Pune,Gold,18-24,,M,Paid Ads,Solo
CUST02817,Pankaj Reddy,2025/01/10,Ahmedabad,Gold,25-34,,M,App Install,Honeymoon
CUST02818,Sneha Iyer,2023/10/01,Kolkata,none,25-34,Web,F,Email Campaign,Family
CUST02819,Neha Nair,2025/10/02,Jaipur,None,35-44,,F,Email Campaign,
CUST02820,Kavita Kumar,2024/08/06,Jodhpur,None,35-44,,F,Organic Search,
CUST02821,Shreya Rao,22-03-2026,Bengaluru,none,45-54,,F,Paid Ads,Family
CUST02822,Deepika Verma,2026/01/13,Udaipur,None,55+,android,F,Referral,Leisure
CUST02823,Meera Sharma,12-10-2023,Ahmedabad,None,55+,android,F,Social Media,Honeymoon
CUST02824,Meera Patel,2026/08/13,Lucknow,None,45-54,,F,Referral,Solo
CUST02825,Pankaj Menon,2024/07/22,Bengaluru,None,45-54,,M,Organic Search,
CUST02826,Vikram Gupta,2025/09/11,Jaipur,None,18-24,iOS,M,Paid Ads,Honeymoon
CUST02827,Ravi Kumar,07-05-2026,Varanasi,None,35-44,,M,Referral,Honeymoon
CUST02828,Nikhil Bhat,2024/08/18,Bengaluru,None,35-44,,M,Social Media,
CUST02829,Sanjay Malhotra,2026/07/19,Rishikesh,silver,,Web,M,Email Campaign,Business
CUST02830,Preeti Reddy,2026/05/05,Manali,None,18-24,Web,F,Social Media,Honeymoon
CUST02831,Shalini Menon,2026/07/01,delhi,Silver,55+,,F,App Install,
CUST02832,Amit Reddy,09-07-2026,Bengaluru,None,25-34,,M,Social Media,Leisure
CUST02833,Anjali Das,21-01-2024,Mysuru,None,35-44,IOS,,Paid Ads,
CUST02834,Anjali Bhat,2025/08/18,Bangalore,None,,,F,Social Media,
CUST02835,Pankaj Nair,2024/09/04,Agra,Silver,18-24,iOS,M,Social Media,Solo
CUST02836,Deepika Singh,2024/02/06,Kochi,Silver,55+,,,Organic Search,Family
CUST02837,Ananya Agarwal,19-09-2024,Goa,Silver,,,F,Paid Ads,
CUST02838,Anjali Bhat,26-12-2025,kolkata,None,,,F,Organic Search,Business
CUST02839,Ritu Verma,04-12-2025,Mysuru,Silver,25-34,IOS,,App Install,Honeymoon
CUST02840,Anil Patel,16-07-2025,Jodhpur,Gold,55+,Web,M,App Install,Leisure
CUST02841,Sanjay Chopra,22-01-2026,Goa,None,25-34,,M,Referral,Honeymoon
CUST02842,Neha Chopra,21-02-2024,Chennai,Silver,,iOS,F,Social Media,
CUST02843,Priya Nair,2024/01/16,Lucknow,Silver,45-54,,F,Social Media,Business
CUST02844,Suresh Kapoor,2025/12/26,Amritsar,None,,Android,M,Email Campaign,
CUST02845,Sanjay Verma,21-10-2024,Agra,None,25-34,iOS,,Organic Search,Family
CUST02846,Amit Menon,16-12-2024,Jaipur,Platinum,,iOS,M,App Install,
CUST02847,Nisha Reddy,29-08-2026,Udaipur,none,18-24,,F,App Install,Leisure
CUST02848,Sanjay Banerjee,02-11-2025,Amritsar,Silver,,,,App Install,
CUST02849,Rahul Malhotra,08-02-2024,Goa,None,45-54,,M,Referral,Solo
CUST02850,Nikhil Nair,2026/02/11,Chennai,Platinum,18-24,Android,M,Email Campaign,Leisure
CUST02851,Meera Banerjee,2026/07/04,Jaipur,Gold,25-34,iOS,F,Paid Ads,
CUST02852,Sneha Gupta,26-09-2024,Mumbai,None,,,F,App Install,Leisure
CUST02853,Sneha Kumar,2024/01/17,Jaipur,None,45-54,,F,Social Media,Solo
CUST02854,Aditya Patel,2024/11/22,Manali,Silver,55+,,M,App Install,Business
CUST02855,Suresh Rao,2023/09/27,Chennai,None,25-34,Web,M,Social Media,Business
CUST02856,Aditya Rao,2026/06/19,Hyderabad,Gold,35-44,IOS,M,Email Campaign,Business
CUST02857,Shreya Verma,16-10-2025,Agra,none,55+,,F,Paid Ads,Leisure
CUST02858,Ananya Rao,2026/07/19,Amritsar,Silver,55+,,F,App Install,Family
CUST02859,Ritu Malhotra,2024/05/04,Manali,Gold,45-54,,F,App Install,
CUST02860,Karan Agarwal,2025/11/17,Hyderabad,Platinum,55+,,M,Paid Ads,Honeymoon
CUST02861,Rajesh Kapoor,2026/08/12,varanasi,None,55+,,M,Email Campaign,Honeymoon
CUST02862,Vivek Mehta,01-06-2025,Agra,,45-54,,M,App Install,Leisure
CUST02863,Arjun Gupta,07-07-2025,Shimla,Silver,25-34,,M,Referral,
CUST02864,Arjun Kumar,02-04-2025,Jodhpur,None,25-34,IOS,M,Referral,Family
CUST02865,Ananya Sharma,28-08-2024,DELHI,Silver,,iOS,F,Referral,Business
CUST02866,Manoj Agarwal,2026/08/16,Shimla,None,55+,,M,Referral,Family
CUST02867,Sneha Nair,2024/08/07,Lucknow,silver,45-54,,F,Referral,Family
CUST02868,Kritika Rao,29-12-2023,Chennai,Silver,55+,Android,F,Organic Search,
CUST02869,Sanjay Banerjee,2026/03/22,Bangalore,None,55+,,M,Organic Search,Solo
CUST02870,Rohan Kapoor,14-10-2025,Ahmedabad,Platinum,35-44,IOS,M,Organic Search,
CUST02871,Sunita Reddy,2023/10/17,Mysuru,Silver,55+,,F,Referral,Family
CUST02872,Aditya Banerjee,2024/03/10,Hyderabad,None,45-54,IOS,M,Paid Ads,Solo
CUST02873,Pooja Banerjee,05-11-2023,Ahmedabad,none,,,F,Referral,Business
CUST02874,Pooja Nair,27-12-2023,Chennai,None,45-54,iOS,F,Email Campaign,
CUST02875,Swati Rao,2024/11/04,Goa,Silver,35-44,,F,Referral,Family
CUST02876,Anil Reddy,2026/04/13,Hyderabad,None,45-54,,M,Paid Ads,Honeymoon
CUST02877,Divya Joshi,2024/11/10,Rishikesh,Platinum,45-54,IOS,F,App Install,Solo
CUST02878,Manoj Joshi,2025/12/05,Agra,Platinum,25-34,,M,Email Campaign,
CUST02879,Ritu Reddy,24-01-2026,Shimla,None,,,F,Email Campaign,Honeymoon
CUST02880,Anita Rao,2024/10/14,kolkata,Gold,45-54,,F,Social Media,Leisure
CUST02881,Rajesh Malhotra,16-11-2023,Jodhpur,Gold,35-44,iOS,M,Organic Search,Solo
CUST02882,Vinay Mehta,2024/01/03,Ahmedabad,Silver,18-24,,M,Paid Ads,Business
CUST02883,Ashish Patel,2025/02/18,Pune,Platinum,55+,iOS,,Email Campaign,
CUST02884,Shalini Mehta,2026/01/30,Pune,Silver,,,F,Email Campaign,
CUST02885,Arjun Mehta,05-05-2024,Jodhpur,Gold,45-54,android,M,App Install,Solo
CUST02886,Shreya Iyer,23-04-2025,Shimla,None,45-54,,F,Social Media,Business
CUST02887,Ashish Banerjee,26-07-2025,Jaipur,Platinum,18-24,Web,,Social Media,
CUST02888,Ravi Kumar,2026/08/23,Agra,Platinum,55+,android,M,Email Campaign,Business
CUST02889,Ritu Banerjee,10-08-2025,Goa,None,18-24,,F,Referral,Honeymoon
CUST02890,Shreya Singh,2024/11/28,Chennai,Gold,45-54,Web,,Social Media,Business
CUST02891,Ashish Singh,2024/02/09,Jodhpur,Gold,25-34,,M,Referral,Honeymoon
CUST02892,Anita Banerjee,2024/10/27,Jaipur,Silver,,IOS,F,Email Campaign,Family
CUST02893,Amit Agarwal,2025/05/28,kolkata,Silver,35-44,,M,Paid Ads,Business
CUST02894,Rahul Rao,2025/07/02,Udaipur,None,18-24,,,Paid Ads,
CUST02895,Sneha Chopra,2024/03/30,Darjeeling,Platinum,55+,IOS,,Referral,Solo
CUST02896,Vivek Reddy,2024/02/11,Jodhpur,Gold,,Android,M,Email Campaign,
CUST02897,Karan Sharma,15-06-2025,Udaipur,None,18-24,,M,Paid Ads,
CUST02898,Sneha Kumar,15-04-2025,Kochi,None,18-24,,,Paid Ads,
CUST02899,Ashish Nair,2024/07/18,Chennai,None,25-34,Web,M,Paid Ads,Honeymoon
CUST02900,Ashish Agarwal,2023/10/14,Manali,silver,25-34,,M,Paid Ads,
CUST02901,Isha Rao,25-12-2023,Chennai,Silver,,,F,Social Media,Leisure
CUST02902,Divya Malhotra,26-06-2026,Manali,Silver,25-34,,F,Organic Search,Family
CUST02903,Manoj Bhat,2024/06/23,Agra,Silver,45-54,,M,Paid Ads,
CUST02904,Rajesh Patel,2025/11/04,Manali,Gold,35-44,,M,Referral,Solo
CUST02905,Ravi Rao,28-07-2025,Chennai,Gold,55+,android,M,Referral,Solo
CUST02906,Arjun Chopra,2025/09/06,Bangalore,Gold,45-54,,,Email Campaign,Family
CUST02907,Isha Chopra,12-11-2025,Hyderabad,Gold,55+,,,Paid Ads,
CUST02908,Kavita Sharma,2026/07/29,Jodhpur,None,45-54,,,Organic Search,
CUST02909,Rohan Gupta,02-09-2024,Jodhpur,,45-54,,M,Social Media,Family
CUST02910,Neha Nair,08-11-2023,Goa,None,25-34,Android,F,Paid Ads,Family
CUST02911,Preeti Agarwal,28-10-2023,Agra,platinum,25-34,iOS,F,Referral,
CUST02912,Nikhil Chopra,08-05-2025,Ahmedabad,Silver,25-34,,M,Referral,Solo
CUST02913,Aditya Sharma,17-05-2024,Jodhpur,None,18-24,,M,Referral,
CUST02914,Vivek Malhotra,2024/10/20,Shimla,None,25-34,,M,Paid Ads,Business
CUST02915,Ashish Malhotra,2025/01/14,Darjeeling,None,25-34,,,Referral,Solo
CUST02916,Anil Nair,21-06-2025,Jaipur,Silver,18-24,android,,Referral,Family
CUST02917,Amit Joshi,27-07-2026,Rishikesh,None,25-34,,M,Paid Ads,
CUST02918,Karan Bhat,2026/01/18,Amritsar,None,25-34,Android,M,Email Campaign,
CUST02919,Divya Nair,09-05-2026,Calcutta,None,45-54,Android,F,Social Media,Business
CUST02920,Aditya Kapoor,2024/07/12,Jodhpur,,35-44,,,Social Media,Leisure
CUST02921,Divya Sharma,2024/09/13,Varanasi,None,,,F,Organic Search,Honeymoon
CUST02922,Neha Iyer,2025/09/10,Shimla,silver,45-54,Android,F,Organic Search,Family
CUST02923,Arjun Singh,10-03-2024,Jodhpur,silver,18-24,,M,Email Campaign,Honeymoon
CUST02924,Kavita Kapoor,2026/04/05,Amritsar,Gold,45-54,iOS,,Paid Ads,Solo
CUST02925,Rohan Mehta,2025/11/24,Pune,Silver,55+,iOS,M,App Install,Solo
CUST02926,Arjun Chopra,16-12-2023,Kochi,None,18-24,android,M,Referral,Family
CUST02927,Nisha Reddy,07-12-2024,Kolkata,Silver,55+,,,App Install,Leisure
CUST02928,Rohan Chopra,19-02-2024,mumbai,Gold,45-54,Web,,Social Media,Leisure
CUST02929,Nikhil Gupta,20-11-2024,New Delhi,,35-44,,M,Email Campaign,Family
CUST02930,Isha Verma,09-11-2025,Lucknow,Gold,45-54,,F,Social Media,
CUST02931,Kritika Mehta,07-12-2024,Agra,silver,,android,F,Social Media,Business
CUST02932,Ananya Patel,15-12-2025,Rishikesh,None,45-54,,,App Install,Honeymoon
CUST02933,Sanjay Sharma,2023/11/26,Hyderabad,NA,35-44,,M,Paid Ads,Honeymoon
CUST02934,Vikram Joshi,2024/04/07,Bangalore,Silver,45-54,,M,Referral,Leisure
CUST02935,Rahul Joshi,2024/06/15,Rishikesh,None,35-44,,M,App Install,Family
CUST02936,Kritika Chopra,28-06-2026,Ahmedabad,silver,35-44,,,Referral,
CUST02937,Nisha Kumar,2024/09/29,Manali,GOLD,35-44,,,Referral,Solo
CUST02938,Sneha Kapoor,2024/01/20,Jodhpur,None,55+,Android,F,Referral,Leisure
CUST02939,Pooja Menon,2023/11/06,Jodhpur,None,35-44,,,Referral,
CUST02940,Ananya Chopra,29-07-2024,Jodhpur,Gold,45-54,iOS,F,Paid Ads,Solo
CUST02941,Deepak Verma,17-10-2025,Jodhpur,silver,55+,,M,Organic Search,Business
CUST02942,Anita Bhat,28-07-2024,Chennai,Silver,18-24,,F,Email Campaign,Leisure
CUST02943,Suresh Agarwal,2025/04/05,MUMBAI,None,45-54,iOS,,Referral,Business
CUST02944,Sneha Kumar,2025/12/19,Rishikesh,Gold,55+,IOS,,App Install,
CUST02945,Preeti Menon,2024/11/09,Jodhpur,None,18-24,Android,F,Email Campaign,
CUST02946,Rahul Banerjee,2025/10/16,Jaipur,NA,18-24,,M,Social Media,Business
CUST02947,Rohan Reddy,2025/08/24,Bangalore,Platinum,18-24,,M,Social Media,
CUST02948,Nikhil Patel,2023/12/28,Manali,none,,,,Organic Search,Family
CUST02949,Rahul Reddy,17-06-2026,Lucknow,None,25-34,,M,Paid Ads,Leisure
CUST02950,Preeti Rao,19-11-2024,kolkata,None,55+,,,Paid Ads,Honeymoon
CUST02951,Aditya Sharma,2025/02/16,Shimla,Gold,,,M,Organic Search,
CUST02952,Pankaj Chopra,11-04-2024,Goa,silver,,,M,Paid Ads,Business
CUST02953,Pooja Iyer,28-12-2023,Delhi,Gold,35-44,Android,F,Paid Ads,
CUST02954,Sneha Gupta,2026/03/06,Goa,Silver,,IOS,F,App Install,Leisure
CUST02955,Aditya Verma,2024/09/07,Goa,None,35-44,,M,Organic Search,Business
CUST02956,Aditya Nair,2025/12/13,Hyderabad,Platinum,35-44,iOS,,Paid Ads,
CUST02957,Ashish Singh,10-09-2026,kolkata,Platinum,18-24,,M,Email Campaign,
CUST02958,Aditya Nair,2026/03/16,Manali,Silver,,iOS,M,App Install,Honeymoon
CUST02959,Amit Bhat,2025/11/16,Manali,platinum,25-34,iOS,M,Social Media,
CUST02960,Pankaj Mehta,10-09-2024,Hyderabad,Gold,45-54,,M,App Install,Leisure
CUST02961,Ananya Agarwal,22-08-2026,Shimla,None,35-44,IOS,F,App Install,
CUST02962,Rohan Banerjee,20-08-2024,Jodhpur,Gold,,,M,Email Campaign,
CUST02963,Deepak Malhotra,28-12-2023,Varanasi,Platinum,35-44,,M,App Install,Solo
CUST02964,Amit Menon,2024/12/20,Goa,Silver,35-44,Android,,Email Campaign,Leisure
CUST02965,Neha Rao,06-07-2024,Manali,Silver,45-54,,,Paid Ads,Business
CUST02966,Aditya Kumar,10-05-2025,Chennai,None,45-54,,,Social Media,
CUST02967,Kavita Kapoor,2025/02/20,kolkata,None,25-34,IOS,F,Social Media,Leisure
CUST02968,Vivek Singh,07-12-2024,kolkata,Platinum,,,M,Social Media,Business
CUST02969,Anil Chopra,2026/09/05,Lucknow,None,25-34,,M,Social Media,
CUST02970,Ritu Menon,06-11-2023,Shimla,Silver,45-54,,F,Paid Ads,Business
CUST02971,Manoj Kapoor,10-04-2026,Hyderabad,None,45-54,android,M,Organic Search,Leisure
CUST02972,Swati Rao,08-12-2025,Pune,Silver,45-54,,F,App Install,Family
CUST02973,Sanjay Banerjee,2023/12/12,Chennai,,18-24,,,Social Media,Leisure
CUST02974,Arjun Banerjee,2024/08/24,Kochi,None,25-34,,M,Social Media,Solo
CUST02975,Ashish Verma,13-11-2025,Jodhpur,Silver,25-34,iOS,M,Social Media,Honeymoon
CUST02976,Nisha Das,01-05-2024,Jodhpur,Gold,45-54,android,F,Paid Ads,Leisure
CUST02977,Sneha Gupta,07-10-2023,Agra,Platinum,55+,,F,Referral,Leisure
CUST02978,Priya Iyer,2025/04/18,mumbai,None,,,F,Organic Search,Honeymoon
CUST02979,Shreya Agarwal,02-09-2025,Benaras,Platinum,18-24,android,F,Paid Ads,
CUST02980,Shreya Bhat,28-08-2025,delhi,None,55+,,F,Email Campaign,
CUST02981,Arjun Mehta,10-11-2025,MUMBAI,None,55+,,,App Install,
CUST02982,Ashish Patel,2024/09/02,Chennai,none,18-24,android,M,Social Media,
CUST02983,Deepika Banerjee,18-07-2024,Mysuru,silver,25-34,,F,Referral,
CUST02984,Karan Iyer,2025/08/12,Agra,Platinum,,,M,Referral,Leisure
CUST02985,Gaurav Das,15-06-2026,Jaipur,None,55+,android,M,Organic Search,
CUST02986,Sunita Reddy,17-01-2024,Mumbai,Gold,55+,Android,F,App Install,Solo
CUST02987,Rohan Kapoor,2026/09/04,Udaipur,None,55+,,M,App Install,Leisure
CUST02988,Kritika Patel,22-08-2025,kolkata,platinum,45-54,,F,Social Media,Family
CUST02989,Vikram Verma,2024/06/23,Ahmedabad,Gold,45-54,,M,App Install,Leisure
CUST02990,Sanjay Agarwal,12-02-2024,Shimla,Silver,,,M,Organic Search,Honeymoon
CUST02991,Vivek Gupta,22-12-2024,Shimla,silver,35-44,,M,App Install,Honeymoon
CUST02992,Deepika Agarwal,20-06-2025,Chennai,Gold,,,,App Install,
CUST02993,Kavita Sharma,23-06-2026,Shimla,silver,35-44,,,Organic Search,
CUST02994,Arjun Rao,11-01-2024,Udaipur,None,,Web,M,Referral,
CUST02995,Vivek Kapoor,2024/03/25,Jaipur,None,18-24,,M,Referral,
CUST02996,Preeti Joshi,09-06-2024,Ahmedabad,silver,25-34,,F,Email Campaign,Family
CUST02997,Pankaj Agarwal,22-09-2025,Ahmedabad,,25-34,,M,Organic Search,
CUST02998,Ravi Das,2025/02/18,Pune,Platinum,18-24,iOS,,Email Campaign,Family
CUST02999,Vikram Malhotra,2024/03/26,Manali,Gold,35-44,,M,Organic Search,Solo
CUST03000,Kavita Banerjee,17-02-2025,MUMBAI,Gold,25-34,,F,Paid Ads,Honeymoon
CUST03001,Manoj Reddy,07-09-2026,Jodhpur,Silver,25-34,android,M,Referral,Business
CUST03002,Nikhil Gupta,25-06-2025,Jodhpur,Gold,18-24,,M,Social Media,
CUST03003,Vinay Mehta,2025/05/11,Darjeeling,Platinum,25-34,,M,Email Campaign,Family
CUST03004,Priya Nair,12-12-2025,Shimla,Silver,,,,Email Campaign,
CUST03005,Vivek Joshi,28-04-2025,Amritsar,None,25-34,,M,Paid Ads,
CUST03006,Aditya Sharma,2025/11/02,Benaras,Platinum,25-34,,M,Social Media,
CUST03007,Amit Agarwal,23-11-2023,Agra,None,,,M,Social Media,Leisure
CUST03008,Sanjay Bhat,13-07-2024,Rishikesh,none,,Web,M,Email Campaign,
CUST03009,Swati Menon,2025/05/26,Lucknow,Gold,35-44,,,Paid Ads,Solo
CUST03010,Ananya Chopra,24-09-2023,Lucknow,Gold,25-34,,F,Social Media,
CUST03011,Kritika Kapoor,2024/09/03,Agra,Gold,35-44,,F,App Install,Business
CUST03012,Deepika Chopra,2025/08/16,Darjeeling,Gold,35-44,,F,Organic Search,Family
CUST03013,Divya Menon,06-06-2024,Kochi,None,18-24,Web,F,Email Campaign,
CUST03014,Pankaj Kumar,2026/07/09,Ahmedabad,Silver,18-24,,,Email Campaign,
CUST03015,Nisha Das,11-05-2024,DELHI,Platinum,35-44,,,Email Campaign,Leisure
CUST03016,Neha Verma,2025/07/01,Benaras,Gold,18-24,,F,Email Campaign,Business
CUST03017,Nisha Kapoor,03-04-2026,Kochi,Silver,55+,,F,Social Media,Leisure
CUST03018,Kritika Malhotra,21-03-2026,Kochi,None,35-44,,,Organic Search,Solo
CUST03019,Sneha Joshi,2024/08/24,MUMBAI,platinum,,iOS,F,Paid Ads,
CUST03020,Isha Nair,2025/04/12,Agra,Silver,,Android,F,App Install,Business
CUST03021,Divya Chopra,13-10-2023,DELHI,None,25-34,,F,Social Media,Leisure
CUST03022,Pooja Rao,02-08-2024,delhi,Silver,55+,,F,Paid Ads,
CUST03023,Vinay Gupta,27-02-2026,Jodhpur,Gold,25-34,,M,App Install,
CUST03024,Deepika Gupta,2025/07/14,Chennai,None,,android,,Social Media,Business
CUST03025,Kavita Chopra,2026/01/05,Jaipur,Silver,18-24,iOS,,Referral,
CUST03026,Rohan Bhat,2024/01/04,Udaipur,Platinum,,android,M,Referral,Business
CUST03027,Nisha Rao,2024/12/10,New Delhi ,,45-54,iOS,F,Organic Search,
CUST03028,Deepika Joshi,11-02-2025,Goa,None,,,F,Paid Ads,Family
CUST03029,Priya Rao,2025/01/04,Shimla,None,25-34,,F,Paid Ads,
CUST03030,Nikhil Iyer,2026/08/11,Lucknow,none,25-34,,M,App Install,Family
CUST03031,Shalini Patel,2026/03/16,Amritsar,None,25-34,,,Organic Search,Solo
CUST03032,Swati Verma,2026/06/30,Calcutta,None,35-44,Android,F,Organic Search,
CUST03033,Swati Nair,2025/01/21,Goa,None,25-34,,F,App Install,Family
CUST03034,Pankaj Patel,17-07-2026,Pune,Platinum,,IOS,M,Paid Ads,
CUST03035,Preeti Kapoor,23-12-2024,mumbai,None,35-44,IOS,F,App Install,Business
CUST03036,Rohan Banerjee,05-03-2025,Goa,None,45-54,android,M,Paid Ads,Business
CUST03037,Rahul Kumar,31-05-2026,Lucknow,None,35-44,,M,Organic Search,
CUST03038,Ravi Iyer,07-03-2024,Udaipur,Platinum,,,,Organic Search,Solo
CUST03039,Anil Joshi,2026/03/10,Amritsar,Gold,35-44,,M,Referral,
CUST03040,Swati Bhat,26-12-2025,MUMBAI,None,,android,F,Email Campaign,
CUST03041,Gaurav Reddy,06-09-2026,Mysuru,None,35-44,,M,Email Campaign,Honeymoon
CUST03042,Sunita Mehta,03-03-2024,Kochi,Gold,35-44,,F,Organic Search,Solo
CUST03043,Anil Banerjee,12-09-2026,Mysuru,None,25-34,IOS,,Social Media,
CUST03044,Kritika Singh,2023/10/04,Calcutta,None,,,,Email Campaign,Family
CUST03045,Isha Chopra,2024/08/31,mumbai,Gold,35-44,,,Paid Ads,Leisure
CUST03046,Gaurav Kumar,2025/03/18,Chennai,Gold,,,,Organic Search,Honeymoon
CUST03047,Ananya Patel,25-12-2025,Manali,None,35-44,IOS,F,App Install,
CUST03048,Ashish Das,12-12-2025,Manali,Silver,,,M,Referral,Leisure
CUST03049,Deepak Rao,18-06-2025,Darjeeling,none,18-24,,M,Organic Search,Honeymoon
CUST03050,Ravi Bhat,04-06-2024,Agra,None,25-34,,M,Organic Search,Family
CUST03051,Shreya Singh,2025/12/19,Ahmedabad,Gold,45-54,,F,App Install,Solo
CUST03052,Ashish Reddy,12-09-2024,Goa,None,55+,,,Social Media,Solo
CUST03053,Sneha Malhotra,10-10-2023,Lucknow,None,25-34,,F,Social Media,
CUST03054,Karan Banerjee,2026/09/16,Jodhpur,Gold,18-24,,M,Referral,Solo
CUST03055,Kritika Mehta,2025/04/04,Bengaluru,NA,,,,Social Media,
CUST03056,Nisha Malhotra,30-04-2024,Kochi,Gold,18-24,android,F,Social Media,Solo
CUST03057,Meera Menon,01-05-2025,Darjeeling,platinum,35-44,,F,Paid Ads,Solo
CUST03058,Arjun Menon,2025/03/10,Goa,Silver,45-54,,,Organic Search,Family
CUST03059,Nikhil Chopra,2025/06/24,Pune,Platinum,55+,,,Paid Ads,Honeymoon
CUST03060,Anjali Banerjee,30-05-2024,Mysuru,Silver,25-34,,,App Install,Leisure
CUST03061,Aditya Das,2025/06/29,Darjeeling,None,18-24,,,Email Campaign,Family
CUST03062,Sanjay Joshi,15-02-2025,Bengaluru,Silver,45-54,,,App Install,Family
CUST03063,Ashish Banerjee,2024/09/30,Udaipur,Silver,18-24,iOS,M,Referral,
CUST03064,Divya Nair,2025/11/03,Udaipur,Gold,35-44,,F,Organic Search,Business
CUST03065,Divya Mehta,2026/07/03,Udaipur,None,,Web,F,Email Campaign,Family
CUST03066,Meera Gupta,2026/06/24,Jaipur,None,45-54,android,F,App Install,Solo
CUST03067,Pooja Agarwal,10-07-2026,Pune,silver,55+,Android,F,Social Media,
CUST03068,Aditya Iyer,2024/09/24,Chennai,,25-34,iOS,M,Social Media,
CUST03069,Isha Sharma,2024/03/23,Pune,None,45-54,iOS,F,Referral,Leisure
CUST03070,Anita Malhotra,17-07-2025,Chennai,Gold,,,F,Organic Search,
CUST03071,Preeti Joshi,06-05-2024,Manali,Platinum,25-34,,F,Email Campaign,
CUST03072,Neha Bhat,10-06-2026,Kochi,Platinum,,,F,Social Media,Honeymoon
CUST03073,Ravi Sharma,02-07-2024,Goa,None,35-44,IOS,M,Social Media,
CUST03074,Priya Kapoor,25-10-2023,Shimla,Gold,,,F,Referral,Solo
CUST03075,Manoj Kapoor,06-02-2026,Kochi,GOLD,25-34,Android,M,Referral,Business
CUST03076,Amit Banerjee,2024/05/07,Goa,Silver,25-34,,M,App Install,Honeymoon
CUST03077,Swati Kapoor,2025/01/24,Pune,None,25-34,,,Referral,Family
CUST03078,Suresh Iyer,2026/04/17,Shimla,None,,,,App Install,
CUST03079,Swati Kumar,2024/12/21,Chennai,None,,,F,Paid Ads,Solo
CUST03080,Sneha Nair,2024/01/09,Mysuru,Platinum,,Android,F,Organic Search,Leisure
CUST03081,Ashish Gupta,26-11-2023,mumbai,None,,iOS,M,Organic Search,
CUST03082,Aditya Patel,2023/12/04,Rishikesh,platinum,35-44,android,M,Referral,Honeymoon
CUST03083,Nikhil Chopra,2025/03/30,delhi,None,35-44,,,Email Campaign,Solo
CUST03084,Vivek Mehta,2026/06/07,Udaipur,None,55+,,M,Organic Search,Leisure
CUST03085,Pooja Sharma,11-09-2025,Manali,Silver,,,,Referral,Honeymoon
CUST03086,Swati Iyer,17-06-2026,Manali,silver,55+,,,Social Media,
CUST03087,Sunita Das,16-05-2025,Jodhpur,Silver,18-24,Android,F,Referral,
CUST03088,Kritika Reddy,2026/09/11,Goa,Platinum,,,,Email Campaign,
CUST03089,Kavita Mehta,24-07-2025,Goa,Gold,55+,,F,Paid Ads,
CUST03090,Sunita Singh,2024/07/27,Benaras,NA,35-44,iOS,F,Email Campaign,Leisure
CUST03091,Ananya Mehta,2026/04/08,Mysuru,Gold,,,F,App Install,Honeymoon
CUST03092,Amit Reddy,24-01-2026,Goa,None,35-44,android,M,Referral,Solo
CUST03093,Nisha Nair,07-06-2026,Darjeeling,Gold,55+,IOS,F,Paid Ads,Honeymoon
CUST03094,Rahul Malhotra,20-08-2024,Rishikesh,Gold,18-24,,M,Email Campaign,Solo
CUST03095,Gaurav Gupta,30-07-2024,Udaipur,Gold,25-34,IOS,,Social Media,Family
CUST03096,Rajesh Banerjee,21-08-2024,New Delhi ,Gold,35-44,android,M,Social Media,Honeymoon
CUST03097,Vikram Sharma,02-05-2025,Pune,None,25-34,iOS,M,Organic Search,Business
CUST03098,Pooja Reddy,2025/04/18,MUMBAI,Platinum,25-34,iOS,,Email Campaign,Honeymoon
CUST03099,Sneha Kumar,30-10-2025,kolkata,,35-44,,,Email Campaign,
CUST03100,Nisha Agarwal,20-11-2024,Delhi,Silver,55+,,F,Paid Ads,Business
CUST03101,Shreya Singh,26-09-2024,DELHI,,45-54,Android,,Email Campaign,Leisure
CUST03102,Isha Malhotra,2024/07/08,Udaipur,None,35-44,,F,Social Media,Family
CUST03103,Pankaj Banerjee,2024/02/25,Bangalore,Gold,18-24,,,Referral,
CUST03104,Divya Verma,23-07-2024,Bengaluru ,Platinum,,,,Referral,Business
CUST03105,Kritika Verma,19-11-2024,Agra,NA,35-44,,F,Social Media,Honeymoon
CUST03106,Anjali Joshi,27-04-2025,Ahmedabad,None,18-24,,F,Paid Ads,
CUST03107,Isha Patel,03-12-2025,Jaipur,None,25-34,android,,App Install,
CUST03108,Gaurav Kapoor,2023/12/01,Mumbai,,18-24,IOS,M,Referral,Business
CUST03109,Deepika Sharma,29-04-2025,Ahmedabad,None,,IOS,F,App Install,Honeymoon
CUST03110,Nisha Menon,2025/09/16,New Delhi ,None,18-24,,F,App Install,Family
CUST03111,Kritika Chopra,26-11-2023,Rishikesh,Gold,25-34,,,Organic Search,
CUST03112,Sneha Bhat,2025/01/23,New Delhi,Silver,55+,,,Email Campaign,Business
CUST03113,Kavita Nair,2026/01/14,Rishikesh,None,18-24,,F,App Install,Solo
CUST03114,Vivek Nair,10-12-2025,Kochi,Silver,45-54,,M,Social Media,Family
CUST03115,Rohan Joshi,2024/05/21,Amritsar,Silver,45-54,,,App Install,
CUST03116,Preeti Menon,11-02-2025,bengaluru,None,55+,android,,Paid Ads,Honeymoon
CUST03117,Anil Kumar,30-06-2025,Goa,Silver,35-44,,,Social Media,Solo
CUST03118,Pooja Agarwal,2025/11/06,Hyderabad,None,45-54,,F,Social Media,Honeymoon
CUST03119,Vinay Gupta,2025/10/27,Amritsar,Platinum,35-44,Android,,Organic Search,Family
CUST03120,Vivek Verma,31-08-2024,Kolkata,GOLD,35-44,,M,App Install,Family
CUST03121,Anita Verma,15-05-2025,Mysuru,Silver,18-24,,F,Organic Search,
CUST03122,Arjun Iyer,2023/10/30,Lucknow,Silver,45-54,,M,Paid Ads,Solo
CUST03123,Rajesh Gupta,2025/03/20,Mumbai,None,25-34,IOS,M,Email Campaign,Honeymoon
CUST03124,Meera Iyer,19-07-2026,Chennai,None,45-54,,F,App Install,
CUST03125,Rahul Sharma,26-08-2024,Chennai,None,18-24,Android,M,Organic Search,Business
CUST03126,Karan Menon,23-04-2026,Agra,None,55+,,M,Paid Ads,Business
CUST03127,Swati Das,2026/03/18,Agra,none,,,F,Organic Search,Honeymoon
CUST03128,Vikram Kumar,2024/05/03,varanasi,None,35-44,IOS,M,Paid Ads,
CUST03129,Anjali Menon,2024/12/17,Darjeeling,Gold,18-24,,F,Paid Ads,
CUST03130,Ritu Chopra,15-01-2025,Udaipur,None,45-54,,F,Referral,
CUST03131,Aditya Banerjee,23-01-2024,Manali,None,45-54,Web,,Organic Search,
CUST03132,Arjun Agarwal,2024/10/18,Pune,Gold,25-34,Android,M,Referral,Leisure
CUST03133,Ananya Reddy,01-07-2024,New Delhi,,45-54,,F,Paid Ads,Leisure
CUST03134,Vinay Iyer,2026/07/04,Jaipur,Gold,35-44,,M,Referral,Solo
CUST03135,Suresh Kumar,2026/02/26,Shimla,None,45-54,,M,Organic Search,Honeymoon
CUST03136,Ritu Joshi,2025/02/22,Agra,None,35-44,,F,Social Media,Leisure
CUST03137,Rohan Rao,06-12-2023,Jaipur,None,45-54,Web,M,Referral,Business
CUST03138,Vivek Das,01-10-2023,Agra,none,35-44,,,Email Campaign,
CUST03139,Ravi Verma,2024/03/07,Darjeeling,Gold,45-54,,M,Paid Ads,
CUST03140,Kritika Kapoor,25-05-2026,Lucknow,Silver,25-34,IOS,F,Referral,
CUST03141,Meera Gupta,2026/05/15,Ahmedabad,Silver,25-34,,F,Referral,Family
CUST03142,Pooja Sharma,2024/11/24,Chennai,None,25-34,,F,Social Media,Solo
CUST03143,Isha Agarwal,2025/07/27,Calcutta,None,,iOS,F,Email Campaign,Business
CUST03144,Priya Gupta,2025/12/29,Ahmedabad,Gold,45-54,iOS,F,Paid Ads,
CUST03145,Anil Singh,2026/04/07,mumbai,None,18-24,,M,App Install,Business
CUST03146,Karan Rao,18-08-2025,Jodhpur,None,18-24,Android,M,App Install,Solo
CUST03147,Sanjay Joshi,2024/11/21,Mysuru,None,,,,Email Campaign,Leisure
CUST03148,Anil Rao,2025/11/08,Pune,None,18-24,android,M,Referral,Honeymoon
CUST03149,Kritika Reddy,31-10-2025,Kochi,None,35-44,,F,Organic Search,Business
CUST03150,Deepika Banerjee,18-03-2026,kolkata,Gold,18-24,,,Email Campaign,
CUST03151,Rohan Patel,13-10-2023,Agra,Silver,25-34,Android,M,App Install,Family
CUST03152,Deepak Bhat,2025/04/22,Rishikesh,Silver,18-24,Web,M,Organic Search,Honeymoon
CUST03153,Deepak Malhotra,31-01-2026,Udaipur,Silver,25-34,Android,,Social Media,Business
CUST03154,Ashish Sharma,24-02-2024,Calcutta,silver,18-24,,M,Social Media,Family
CUST03155,Pooja Banerjee,2025/05/14,Jodhpur,Gold,,Web,F,Social Media,Business
CUST03156,Isha Reddy,2026/06/11,Manali,Silver,,IOS,F,Referral,Honeymoon
CUST03157,Swati Das,2024/03/22,mumbai,Gold,,,F,Social Media,
CUST03158,Ravi Kapoor,03-11-2023,Agra,None,55+,,M,App Install,Leisure
CUST03159,Swati Agarwal,2026/02/18,Amritsar,None,55+,,F,App Install,Family
CUST03160,Ashish Kapoor,2026/05/31,Jodhpur,None,,Web,,Paid Ads,Solo
CUST03161,Isha Rao,2025/01/31,Manali,Gold,,android,F,Organic Search,
CUST03162,Vivek Bhat,30-01-2024,MUMBAI,None,,,M,Paid Ads,
CUST03163,Kavita Chopra,09-02-2024,Darjeeling,None,35-44,IOS,,App Install,Honeymoon
CUST03164,Neha Kapoor,23-03-2025,Chennai,Silver,,Android,F,Social Media,
CUST03165,Nisha Reddy,08-12-2024,Ahmedabad,None,55+,,F,Referral,Solo
CUST03166,Rahul Patel,2025/05/07,Hyderabad,None,25-34,Web,,Paid Ads,Business
CUST03167,Deepak Mehta,2025/07/01,Kochi,Silver,25-34,,,Social Media,Business
CUST03168,Ananya Rao,2024/12/10,Agra,Gold,,,F,Social Media,
CUST03169,Isha Bhat,2026/01/02,Kolkata,Silver,,Android,,Paid Ads,
CUST03170,Shalini Patel,28-05-2025,Goa,None,55+,android,F,Email Campaign,Honeymoon
CUST03171,Ananya Patel,2026/08/01,Jodhpur,None,45-54,IOS,F,Social Media,Honeymoon
CUST03172,Vikram Nair,2023/10/12,Agra,,45-54,,,App Install,Honeymoon
CUST03173,Karan Malhotra,07-01-2026,Chennai,None,25-34,,M,Email Campaign,Honeymoon
CUST03174,Nisha Agarwal,12-01-2026,Goa,Silver,,,F,App Install,Business
CUST03175,Ashish Kumar,2025/04/27,DELHI,None,45-54,,,Email Campaign,Leisure
CUST03176,Amit Menon,2024/08/13,Hyderabad,Gold,,android,M,Organic Search,Solo
CUST03177,Isha Patel,2023/10/31,Shimla,,25-34,,F,App Install,Honeymoon
CUST03178,Suresh Iyer,28-06-2025,Pune,none,,Web,M,Email Campaign,Solo
CUST03179,Arjun Nair,21-09-2024,Shimla,Silver,,,M,App Install,Honeymoon
CUST03180,Gaurav Patel,2024/04/15,Manali,Platinum,55+,,M,App Install,
CUST03181,Deepika Chopra,2025/11/20,Udaipur,Platinum,35-44,,F,Organic Search,Solo
CUST03182,Neha Nair,2024/05/05,Hyderabad,Silver,35-44,,F,Paid Ads,Family
CUST03183,Priya Menon,2024/09/15,Rishikesh,Gold,35-44,,,Email Campaign,
CUST03184,Anita Banerjee,25-05-2025,Kochi,Silver,25-34,Android,,Paid Ads,Leisure
CUST03185,Ravi Mehta,04-04-2024,Mysuru,None,35-44,,,Social Media,Leisure
CUST03186,Amit Sharma,26-05-2026,Pune,Gold,18-24,,,Paid Ads,Solo
CUST03187,Vinay Verma,07-10-2024,Mysuru,,18-24,,M,App Install,
CUST03188,Vivek Banerjee,02-01-2025,Hyderabad,None,25-34,android,,Email Campaign,Family
CUST03189,Deepika Reddy,02-01-2025,Shimla,,45-54,iOS,F,Organic Search,Honeymoon
CUST03190,Shreya Bhat,26-03-2024,Lucknow,Silver,25-34,iOS,F,App Install,Business
CUST03191,Anjali Iyer,2025/08/23,Chennai,Silver,35-44,,F,Paid Ads,Honeymoon
CUST03192,Amit Iyer,27-06-2024,bengaluru,NA,,,M,Paid Ads,Honeymoon
CUST03193,Gaurav Das,2023/12/13,Ahmedabad,None,18-24,,,Organic Search,Honeymoon
CUST03194,Nisha Chopra,15-05-2025,Bengaluru ,Gold,55+,,F,Social Media,Business
CUST03195,Anil Kumar,2026/05/10,MUMBAI,None,45-54,,M,Social Media,Family
CUST03196,Vinay Iyer,19-02-2025,Rishikesh,Gold,,android,M,Paid Ads,Leisure
CUST03197,Shalini Kumar,31-01-2024,Hyderabad,Gold,45-54,,,Social Media,
CUST03198,Kritika Malhotra,2025/01/23,Pune,None,18-24,,F,Social Media,Family
CUST03199,Pooja Nair,18-09-2023,Darjeeling,None,35-44,,F,Email Campaign,Honeymoon
CUST03200,Ravi Verma,10-07-2024,Kochi,None,25-34,,,Referral,Honeymoon
CUST03201,Vikram Bhat,14-03-2025,Kolkata,Silver,45-54,,M,Paid Ads,Family
CUST03202,Gaurav Chopra,2025/12/28,Jaipur,Silver,35-44,Web,M,Organic Search,Solo
CUST03203,Vinay Iyer,2026/03/17,Amritsar,Silver,55+,,M,Social Media,Leisure
CUST03204,Vinay Mehta,01-01-2024,Rishikesh,Platinum,18-24,IOS,,Email Campaign,Solo
CUST03205,Pooja Mehta,2024/10/11,Jodhpur,Silver,45-54,,F,Paid Ads,Business
CUST03206,Anil Kapoor,2024/09/25,Kochi,None,55+,,,Paid Ads,Business
CUST03207,Aditya Singh,27-07-2025,Mysuru,None,45-54,,,Organic Search,
CUST03208,Aditya Singh,2023/12/05,kolkata,Gold,35-44,,M,Social Media,Family
CUST03209,Karan Banerjee,2024/12/21,Lucknow,None,35-44,,M,Organic Search,Family
CUST03210,Isha Iyer,2024/06/08,Darjeeling,Silver,35-44,,F,Social Media,
CUST03211,Sanjay Sharma,07-08-2025,Darjeeling,None,25-34,,M,Email Campaign,
CUST03212,Meera Reddy,18-11-2025,Lucknow,Silver,45-54,,F,Paid Ads,
CUST03213,Shalini Iyer,07-04-2024,MUMBAI,None,35-44,android,F,Referral,Family
CUST03214,Nikhil Reddy,14-09-2026,Goa,Silver,55+,android,M,App Install,Business
CUST03215,Gaurav Iyer,24-01-2025,Goa,Gold,25-34,,M,Referral,Leisure
CUST03216,Kritika Iyer,2025/07/24,Ahmedabad,Silver,,,,Social Media,
CUST03217,Deepak Nair,03-01-2025,Udaipur,silver,45-54,,M,Paid Ads,Business
CUST03218,Arjun Menon,20-10-2024,Amritsar,Gold,25-34,Web,,Referral,Family
CUST03219,Suresh Rao,2025/09/03,Agra,Platinum,18-24,,M,Email Campaign,Solo
CUST03220,Meera Singh,04-10-2024,New Delhi ,Silver,25-34,IOS,F,App Install,
CUST03221,Suresh Das,2026/08/04,delhi,None,45-54,,M,Organic Search,
CUST03222,Priya Verma,10-12-2024,Mysuru,None,,,F,Referral,Solo
CUST03223,Arjun Iyer,2025/05/25,Goa,None,45-54,,,Referral,
CUST03224,Ananya Patel,09-05-2026,Lucknow,Silver,,IOS,F,Referral,
CUST03225,Vikram Iyer,2024/01/14,Calcutta,None,18-24,Android,M,Referral,Family
CUST03226,Karan Banerjee,10-01-2024,New Delhi ,Silver,35-44,,,Paid Ads,Honeymoon
CUST03227,Nikhil Das,2026/01/28,Jaipur,Platinum,55+,Android,,Referral,Solo
CUST03228,Anita Patel,2026/02/12,Goa,None,45-54,Android,,Organic Search,
CUST03229,Deepika Mehta,25-08-2024,Delhi,Gold,35-44,android,,Email Campaign,Leisure
CUST03230,Aditya Banerjee,2025/01/06,Darjeeling,Silver,45-54,,M,Email Campaign,Leisure
CUST03231,Swati Banerjee,2024/08/05,Amritsar,GOLD,35-44,,F,Paid Ads,
CUST03232,Pankaj Kapoor,2025/11/06,Hyderabad,Silver,35-44,android,,Email Campaign,
CUST03233,Anjali Agarwal,10-09-2026,Bengaluru,None,45-54,,F,Referral,Solo
CUST03234,Suresh Das,01-06-2026,Darjeeling,None,,,M,App Install,Honeymoon
CUST03235,Deepika Joshi,2024/10/04,Darjeeling,Silver,45-54,,F,Email Campaign,
CUST03236,Anita Malhotra,2024/10/24,Mysuru,Gold,35-44,,,App Install,Leisure
CUST03237,Anil Menon,2024/07/19,Kolkata,Silver,55+,IOS,M,Social Media,Family
CUST03238,Neha Kumar,06-09-2024,Rishikesh,None,25-34,,F,Social Media,
CUST03239,Rohan Chopra,19-01-2026,Hyderabad,Silver,35-44,,M,Social Media,Leisure
CUST03240,Shalini Iyer,24-08-2026,Darjeeling,none,55+,,,Paid Ads,
CUST03241,Aditya Bhat,18-02-2026,Darjeeling,Platinum,18-24,iOS,M,Email Campaign,Solo
CUST03242,Vikram Singh,2024/11/27,Jodhpur,silver,18-24,IOS,M,Social Media,Business
CUST03243,Vikram Reddy,01-08-2024,Varanasi,None,25-34,iOS,M,Paid Ads,Solo
CUST03244,Anita Bhat,07-06-2026,Ahmedabad,Gold,45-54,,,Organic Search,Solo
CUST03245,Deepika Gupta,17-05-2024,Shimla,Silver,45-54,,F,Social Media,Family
CUST03246,Sanjay Bhat,21-09-2023,Pune,Gold,45-54,Android,,App Install,Honeymoon
CUST03247,Ritu Singh,30-08-2025,Kochi,Silver,,,F,Email Campaign,Honeymoon
CUST03248,Ananya Agarwal,2023/11/13,Rishikesh,Silver,35-44,,F,Email Campaign,Solo
CUST03249,Sanjay Joshi,2024/04/23,Shimla,Platinum,18-24,,M,App Install,Family
CUST03250,Priya Sharma,2023/10/01,Shimla,None,55+,IOS,,Referral,Family
CUST03251,Ravi Das,16-05-2024,Mysuru,,25-34,android,M,Social Media,
CUST03252,Nikhil Gupta,27-12-2023,Kochi,None,35-44,,,App Install,Family
CUST03253,Swati Patel,18-06-2025,Ahmedabad,Silver,45-54,,F,Email Campaign,Family
CUST03254,Anita Joshi,04-05-2026,Mumbai,Silver,25-34,Android,F,Email Campaign,Leisure
CUST03255,Rajesh Iyer,2025/10/29,Amritsar,Silver,18-24,,,Email Campaign,Honeymoon
CUST03256,Swati Kapoor,05-11-2023,Varanasi,silver,55+,,F,Social Media,Honeymoon
CUST03257,Rahul Reddy,2026/05/31,Manali,Silver,55+,iOS,M,Referral,
CUST03258,Ritu Gupta,12-02-2024,Pune,Silver,45-54,,F,Email Campaign,Family
CUST03259,Ashish Das,2025/08/31,Lucknow,None,18-24,Android,M,Email Campaign,Business
CUST03260,Sneha Kapoor,13-06-2024,Varanasi,None,35-44,IOS,F,Social Media,Business
CUST03261,Vivek Joshi,06-08-2024,Shimla,None,55+,,,Referral,
CUST03262,Meera Malhotra,12-10-2024,Agra,Platinum,,Web,,Paid Ads,
CUST03263,Swati Verma,13-12-2024,Goa,platinum,18-24,Android,F,Organic Search,Honeymoon
CUST03264,Sunita Malhotra,2024/01/07,Rishikesh,Silver,,IOS,,Social Media,Business
CUST03265,Pankaj Das,22-08-2025,Shimla,Platinum,,Android,M,Email Campaign,Solo
CUST03266,Isha Kumar,04-07-2026,Mysuru,GOLD,35-44,Android,F,App Install,
CUST03267,Pooja Joshi,2023/09/27,Benaras,Silver,35-44,,F,Email Campaign,
CUST03268,Swati Menon,04-12-2024,Amritsar,Platinum,55+,,,Referral,
CUST03269,Gaurav Reddy,28-09-2024,Ahmedabad,None,35-44,Android,,App Install,Family
CUST03270,Shalini Gupta,2024/09/02,New Delhi,Gold,18-24,android,,Social Media,Family
CUST03271,Suresh Menon,2025/04/15,Kochi,Silver,45-54,android,M,Paid Ads,
CUST03272,Priya Sharma,2025/09/01,Jodhpur,None,55+,,,Paid Ads,
CUST03273,Shreya Gupta,24-07-2026,Kochi,Silver,18-24,Android,,Paid Ads,Honeymoon
CUST03274,Kritika Chopra,26-06-2026,Mysuru,None,55+,iOS,F,Organic Search,
CUST03275,Ravi Kumar,2026/08/05,Kochi,Silver,55+,,M,Referral,Leisure
CUST03276,Nikhil Verma,05-01-2024,Shimla,Gold,45-54,Web,M,Paid Ads,Honeymoon
CUST03277,Ananya Bhat,23-06-2025,New Delhi ,None,45-54,,F,Referral,Honeymoon
CUST03278,Neha Reddy,2026/08/02,Kochi,None,,,F,Referral,Business
CUST03279,Sanjay Nair,2023/12/16,kolkata,None,25-34,iOS,M,Organic Search,Family
CUST03280,Anil Nair,2026/01/20,varanasi,Gold,35-44,,,Organic Search,
CUST03281,Vinay Iyer,29-08-2024,Mysuru,GOLD,,,,Social Media,Honeymoon
CUST03282,Sneha Banerjee,20-01-2024,Ahmedabad,Platinum,45-54,,,Referral,
CUST03283,Kavita Verma,18-11-2023,Bengaluru ,None,35-44,android,F,Social Media,Leisure
CUST03284,Anil Chopra,16-05-2025,Agra,Silver,,,,Paid Ads,
CUST03285,Ravi Kumar,25-10-2025,Hyderabad,Silver,55+,IOS,M,Organic Search,Leisure
CUST03286,Pooja Iyer,19-08-2024,Pune,None,35-44,Android,F,Paid Ads,
CUST03287,Vikram Malhotra,30-09-2024,Hyderabad,None,18-24,,M,Email Campaign,Leisure
CUST03288,Nikhil Iyer,24-12-2023,Calcutta,None,25-34,IOS,M,Social Media,
CUST03289,Sanjay Rao,18-05-2026,Pune,None,18-24,,M,Social Media,
CUST03290,Nikhil Kapoor,21-03-2025,Bombay,NA,45-54,,M,Social Media,Business
CUST03291,Preeti Banerjee,20-04-2025,delhi,Platinum,35-44,iOS,F,Paid Ads,
CUST03292,Priya Chopra,12-02-2024,Hyderabad,Silver,,,F,Referral,Business
CUST03293,Kritika Rao,26-04-2025,Darjeeling,Silver,55+,,F,Email Campaign,
CUST03294,Pankaj Bhat,2025/08/03,Pune,None,25-34,android,M,Organic Search,
CUST03295,Shalini Bhat,2024/06/23,Jodhpur,None,25-34,,F,App Install,Solo
CUST03296,Swati Iyer,2024/12/12,Darjeeling,Gold,45-54,iOS,F,Organic Search,Business
CUST03297,Shalini Iyer,26-07-2024,Delhi,Platinum,35-44,,,Social Media,Leisure
CUST03298,Vivek Kumar,2026/03/16,Darjeeling,Gold,35-44,Android,M,Social Media,Business
CUST03299,Arjun Agarwal,03-05-2026,Mysuru,Platinum,55+,,,Organic Search,Family
CUST03300,Ravi Bhat,2025/03/08,Lucknow,None,35-44,,M,App Install,
CUST03301,Isha Rao,2025/03/12,varanasi,Platinum,55+,,F,Organic Search,
CUST03302,Ashish Reddy,2026/07/30,varanasi,Silver,35-44,,,Email Campaign,Honeymoon
CUST03303,Rajesh Reddy,2026/09/13,Mumbai,Silver,,IOS,M,Organic Search,
CUST03304,Anil Malhotra,15-08-2025,Udaipur,None,25-34,iOS,M,App Install,Business
CUST03305,Deepika Reddy,2026/02/19,Pune,None,35-44,,F,Email Campaign,
CUST03306,Vivek Agarwal,14-11-2024,Calcutta,GOLD,,,M,Paid Ads,Honeymoon
CUST03307,Deepika Agarwal,02-04-2024,Shimla,Gold,25-34,android,,Paid Ads,Family
CUST03308,Priya Joshi,22-02-2024,Udaipur,Gold,45-54,android,,Organic Search,Leisure
CUST03309,Ashish Joshi,2025/09/03,Goa,silver,,Web,M,App Install,
CUST03310,Shalini Joshi,2025/04/26,Agra,silver,45-54,IOS,F,App Install,
CUST03311,Deepak Menon,18-02-2024,Pune,Silver,35-44,,,Social Media,Business
CUST03312,Amit Mehta,21-08-2024,Darjeeling,None,,,M,Social Media,Honeymoon
CUST03313,Deepak Mehta,28-02-2024,Mumbai,None,18-24,,M,Referral,Solo
CUST03314,Pooja Joshi,2024/08/12,Kochi,None,,IOS,,App Install,
CUST03315,Rohan Reddy,24-07-2025,Ahmedabad,None,25-34,,M,Social Media,Solo
CUST03316,Pooja Gupta,2023/11/01,Rishikesh,Silver,,android,,Paid Ads,Business
CUST03317,Gaurav Singh,28-10-2023,Lucknow,None,55+,,M,Email Campaign,Honeymoon
CUST03318,Rohan Patel,2025/11/19,Bombay,GOLD,,,M,Referral,Leisure
CUST03319,Kritika Agarwal,2024/12/15,Goa,Silver,35-44,iOS,F,App Install,Honeymoon
CUST03320,Nisha Sharma,09-11-2024,Lucknow,Gold,18-24,,F,Organic Search,Leisure
CUST03321,Amit Rao,17-01-2025,Goa,Silver,55+,,M,App Install,
CUST03322,Amit Singh,02-01-2025,Udaipur,None,55+,,,Email Campaign,
CUST03323,Deepika Rao,14-05-2026,Varanasi,silver,18-24,Web,,Paid Ads,Leisure
CUST03324,Arjun Agarwal,28-10-2025,Lucknow,Silver,25-34,Web,M,Social Media,Solo
CUST03325,Meera Rao,04-05-2024,Shimla,Platinum,35-44,,,Paid Ads,Solo
CUST03326,Priya Agarwal,16-09-2024,Manali,,,,F,Organic Search,Leisure
CUST03327,Kavita Sharma,2026/03/19,Shimla,Platinum,,,F,Referral,Solo
CUST03328,Rajesh Nair,2025/08/20,Darjeeling,Gold,45-54,,,Organic Search,Business
CUST03329,Deepak Mehta,08-11-2024,Jaipur,Silver,,android,M,Referral,
CUST03330,Sunita Singh,31-10-2024,Darjeeling,None,55+,Web,F,Social Media,Solo
CUST03331,Karan Verma,22-03-2026,Bengaluru ,None,55+,,,Referral,Leisure
CUST03332,Ashish Rao,27-11-2024,Kolkata,Silver,18-24,,M,Email Campaign,Family
CUST03333,Suresh Kapoor,2025/04/07,Hyderabad,Silver,18-24,,,Referral,Business
CUST03334,Ananya Chopra,2026/05/06,Darjeeling,None,55+,,F,Organic Search,Business
CUST03335,Vivek Kapoor,2023/09/26,Jodhpur,,55+,,,Referral,Honeymoon
CUST03336,Swati Menon,19-08-2026,Kochi,None,35-44,,,Referral,
CUST03337,Swati Mehta,28-12-2024,delhi,None,,IOS,F,Paid Ads,Honeymoon
CUST03338,Sunita Mehta,19-10-2024,Jaipur,None,18-24,Web,F,App Install,
CUST03339,Vivek Sharma,2023/09/25,Amritsar,Silver,,,,App Install,
CUST03340,Preeti Rao,2024/02/14,Kolkata,Gold,,,,Social Media,
CUST03341,Deepika Mehta,05-02-2026,Udaipur,None,45-54,,F,Referral,Family
CUST03342,Vivek Das,01-04-2024,MUMBAI,None,55+,Android,M,Referral,Leisure
CUST03343,Aditya Rao,19-12-2024,kolkata,Gold,25-34,,,App Install,Leisure
CUST03344,Aditya Banerjee,2024/04/21,Darjeeling,Gold,35-44,,M,Organic Search,Family
CUST03345,Vikram Gupta,18-06-2024,Rishikesh,None,,iOS,M,Organic Search,Leisure
CUST03346,Gaurav Bhat,13-05-2024,kolkata,Gold,18-24,,M,Referral,
CUST03347,Vikram Banerjee,13-02-2025,Udaipur,silver,,,,App Install,Leisure
CUST03348,Nisha Banerjee,2023/11/19,Goa,None,55+,android,F,App Install,
CUST03349,Deepika Reddy,26-03-2024,Hyderabad,None,55+,,,Email Campaign,Solo
CUST03350,Ashish Joshi,14-08-2024,Jaipur,None,45-54,android,,Social Media,Honeymoon
CUST03351,Sanjay Rao,2026/08/10,kolkata,None,,,M,Referral,Solo
CUST03352,Nikhil Agarwal,04-08-2025,Jaipur,None,,,M,Paid Ads,Business
CUST03353,Ananya Sharma,2025/11/21,Bombay,Gold,35-44,,F,Email Campaign,Family
CUST03354,Divya Kumar,2025/04/20,Varanasi,None,,android,F,App Install,Solo
CUST03355,Anil Joshi,2026/05/05,Shimla,Gold,25-34,,M,Email Campaign,
CUST03356,Deepak Kumar,09-11-2025,Pune,None,35-44,,,App Install,Solo
CUST03357,Vivek Agarwal,24-10-2025,Agra,None,55+,Android,,Referral,Family
CUST03358,Priya Iyer,31-01-2024,Shimla,,25-34,,,Organic Search,Business
CUST03359,Rahul Reddy,29-02-2024,Lucknow,None,25-34,,M,Referral,Solo
CUST03360,Nikhil Chopra,12-07-2024,Pune,Platinum,,IOS,M,App Install,Solo
CUST03361,Rohan Kapoor,17-11-2024,Mysuru,None,,,M,Paid Ads,
CUST03362,Gaurav Joshi,2026/05/14,Jaipur,NA,,Web,M,Social Media,Solo
CUST03363,Isha Mehta,2023/11/19,Delhi,None,25-34,,F,Referral,Honeymoon
CUST03364,Ananya Patel,07-09-2026,New Delhi,Gold,,Web,F,Organic Search,
CUST03365,Pankaj Chopra,2024/05/06,Darjeeling,Silver,55+,,,App Install,Leisure
CUST03366,Shalini Malhotra,26-12-2024,Jaipur,Gold,55+,,F,Paid Ads,Honeymoon
CUST03367,Ravi Menon,28-02-2026,Mysuru,Silver,18-24,,M,Referral,Honeymoon
CUST03368,Ananya Rao,2024/04/14,New Delhi,None,55+,,,Referral,
CUST03369,Karan Chopra,2025/07/27,Udaipur,None,,,M,App Install,Honeymoon
CUST03370,Priya Joshi,2025/05/17,Lucknow,Gold,55+,,,Referral,
CUST03371,Anita Joshi,04-08-2024,Pune,Silver,35-44,,F,Social Media,
CUST03372,Kritika Malhotra,2026/04/29,Darjeeling,Platinum,35-44,,F,Referral,Solo
CUST03373,Amit Gupta,2025/12/11,kolkata,None,,,,App Install,Solo
CUST03374,Pankaj Kumar,2024/03/27,Lucknow,None,,,M,Social Media,
CUST03375,Sunita Joshi,2025/03/23,Agra,Gold,35-44,Web,F,App Install,
CUST03376,Ritu Bhat,04-09-2024,Goa,None,45-54,,F,Organic Search,
CUST03377,Aditya Menon,30-01-2026,Goa,None,,Android,M,Email Campaign,
CUST03378,Isha Patel,23-07-2024,Kochi,None,18-24,,,Organic Search,Business
CUST03379,Vinay Banerjee,2026/03/13,Kochi,None,55+,android,M,App Install,
CUST03380,Sanjay Sharma,2026/06/05,Jaipur,None,,,,Email Campaign,Leisure
CUST03381,Vikram Agarwal,2025/09/18,Lucknow,None,45-54,,,App Install,
CUST03382,Vinay Chopra,2024/11/03,bengaluru,Silver,25-34,android,,Organic Search,Honeymoon
CUST03383,Sanjay Mehta,26-02-2025,Darjeeling,Silver,,,M,Referral,Solo
CUST03384,Divya Kapoor,2025/09/23,Darjeeling,None,55+,IOS,,Social Media,
CUST03385,Sunita Malhotra,2023/12/18,Ahmedabad,None,,android,F,Paid Ads,Honeymoon
CUST03386,Vinay Kumar,2024/10/30,Pune,Platinum,25-34,IOS,M,Referral,
CUST03387,Rajesh Patel,2025/04/05,Rishikesh,None,35-44,Web,,Paid Ads,
CUST03388,Gaurav Banerjee,22-02-2025,varanasi,None,45-54,iOS,M,App Install,Solo
CUST03389,Rajesh Bhat,25-07-2025,Jodhpur,Platinum,,Web,M,Paid Ads,
CUST03390,Priya Bhat,2025/11/13,Goa,none,55+,Android,F,Paid Ads,Leisure
CUST03391,Deepak Reddy,2024/03/13,Udaipur,None,25-34,,M,Email Campaign,
CUST03392,Neha Mehta,18-02-2024,Lucknow,None,18-24,,F,Social Media,Solo
CUST03393,Amit Joshi,30-03-2025,Udaipur,silver,35-44,,M,Social Media,
CUST03394,Rohan Agarwal,15-10-2023,Jodhpur,Silver,18-24,,M,Organic Search,Leisure
CUST03395,Pankaj Mehta,2024/08/20,Pune,None,45-54,,M,Paid Ads,Business
CUST03396,Ananya Malhotra,18-03-2026,Lucknow,None,,IOS,F,Email Campaign,Leisure
CUST03397,Rahul Bhat,06-07-2025,Agra,Gold,18-24,,,Paid Ads,Family
CUST03398,Arjun Kumar,05-12-2025,Udaipur,Gold,45-54,,M,App Install,Family
CUST03399,Anjali Kumar,2026/07/27,Chennai,Silver,18-24,,F,Paid Ads,
CUST03400,Rajesh Agarwal,2024/08/06,Mysuru,Silver,35-44,Web,M,Social Media,Honeymoon
CUST03401,Priya Menon,03-05-2025,Chennai,Silver,35-44,,F,Email Campaign,Family
CUST03402,Isha Joshi,10-02-2025,Rishikesh,Silver,55+,Android,F,Organic Search,Honeymoon
CUST03403,Rohan Reddy,2025/06/03,Chennai,None,35-44,,M,Organic Search,Business
CUST03404,Meera Sharma,2025/02/21,Agra,Silver,45-54,,,App Install,Family
CUST03405,Divya Malhotra,04-07-2024,Goa,None,25-34,Web,,App Install,Business
CUST03406,Gaurav Patel,2023/12/26,mumbai,None,,,M,Referral,Honeymoon
CUST03407,Manoj Kapoor,17-03-2024,Mysuru,NA,55+,iOS,M,Paid Ads,
CUST03408,Arjun Nair,20-07-2024,Rishikesh,Gold,18-24,,M,Email Campaign,Solo
CUST03409,Anil Joshi,15-11-2023,Agra,Gold,,,M,App Install,Family
CUST03410,Anjali Sharma,12-05-2024,varanasi,None,,,,App Install,
CUST03411,Nisha Nair,2025/03/16,mumbai,Gold,,,F,Referral,
CUST03412,Amit Banerjee,23-03-2025,Jodhpur,Gold,18-24,,M,App Install,Solo
CUST03413,Divya Chopra,2024/03/08,Rishikesh,Silver,45-54,IOS,,App Install,
CUST03414,Sneha Singh,06-12-2024,Udaipur,Silver,,,F,App Install,
CUST03415,Anil Mehta,2026/04/06,MUMBAI,None,18-24,,M,App Install,
CUST03416,Nikhil Mehta,29-01-2025,Mumbai,None,55+,IOS,,Paid Ads,
CUST03417,Meera Singh,2024/10/06,Manali,None,35-44,iOS,F,Social Media,
CUST03418,Karan Sharma,16-01-2025,Bengaluru ,None,45-54,,M,Organic Search,
CUST03419,Vinay Das,2023/10/25,Lucknow,Gold,25-34,IOS,,App Install,Solo
CUST03420,Sunita Bhat,18-04-2026,Goa,GOLD,35-44,,F,Social Media,Business
CUST03421,Gaurav Gupta,2025/09/19,Lucknow,None,45-54,Android,,App Install,
CUST03422,Swati Rao,2025/09/30,Chennai,None,35-44,,F,Referral,
CUST03423,Anita Menon,28-07-2024,Chennai,GOLD,35-44,,F,Referral,
CUST03424,Arjun Banerjee,2025/12/09,Agra,Silver,35-44,,M,App Install,Business
CUST03425,Amit Verma,14-08-2024,Agra,Platinum,25-34,,M,Referral,Business
CUST03426,Gaurav Das,2025/03/22,Kochi,Silver,55+,Android,,Organic Search,
CUST03427,Nikhil Menon,2025/02/24,Lucknow,Silver,35-44,Web,,Referral,Family
CUST03428,Vivek Malhotra,03-10-2025,Shimla,Gold,18-24,IOS,,Paid Ads,
CUST03429,Anjali Reddy,28-12-2025,Jodhpur,Gold,25-34,IOS,F,Email Campaign,
CUST03430,Arjun Bhat,2026/03/29,varanasi,Silver,,,M,Paid Ads,
CUST03431,Pooja Agarwal,2025/04/21,Goa,None,45-54,,F,Social Media,
CUST03432,Swati Banerjee,2026/07/14,Jaipur,None,,Web,F,App Install,
CUST03433,Rahul Singh,10-06-2026,Pune,Gold,,,M,Paid Ads,Honeymoon
CUST03434,Karan Rao,07-10-2023,Shimla,Silver,,,M,Paid Ads,Business
CUST03435,Suresh Reddy,28-09-2023,Agra,Gold,35-44,Web,M,App Install,Business
CUST03436,Sunita Kumar,05-02-2024,Pune,None,18-24,,F,Email Campaign,
CUST03437,Kavita Agarwal,2023/11/29,Udaipur,None,45-54,,F,Organic Search,
CUST03438,Nisha Sharma,15-09-2026,Lucknow,Platinum,25-34,,F,Referral,Honeymoon
CUST03439,Arjun Banerjee,22-05-2025,Ahmedabad,Platinum,18-24,,M,Referral,Family
CUST03440,Shalini Reddy,26-12-2024,Chennai,Platinum,55+,,,Email Campaign,Family
CUST03441,Arjun Singh,2025/05/13,Kolkata,GOLD,,,M,Paid Ads,Family
CUST03442,Anil Mehta,2024/08/20,Bombay,Silver,18-24,android,M,Social Media,
CUST03443,Pooja Chopra,25-01-2025,Agra,Silver,25-34,Web,F,App Install,Leisure
CUST03444,Aditya Chopra,12-07-2024,Calcutta,None,18-24,,M,Social Media,Solo
CUST03445,Ananya Chopra,2026/09/03,Chennai,None,55+,,,Organic Search,Honeymoon
CUST03446,Rajesh Joshi,09-02-2024,Amritsar,None,45-54,Web,M,Organic Search,Honeymoon
CUST03447,Kritika Chopra,22-08-2025,Ahmedabad,None,25-34,,F,Email Campaign,
CUST03448,Suresh Joshi,04-09-2026,Amritsar,,45-54,,M,Email Campaign,
CUST03449,Ritu Patel,2026/02/05,Shimla,,45-54,,F,Organic Search,Honeymoon
CUST03450,Rajesh Bhat,2023/10/14,Pune,Silver,25-34,,M,Email Campaign,
CUST03451,Sanjay Iyer,2025/02/05,Pune,Silver,35-44,Android,,Paid Ads,
CUST03452,Sunita Nair,2026/02/20,Jodhpur,Silver,45-54,iOS,F,Referral,Solo
CUST03453,Ananya Reddy,2024/06/10,Rishikesh,Silver,45-54,iOS,F,Social Media,
CUST03454,Pooja Reddy,2026/08/02,Agra,silver,45-54,android,F,Social Media,Solo
CUST03455,Nikhil Sharma,2026/07/17,Kochi,None,35-44,,M,Organic Search,Business
CUST03456,Vikram Reddy,17-01-2026,Pune,None,55+,Android,,Email Campaign,Honeymoon
CUST03457,Shreya Chopra,23-11-2025,Agra,None,35-44,IOS,F,Paid Ads,Solo
CUST03458,Pankaj Mehta,2024/08/03,Hyderabad,Gold,,Android,,App Install,Leisure
CUST03459,Arjun Rao,16-08-2024,Ahmedabad,Silver,35-44,Android,M,Referral,
CUST03460,Rohan Singh,22-05-2024,Manali,None,35-44,,,Referral,
CUST03461,Manoj Reddy,07-08-2026,Calcutta,Silver,35-44,,M,App Install,Business
CUST03462,Sunita Menon,2025/05/18,Hyderabad,None,45-54,iOS,F,Paid Ads,
CUST03463,Ravi Chopra,2025/03/25,Hyderabad,GOLD,35-44,Web,M,Organic Search,
CUST03464,Anjali Banerjee,2026/01/08,Pune,None,,IOS,F,Paid Ads,Family
CUST03465,Deepak Verma,2023/10/29,Goa,None,18-24,,,Paid Ads,Honeymoon
CUST03466,Shalini Rao,2026/04/16,Mumbai,GOLD,45-54,,F,Email Campaign,Solo
CUST03467,Vivek Iyer,2026/01/13,Darjeeling,None,45-54,IOS,M,Referral,Family
CUST03468,Ananya Kapoor,2025/12/02,Agra,Gold,18-24,,F,Paid Ads,Leisure
CUST03469,Ritu Gupta,29-05-2026,Pune,None,55+,,F,Paid Ads,Solo
CUST03470,Amit Kumar,12-11-2025,Kochi,Platinum,,,M,Social Media,
CUST03471,Isha Kumar,2026/01/12,Ahmedabad,None,55+,Web,,Organic Search,Business
CUST03472,Meera Malhotra,2026/01/07,Lucknow,None,35-44,,F,Email Campaign,Business
CUST03473,Vivek Sharma,11-10-2024,New Delhi,None,,,M,Social Media,Business
CUST03474,Kritika Menon,2023/11/14,Manali,Gold,45-54,,F,Referral,Family
CUST03475,Arjun Reddy,2026/09/08,Chennai,Platinum,18-24,IOS,,Referral,Leisure
CUST03476,Arjun Mehta,2024/11/30,Hyderabad,Silver,35-44,iOS,M,Paid Ads,Business
CUST03477,Divya Sharma,2026/02/17,Amritsar,Gold,35-44,Android,F,Organic Search,Honeymoon
CUST03478,Sanjay Reddy,28-12-2025,Bombay,None,18-24,,M,Email Campaign,Family
CUST03479,Manoj Gupta,04-07-2025,Darjeeling,silver,18-24,,,Social Media,Honeymoon
CUST03480,Ravi Menon,2024/07/30,Udaipur,Platinum,,Web,M,Referral,
CUST03481,Swati Kumar,02-05-2025,Mysuru,Gold,35-44,iOS,F,Social Media,Family
CUST03482,Vinay Menon,15-06-2025,Goa,Platinum,55+,,,Social Media,Family
CUST03483,Arjun Verma,2026/01/10,Jodhpur,Silver,25-34,,M,Organic Search,
CUST03484,Ritu Menon,2025/01/08,Shimla,Gold,35-44,,F,Paid Ads,
CUST03485,Isha Chopra,2024/03/24,Goa,None,,Web,F,Paid Ads,
CUST03486,Vinay Malhotra,2025/07/11,Mysuru,Silver,,,M,Social Media,Business
CUST03487,Kavita Singh,2025/07/10,Goa,Gold,25-34,,F,App Install,Business
CUST03488,Divya Malhotra,25-10-2025,Jaipur,Platinum,45-54,,F,Organic Search,
CUST03489,Preeti Bhat,2024/10/12,Chennai,None,,,F,Social Media,Honeymoon
CUST03490,Preeti Kapoor,2024/09/01,Chennai,None,45-54,,F,Social Media,Family
CUST03491,Meera Bhat,23-07-2026,MUMBAI,Platinum,18-24,,,Referral,
CUST03492,Rohan Kapoor,2025/02/17,Varanasi,None,25-34,,M,Paid Ads,
CUST03493,Sunita Banerjee,2024/06/27,Jaipur,silver,,,F,Referral,Business
CUST03494,Kritika Verma,23-11-2025,Jodhpur,None,25-34,,F,Referral,
CUST03495,Pankaj Banerjee,2024/10/15,Agra,NA,45-54,,M,Email Campaign,Solo
CUST03496,Kritika Reddy,29-03-2025,varanasi,silver,45-54,,F,Paid Ads,
CUST03497,Aditya Rao,2024/11/03,Bengaluru ,silver,25-34,,,App Install,
CUST03498,Rajesh Verma,2026/04/06,Varanasi,None,45-54,,,Paid Ads,
CUST03499,Neha Chopra,02-07-2025,Bengaluru ,NA,,,F,Paid Ads,Honeymoon
CUST03500,Shreya Reddy,01-07-2025,Agra,Silver,,Android,F,Email Campaign,Leisure
CUST03501,Divya Agarwal,2024/04/29,Jaipur,None,45-54,android,F,Social Media,Solo
CUST03502,Vinay Patel,2026/04/15,Amritsar,None,,IOS,M,Social Media,
CUST03503,Pooja Patel,26-04-2026,Varanasi,platinum,45-54,,F,Social Media,Family
CUST03504,Isha Iyer,04-01-2024,Ahmedabad,Silver,25-34,,F,Email Campaign,Business
CUST03505,Pankaj Sharma,2025/07/04,DELHI,Silver,,Web,M,Referral,Solo
CUST03506,Kritika Verma,19-10-2023,Udaipur,None,45-54,android,F,Paid Ads,Solo
CUST03507,Pankaj Patel,11-08-2025,Rishikesh,Platinum,18-24,android,M,Paid Ads,Business
CUST03508,Vikram Mehta,2026/08/25,bengaluru,Silver,18-24,iOS,M,App Install,Leisure
CUST03509,Aditya Mehta,31-12-2024,Kolkata,None,,,,Referral,
CUST03510,Isha Chopra,2024/07/20,Chennai,Gold,,Web,,Paid Ads,
CUST03511,Kritika Patel,2024/10/08,Jaipur,Gold,,Web,F,Social Media,
CUST03512,Anil Mehta,10-01-2026,Bombay,NA,55+,Web,M,Paid Ads,Honeymoon
CUST03513,Sanjay Verma,18-02-2026,Manali,Platinum,55+,iOS,,Organic Search,Solo
CUST03514,Kavita Joshi,2026/02/10,Chennai,Platinum,55+,,F,App Install,
CUST03515,Rajesh Banerjee,2025/09/21,Ahmedabad,Silver,55+,,,Email Campaign,Business
CUST03516,Deepika Sharma,19-02-2025,Jaipur,,35-44,android,,Paid Ads,
CUST03517,Preeti Nair,2026/01/08,Goa,None,45-54,,F,Organic Search,Family
CUST03518,Pooja Kapoor,26-12-2023,New Delhi ,None,,,F,App Install,
CUST03519,Nisha Menon,26-11-2023,Darjeeling,Gold,35-44,iOS,F,Referral,Honeymoon
CUST03520,Sneha Kapoor,01-11-2025,Manali,NA,45-54,Web,,App Install,
CUST03521,Ananya Iyer,21-11-2023,Kochi,Gold,18-24,android,,Paid Ads,Honeymoon
CUST03522,Anita Kumar,26-01-2024,Ahmedabad,none,,Web,F,Email Campaign,
CUST03523,Pooja Gupta,05-12-2024,Ahmedabad,Silver,45-54,,F,Paid Ads,
CUST03524,Deepak Menon,05-05-2024,Lucknow,,18-24,Android,M,Email Campaign,
CUST03525,Sunita Nair,09-07-2026,Ahmedabad,Silver,,,F,App Install,
CUST03526,Sanjay Bhat,25-03-2025,Kolkata,Silver,35-44,,,Referral,Leisure
CUST03527,Isha Das,07-08-2026,Manali,Silver,35-44,,,Paid Ads,Honeymoon
CUST03528,Karan Agarwal,2024/04/03,Manali,Gold,55+,iOS,M,Organic Search,Family
CUST03529,Shreya Menon,20-04-2024,Pune,Silver,55+,,,Organic Search,Business
CUST03530,Gaurav Reddy,15-09-2025,Benaras,Silver,55+,,M,Social Media,Solo
CUST03531,Ravi Verma,2024/04/03,Amritsar,Silver,35-44,iOS,M,Social Media,Solo
CUST03532,Karan Kapoor,12-01-2024,Shimla,Silver,,IOS,M,Organic Search,Solo
CUST03533,Karan Kapoor,16-07-2026,Lucknow,Silver,55+,,M,Email Campaign,
CUST03534,Neha Das,08-04-2024,Rishikesh,Gold,18-24,,F,Organic Search,
CUST03535,Divya Chopra,2024/07/25,Agra,Gold,,,F,Organic Search,
CUST03536,Shreya Sharma,2026/01/18,MUMBAI,None,35-44,,F,Social Media,
CUST03537,Manoj Reddy,18-02-2026,Amritsar,None,55+,android,,Email Campaign,Family
CUST03538,Neha Banerjee,15-05-2025,Hyderabad,None,18-24,,F,Paid Ads,Leisure
CUST03539,Preeti Mehta,13-01-2026,Ahmedabad,GOLD,25-34,,,Paid Ads,
CUST03540,Preeti Gupta,30-01-2024,Kochi,Silver,35-44,,F,Paid Ads,Leisure
CUST03541,Vinay Verma,2026/03/29,Hyderabad,Silver,45-54,Android,,Paid Ads,Family
CUST03542,Arjun Sharma,2024/03/31,Hyderabad,Platinum,35-44,,M,Paid Ads,
CUST03543,Pankaj Bhat,2024/01/29,Shimla,None,45-54,,M,Social Media,
CUST03544,Shalini Singh,2023/10/23,Kochi,Gold,,,F,Email Campaign,Solo
CUST03545,Neha Kumar,01-07-2026,Hyderabad,Silver,45-54,IOS,F,Paid Ads,
CUST03546,Pooja Sharma,2023/09/24,Manali,Silver,18-24,IOS,F,Email Campaign,
CUST03547,Nisha Agarwal,2024/01/07,Pune,Gold,45-54,android,F,App Install,Leisure
CUST03548,Shalini Patel,2025/04/12,Delhi,,,IOS,,Paid Ads,Leisure
CUST03549,Nikhil Singh,2025/12/27,Hyderabad,Silver,,android,,App Install,Honeymoon
CUST03550,Shreya Chopra,15-11-2025,Pune,Platinum,45-54,,,Referral,
CUST03551,Swati Singh,2024/05/26,Agra,,35-44,IOS,F,Referral,Honeymoon
CUST03552,Vivek Sharma,09-03-2025,Lucknow,None,25-34,,M,Social Media,Leisure
CUST03553,Shalini Agarwal,22-04-2026,varanasi,None,35-44,,F,App Install,Family
CUST03554,Shreya Joshi,2026/03/15,kolkata,Silver,25-34,,,Social Media,Business
CUST03555,Suresh Joshi,2025/10/23,bengaluru,None,35-44,iOS,M,Paid Ads,
CUST03556,Karan Das,2025/01/30,Amritsar,Gold,,,,Email Campaign,
CUST03557,Karan Nair,2025/01/18,Jodhpur,NA,35-44,,,Referral,Leisure
CUST03558,Rohan Das,2026/06/23,Mumbai,Platinum,,Android,M,Social Media,
CUST03559,Sanjay Joshi,2024/02/22,Manali,Gold,35-44,Android,,Email Campaign,Honeymoon
CUST03560,Manoj Rao,2024/04/25,Lucknow,silver,55+,,M,Social Media,Family
CUST03561,Vikram Agarwal,12-08-2026,Bombay,None,18-24,,,Paid Ads,
CUST03562,Gaurav Nair,09-02-2025,Chennai,Gold,18-24,android,,Paid Ads,Family
CUST03563,Karan Verma,22-06-2025,DELHI,Silver,18-24,,M,Paid Ads,
CUST03564,Priya Mehta,2025/12/03,Kolkata,None,45-54,,F,Email Campaign,
CUST03565,Anjali Reddy,15-06-2024,Jodhpur,Platinum,35-44,,,Social Media,Family
CUST03566,Amit Reddy,21-04-2024,Darjeeling,Silver,35-44,,M,Organic Search,Leisure
CUST03567,Swati Verma,20-03-2024,Lucknow,None,,Android,,Email Campaign,
CUST03568,Vivek Kumar,2026/03/20,Kochi,Platinum,25-34,,M,Email Campaign,Solo
CUST03569,Kavita Bhat,2024/05/09,Ahmedabad,Silver,18-24,,F,Organic Search,Family
CUST03570,Nikhil Chopra,2026/02/04,Kochi,Gold,45-54,android,M,Referral,Solo
CUST03571,Amit Reddy,2026/08/03,Ahmedabad,None,25-34,iOS,M,Referral,Solo
CUST03572,Kavita Reddy,15-02-2024,varanasi,silver,35-44,,F,Organic Search,Family
CUST03573,Ritu Mehta,2025/05/01,Goa,NA,45-54,,F,App Install,Honeymoon
CUST03574,Anil Banerjee,2024/06/15,Jodhpur,Platinum,25-34,IOS,M,Social Media,Leisure
CUST03575,Manoj Das,10-05-2026,Amritsar,platinum,18-24,,M,Paid Ads,Leisure
CUST03576,Kritika Gupta,25-03-2025,Jodhpur,Platinum,55+,iOS,F,Organic Search,Business
CUST03577,Neha Joshi,2024/01/22,Mysuru,Silver,35-44,,F,Organic Search,Honeymoon
CUST03578,Anjali Gupta,2023/11/25,Ahmedabad,Silver,18-24,Android,F,Organic Search,Solo
CUST03579,Shalini Kumar,13-07-2024,Ahmedabad,Silver,18-24,,F,Referral,Family
CUST03580,Arjun Malhotra,2024/06/26,Kochi,silver,55+,,M,Social Media,
CUST03581,Pooja Bhat,2024/10/23,Rishikesh,None,,,F,Organic Search,Business
CUST03582,Anil Nair,06-05-2026,Amritsar,Gold,18-24,,M,Organic Search,Business
CUST03583,Rohan Joshi,2023/10/26,Pune,None,,Web,M,Organic Search,Business
CUST03584,Sneha Das,22-02-2026,New Delhi,Silver,35-44,Android,,Organic Search,Honeymoon
CUST03585,Kritika Joshi,2023/10/04,Amritsar,,55+,android,F,Email Campaign,Leisure
CUST03586,Priya Rao,02-02-2026,Hyderabad,Silver,45-54,android,F,Email Campaign,Business
CUST03587,Kritika Banerjee,05-05-2024,Ahmedabad,none,25-34,,,Referral,Business
CUST03588,Anita Joshi,2024/04/14,Shimla,Silver,18-24,IOS,F,Organic Search,Leisure
CUST03589,Ananya Singh,25-10-2023,Shimla,None,55+,,F,Email Campaign,Business
CUST03590,Pankaj Bhat,2026/08/26,Goa,None,18-24,Android,M,Social Media,
CUST03591,Pankaj Menon,2025/07/09,Lucknow,Gold,45-54,,M,Referral,Leisure
CUST03592,Nisha Patel,2025/10/20,varanasi,Silver,35-44,,,App Install,
CUST03593,Anjali Chopra,30-05-2026,Lucknow,None,55+,,,Email Campaign,Business
CUST03594,Vikram Patel,16-11-2025,DELHI,None,55+,,M,Organic Search,
CUST03595,Preeti Iyer,2024/08/24,Jodhpur,NA,,,F,Email Campaign,Honeymoon
CUST03596,Ashish Malhotra,18-07-2025,Pune,None,35-44,,M,Social Media,Honeymoon
CUST03597,Rajesh Das,30-01-2026,Udaipur,Silver,,,,Social Media,
CUST03598,Karan Menon,19-04-2024,Calcutta,None,35-44,Web,M,App Install,Business
CUST03599,Priya Bhat,2025/07/05,Agra,None,35-44,Android,F,Paid Ads,Business
CUST03600,Rohan Patel,2024/01/01,Agra,Silver,55+,Android,M,Paid Ads,Leisure
CUST03601,Anjali Banerjee,26-11-2024,Calcutta,Silver,18-24,,,Paid Ads,Business
CUST03602,Vinay Chopra,2026/06/06,Darjeeling,Silver,55+,Android,M,Email Campaign,
CUST03603,Anil Mehta,2026/05/13,mumbai,Silver,35-44,,M,Organic Search,Business
CUST03604,Vinay Patel,2024/05/22,varanasi,silver,45-54,,M,App Install,Solo
CUST03605,Nikhil Das,2025/07/27,Lucknow,silver,35-44,,M,Email Campaign,Honeymoon
CUST03606,Arjun Mehta,05-10-2023,Goa,Silver,18-24,Android,M,Referral,Solo
CUST03607,Ravi Gupta,2026/01/31,Chennai,GOLD,35-44,Web,M,Social Media,Solo
CUST03608,Pankaj Sharma,25-09-2024,Mysuru,Silver,35-44,,M,Organic Search,Solo
CUST03609,Gaurav Patel,09-03-2025,Delhi,platinum,45-54,IOS,M,Social Media,Business
CUST03610,Anjali Joshi,2024/01/05,Pune,Silver,45-54,Web,F,App Install,Leisure
CUST03611,Vikram Patel,28-10-2024,Udaipur,silver,,,M,Referral,
CUST03612,Vivek Kapoor,2025/10/19,Kochi,None,,,M,App Install,Honeymoon
CUST03613,Sneha Kapoor,2025/10/22,Ahmedabad,Platinum,55+,,,Referral,Family
CUST03614,Vinay Nair,2025/12/14,Goa,None,25-34,,M,Paid Ads,Business
CUST03615,Isha Singh,02-01-2026,Lucknow,Platinum,35-44,,,Email Campaign,Solo
CUST03616,Pankaj Sharma,2025/04/30,Agra,None,25-34,android,M,Paid Ads,Honeymoon
CUST03617,Isha Singh,04-02-2026,Bengaluru ,None,45-54,Android,F,App Install,Business
CUST03618,Rahul Rao,26-07-2025,delhi,None,25-34,Web,M,Paid Ads,Business
CUST03619,Shreya Banerjee,2026/07/08,Jaipur,None,,,F,Paid Ads,Leisure
CUST03620,Sneha Rao,2025/08/26,Mysuru,None,55+,,,Paid Ads,Honeymoon
CUST03621,Vinay Banerjee,02-01-2026,Jodhpur,silver,,,M,Referral,Leisure
CUST03622,Aditya Verma,27-01-2024,Amritsar,Gold,35-44,,M,Organic Search,Business
CUST03623,Shreya Iyer,01-11-2024,Jodhpur,None,25-34,iOS,F,App Install,Family
CUST03624,Ananya Sharma,2024/03/10,Jaipur,None,25-34,,F,App Install,
CUST03625,Ravi Joshi,2025/07/13,Chennai,Gold,18-24,,M,Email Campaign,Family
CUST03626,Pankaj Bhat,04-02-2024,New Delhi ,Platinum,25-34,iOS,M,Email Campaign,
CUST03627,Ananya Kumar,2024/03/26,Ahmedabad,None,18-24,iOS,,Social Media,
CUST03628,Swati Malhotra,2026/02/18,Goa,None,35-44,iOS,F,Organic Search,Family
CUST03629,Rohan Kumar,2024/10/03,Jodhpur,None,,,M,App Install,Leisure
CUST03630,Arjun Patel,2026/03/14,Chennai,GOLD,18-24,,,Paid Ads,
CUST03631,Shalini Sharma,2026/05/15,Darjeeling,Silver,,,,Social Media,
CUST03632,Manoj Malhotra,04-04-2024,Shimla,Silver,18-24,,M,Paid Ads,Solo
CUST03633,Ashish Reddy,2026/04/15,Amritsar,Silver,45-54,android,M,Social Media,Leisure
CUST03634,Kritika Bhat,2024/05/27,Pune,None,,Web,,Email Campaign,
CUST03635,Anjali Kapoor,2026/07/14,Rishikesh,Silver,55+,,F,Social Media,Solo
CUST03636,Rajesh Das,10-12-2024,Darjeeling,Gold,18-24,,,App Install,Business
CUST03637,Ananya Gupta,08-08-2024,Darjeeling,Gold,,,F,App Install,Business
CUST03638,Neha Bhat,2024/12/03,Chennai,silver,25-34,,F,Referral,
CUST03639,Vikram Sharma,2025/02/12,Kochi,none,,iOS,M,Email Campaign,Family
CUST03640,Shreya Singh,31-01-2026,Pune,Silver,25-34,,F,Social Media,
CUST03641,Deepika Malhotra,02-11-2024,Amritsar,None,,,F,Email Campaign,Family
CUST03642,Nikhil Joshi,2024/09/10,Goa,Silver,45-54,,,Referral,Solo
CUST03643,Ritu Verma,2024/03/28,Pune,None,25-34,Web,F,Social Media,Leisure
CUST03644,Nikhil Gupta,24-10-2025,Chennai,None,35-44,,M,Social Media,Family
CUST03645,Ravi Sharma,07-02-2024,Udaipur,GOLD,55+,iOS,M,Paid Ads,Solo
CUST03646,Preeti Joshi,2024/05/30,Jodhpur,Silver,45-54,IOS,F,Paid Ads,Business
CUST03647,Divya Menon,12-05-2024,Darjeeling,platinum,18-24,android,F,Email Campaign,Solo
CUST03648,Vinay Sharma,17-08-2025,Shimla,Gold,45-54,android,M,Email Campaign,Honeymoon
CUST03649,Deepak Menon,2026/03/04,Rishikesh,None,18-24,,M,Organic Search,
CUST03650,Preeti Iyer,2024/05/12,Manali,None,55+,IOS,F,Social Media,Leisure
CUST03651,Isha Agarwal,2024/08/09,Shimla,NA,45-54,IOS,F,Social Media,
CUST03652,Deepak Verma,03-03-2026,Chennai,None,,,M,Paid Ads,Solo
CUST03653,Anjali Iyer,11-06-2025,bengaluru,None,,,F,Organic Search,Solo
CUST03654,Kritika Verma,2024/02/05,Agra,none,18-24,,F,Organic Search,Honeymoon
CUST03655,Vikram Agarwal,22-01-2024,Mysuru,silver,,,M,Email Campaign,Leisure
CUST03656,Kritika Chopra,18-04-2025,Kochi,None,45-54,,F,Email Campaign,Solo
CUST03657,Priya Kumar,2024/04/09,Goa,None,,iOS,,Email Campaign,
CUST03658,Isha Kapoor,02-12-2024,Chennai,None,18-24,,,Paid Ads,
CUST03659,Preeti Menon,04-01-2024,kolkata,Gold,25-34,,F,Paid Ads,Business
CUST03660,Ashish Kumar,10-11-2023,Bengaluru ,silver,55+,,M,Social Media,Leisure
CUST03661,Sanjay Verma,21-02-2025,DELHI,Gold,18-24,,,Email Campaign,Business
CUST03662,Anil Menon,21-05-2024,Udaipur,silver,45-54,IOS,M,Referral,Honeymoon
CUST03663,Vikram Banerjee,30-04-2026,Varanasi,Silver,25-34,,,Referral,Business
CUST03664,Meera Banerjee,01-07-2024,bengaluru,None,35-44,,F,Organic Search,
CUST03665,Deepika Malhotra,14-03-2026,Udaipur,None,18-24,,F,Social Media,Leisure
CUST03666,Ashish Chopra,07-05-2026,Chennai,,25-34,,M,App Install,
CUST03667,Aditya Menon,16-04-2025,Kochi,None,45-54,Web,M,Paid Ads,Leisure
CUST03668,Sunita Banerjee,22-07-2024,Jaipur,Platinum,18-24,,F,Paid Ads,
CUST03669,Aditya Reddy,03-06-2025,Pune,Silver,,,M,Referral,Business
CUST03670,Suresh Reddy,2025/09/24,Manali,Silver,18-24,,M,Paid Ads,
CUST03671,Neha Sharma,2026/07/10,Chennai,Gold,45-54,iOS,F,Referral,Leisure
CUST03672,Anita Gupta,2023/12/02,Agra,None,55+,,F,Organic Search,Family
CUST03673,Rohan Das,21-01-2024,Agra,Gold,55+,,,Referral,
CUST03674,Deepika Kapoor,05-02-2024,New Delhi,Gold,35-44,,F,Organic Search,Family
CUST03675,Swati Chopra,11-08-2026,New Delhi ,None,45-54,Web,F,App Install,Solo
CUST03676,Nikhil Joshi,2025/04/03,Pune,platinum,18-24,IOS,M,Social Media,Business
CUST03677,Arjun Mehta,2023/12/16,varanasi,None,,,,Paid Ads,Business
CUST03678,Nisha Das,28-05-2026,Bengaluru,Platinum,35-44,,F,App Install,Honeymoon
CUST03679,Suresh Verma,07-03-2026,Shimla,GOLD,25-34,,,App Install,
CUST03680,Shalini Singh,2026/04/26,Jodhpur,Silver,45-54,android,F,Social Media,Family
CUST03681,Divya Verma,18-12-2024,Rishikesh,Gold,55+,android,F,Referral,
CUST03682,Amit Chopra,08-11-2025,Jaipur,Gold,45-54,Web,M,App Install,Solo
CUST03683,Rohan Iyer,10-08-2026,Pune,,18-24,Android,M,Organic Search,Family
CUST03684,Sanjay Das,22-10-2024,MUMBAI,None,25-34,android,M,Email Campaign,Business
CUST03685,Swati Gupta,2024/07/08,Agra,Silver,45-54,Web,F,Organic Search,Solo
CUST03686,Neha Reddy,2026/07/12,Chennai,Silver,35-44,,F,Social Media,Solo
CUST03687,Isha Patel,2024/01/30,Varanasi,None,35-44,,,Paid Ads,Solo
CUST03688,Rajesh Rao,09-01-2025,Kochi,None,,,M,Paid Ads,Business
CUST03689,Nisha Patel,2025/08/02,Rishikesh,Silver,45-54,,,Social Media,Honeymoon
CUST03690,Vikram Nair,13-05-2024,Varanasi,GOLD,25-34,iOS,M,Email Campaign,
CUST03691,Rohan Banerjee,04-05-2025,Chennai,Gold,55+,,,Paid Ads,
CUST03692,Suresh Reddy,12-12-2025,Rishikesh,Platinum,55+,,M,Paid Ads,Solo
CUST03693,Sneha Menon,2025/03/10,Shimla,None,18-24,,F,Organic Search,Honeymoon
CUST03694,Vinay Singh,11-08-2026,Shimla,Silver,45-54,iOS,M,App Install,
CUST03695,Nikhil Kumar,06-01-2024,Calcutta,Gold,45-54,Web,,Social Media,
CUST03696,Neha Singh,03-10-2025,Kochi,Gold,45-54,Web,F,Referral,
CUST03697,Anil Das,11-10-2024,Lucknow,Platinum,18-24,android,M,Referral,Solo
CUST03698,Rajesh Kapoor,15-02-2024,Manali,Platinum,25-34,iOS,M,Organic Search,Leisure
CUST03699,Suresh Nair,14-10-2024,Chennai,None,25-34,,M,App Install,Business
CUST03700,Ananya Sharma,2024/11/11,Darjeeling,Silver,18-24,,F,Referral,Honeymoon
CUST03701,Suresh Iyer,21-09-2023,Bengaluru,Silver,35-44,,M,Paid Ads,Leisure
CUST03702,Gaurav Rao,14-03-2026,Jodhpur,None,55+,,M,Social Media,Leisure
CUST03703,Anjali Kumar,2024/07/15,Darjeeling,none,45-54,,F,Referral,
CUST03704,Anita Bhat,2024/03/08,Agra,Gold,35-44,,F,Social Media,
CUST03705,Divya Patel,2024/10/10,Jodhpur,Platinum,25-34,Web,,Organic Search,Leisure
CUST03706,Suresh Mehta,13-01-2026,Lucknow,Silver,18-24,,,Referral,Honeymoon
CUST03707,Aditya Reddy,23-04-2025,Manali,None,18-24,Web,M,App Install,
CUST03708,Preeti Singh,2025/01/04,Agra,,55+,IOS,F,Social Media,Family
CUST03709,Anil Verma,04-08-2024,Amritsar,None,45-54,,M,Organic Search,Business
CUST03710,Sneha Kapoor,14-09-2025,Goa,none,25-34,,F,Paid Ads,
CUST03711,Shreya Kumar,2025/12/14,Ahmedabad,none,,,,Referral,Family
CUST03712,Shreya Sharma,2026/01/01,Bangalore,,,Web,F,Email Campaign,Family
CUST03713,Rajesh Kapoor,2024/10/16,Goa,None,35-44,android,M,Organic Search,Family
CUST03714,Nisha Verma,2024/12/31,Manali,Silver,35-44,,F,Referral,
CUST03715,Amit Chopra,11-05-2025,Lucknow,None,25-34,IOS,M,Social Media,Leisure
CUST03716,Isha Reddy,30-05-2024,Hyderabad,Silver,,iOS,F,Social Media,Business
CUST03717,Anita Iyer,02-11-2025,Amritsar,Silver,,,F,Social Media,Business
CUST03718,Pooja Malhotra,2024/02/29,Udaipur,Silver,45-54,iOS,F,Referral,Solo
CUST03719,Deepika Mehta,2024/03/02,Agra,Gold,,,F,Social Media,Leisure
CUST03720,Swati Kumar,2026/05/08,Chennai,Silver,,,F,Referral,Family
CUST03721,Rohan Singh,16-08-2024,Agra,None,,android,M,Referral,Leisure
CUST03722,Suresh Patel,11-03-2025,Bombay,None,45-54,Android,M,Social Media,Solo
CUST03723,Arjun Das,2024/10/05,Goa,Silver,,,M,Email Campaign,
CUST03724,Kavita Kumar,2024/07/26,Kochi,None,18-24,,,Organic Search,
CUST03725,Ananya Bhat,31-03-2025,Hyderabad,None,25-34,,,Referral,Business
CUST03726,Pooja Malhotra,09-11-2025,Lucknow,Silver,,,F,Social Media,Leisure
CUST03727,Sanjay Joshi,2024/09/08,Darjeeling,Silver,,,M,App Install,Family
CUST03728,Ashish Reddy,27-06-2025,Manali,Platinum,35-44,,M,Email Campaign,Solo
CUST03729,Kavita Chopra,2026/04/09,Benaras,Silver,,,,Referral,Leisure
CUST03730,Sunita Gupta,23-05-2024,Pune,Silver,,,,Social Media,Solo
CUST03731,Deepak Mehta,2025/02/21,Hyderabad,None,,android,M,Paid Ads,
CUST03732,Swati Reddy,08-05-2025,Amritsar,silver,55+,iOS,F,Organic Search,
CUST03733,Anil Nair,2026/05/19,MUMBAI,Silver,,,,Organic Search,
CUST03734,Deepak Nair,31-01-2024,Pune,Silver,18-24,IOS,M,Paid Ads,Leisure
CUST03735,Kavita Chopra,18-06-2025,Ahmedabad,Silver,25-34,,F,Email Campaign,Leisure
CUST03736,Rahul Iyer,2024/05/28,New Delhi,,55+,,M,Referral,Solo
CUST03737,Ananya Kumar,06-04-2024,Kochi,none,35-44,,,Organic Search,
CUST03738,Preeti Gupta,2025/11/27,Jaipur,Silver,55+,,,Email Campaign,Honeymoon
CUST03739,Meera Gupta,04-01-2024,Pune,None,25-34,iOS,,Paid Ads,
CUST03740,Sunita Patel,2026/06/18,Shimla,Silver,18-24,iOS,F,Social Media,Business
CUST03741,Divya Kumar,29-04-2024,DELHI,None,45-54,,,Organic Search,
CUST03742,Swati Verma,06-05-2025,Pune,Gold,18-24,,F,Referral,Business
CUST03743,Deepak Nair,2025/01/17,Manali,Platinum,45-54,IOS,M,App Install,Business
CUST03744,Sunita Das,26-01-2026,Bengaluru ,platinum,25-34,,,Paid Ads,Solo
CUST03745,Sunita Reddy,28-05-2026,Lucknow,Gold,35-44,,F,App Install,
CUST03746,Shreya Mehta,11-02-2025,Udaipur,None,35-44,,F,Paid Ads,
CUST03747,Manoj Chopra,09-06-2025,Rishikesh,Silver,25-34,android,M,App Install,
CUST03748,Vinay Menon,05-12-2024,Pune,Gold,45-54,,,Referral,Leisure
CUST03749,Deepak Verma,05-06-2026,Bengaluru ,GOLD,,,M,Social Media,
CUST03750,Arjun Verma,13-01-2026,Manali,Silver,55+,,M,Social Media,Solo
CUST03751,Rajesh Banerjee,19-03-2025,Jodhpur,None,45-54,android,M,Organic Search,Leisure
CUST03752,Kritika Agarwal,14-02-2024,Shimla,None,,,F,Email Campaign,Business
CUST03753,Shalini Bhat,2023/11/03,Kochi,None,35-44,,F,Organic Search,
CUST03754,Karan Kumar,28-08-2025,Shimla,Gold,,,M,Email Campaign,Leisure
CUST03755,Pankaj Nair,2024/07/08,Bombay,Gold,,iOS,,App Install,Business
CUST03756,Swati Menon,2026/04/06,Kochi,None,45-54,android,F,Organic Search,
CUST03757,Aditya Malhotra,19-05-2026,Mysuru,Gold,25-34,iOS,M,App Install,Solo
CUST03758,Sneha Nair,01-08-2025,Pune,None,,android,F,Referral,Family
CUST03759,Nikhil Banerjee,2024/02/04,Ahmedabad,none,45-54,IOS,M,App Install,Family
CUST03760,Rajesh Gupta,2026/01/04,Hyderabad,None,55+,,M,Social Media,
CUST03761,Rajesh Sharma,06-10-2024,kolkata,silver,35-44,,,Email Campaign,Business
CUST03762,Preeti Patel,2026/08/27,Hyderabad,NA,18-24,,F,Social Media,
CUST03763,Divya Reddy,17-08-2026,Pune,None,18-24,,F,Organic Search,Honeymoon
CUST03764,Aditya Sharma,2026/07/28,Goa,Gold,55+,Android,M,Referral,Honeymoon
CUST03765,Neha Patel,12-10-2024,Lucknow,Platinum,35-44,,,Email Campaign,Family
CUST03766,Nikhil Nair,09-12-2025,Hyderabad,Silver,45-54,,,Social Media,Solo
CUST03767,Deepak Kapoor,2024/02/19,Varanasi,Platinum,35-44,,M,Email Campaign,
CUST03768,Sneha Menon,2023/11/13,Pune,Platinum,,,F,Paid Ads,Solo
CUST03769,Shreya Verma,13-10-2024,New Delhi,None,25-34,IOS,F,Paid Ads,
CUST03770,Ananya Das,2024/03/25,Chennai,silver,,Web,,Paid Ads,Honeymoon
CUST03771,Gaurav Rao,2024/09/05,Chennai,Gold,45-54,IOS,,Email Campaign,
CUST03772,Nisha Bhat,08-09-2026,MUMBAI,Platinum,45-54,,F,Social Media,
CUST03773,Aditya Agarwal,2025/06/04,Amritsar,Platinum,,IOS,M,Referral,
CUST03774,Vikram Gupta,12-12-2023,Manali,Silver,18-24,Android,M,Organic Search,Honeymoon
CUST03775,Aditya Bhat,03-05-2026,Manali,None,25-34,,,Paid Ads,Solo
CUST03776,Preeti Chopra,20-09-2025,Calcutta,Silver,45-54,,F,Paid Ads,
CUST03777,Meera Chopra,2025/02/27,Darjeeling,Gold,35-44,,,Paid Ads,
CUST03778,Vikram Nair,2024/01/28,Shimla,Gold,25-34,,M,Social Media,Family
CUST03779,Ashish Gupta,2025/12/18,Chennai,Silver,18-24,,M,Referral,
CUST03780,Vinay Iyer,2025/10/23,Darjeeling,None,,,,Paid Ads,
CUST03781,Priya Banerjee,2026/01/24,Goa,None,,,F,Email Campaign,
CUST03782,Ritu Das,2024/10/28,Lucknow,Silver,25-34,,F,Referral,Honeymoon
CUST03783,Neha Agarwal,2025/04/06,Udaipur,Silver,45-54,,F,Social Media,Leisure
CUST03784,Sunita Iyer,19-11-2023,Ahmedabad,Gold,,IOS,F,Email Campaign,Solo
CUST03785,Divya Agarwal,15-06-2025,Pune,None,25-34,Web,F,Paid Ads,
CUST03786,Swati Banerjee,2026/02/15,Benaras,Gold,35-44,,F,Referral,
CUST03787,Preeti Mehta,15-04-2024,Delhi,None,18-24,,F,App Install,Leisure
CUST03788,Gaurav Kumar,2026/01/16,varanasi,None,35-44,,M,Organic Search,Solo
CUST03789,Shalini Banerjee,25-07-2025,kolkata,Platinum,18-24,android,,Referral,
CUST03790,Deepak Kapoor,2023/11/15,delhi,Gold,45-54,,M,App Install,Solo
CUST03791,Pooja Chopra,2026/04/29,bengaluru,None,,Web,F,App Install,Family
CUST03792,Divya Banerjee,2026/05/27,Benaras,None,18-24,,F,Social Media,Leisure
CUST03793,Manoj Chopra,24-01-2025,Rishikesh,platinum,,,M,App Install,Solo
CUST03794,Vinay Rao,2025/03/30,Lucknow,Platinum,25-34,Web,M,Organic Search,Family
CUST03795,Sunita Joshi,2024/04/15,Hyderabad,None,45-54,,,Organic Search,
CUST03796,Suresh Banerjee,12-08-2026,Jodhpur,Platinum,35-44,,M,Email Campaign,
CUST03797,Kritika Menon,2025/02/04,Pune,None,45-54,,,Paid Ads,Business
CUST03798,Nisha Banerjee,09-06-2025,Ahmedabad,Silver,,,F,Email Campaign,
CUST03799,Kritika Singh,06-11-2024,Manali,silver,45-54,,F,Email Campaign,
CUST03800,Ananya Joshi,15-06-2024,Goa,None,25-34,,,Organic Search,Honeymoon
CUST03801,Aditya Banerjee,20-10-2025,Bombay,Gold,55+,iOS,M,Referral,Leisure
CUST03802,Sneha Menon,17-12-2023,Udaipur,None,35-44,iOS,F,Social Media,Business
CUST03803,Isha Banerjee,06-03-2025,Darjeeling,None,25-34,,F,Organic Search,
CUST03804,Kavita Nair,2026/02/02,Agra,Silver,45-54,,F,App Install,Honeymoon
CUST03805,Shalini Banerjee,05-09-2025,Kochi,Gold,,,F,App Install,
CUST03806,Manoj Sharma,2026/01/09,Jaipur,Silver,55+,,,Social Media,Business
CUST03807,Aditya Iyer,2023/09/25,Mysuru,None,,,,Social Media,Honeymoon
CUST03808,Sneha Chopra,15-07-2025,Shimla,Silver,25-34,,F,Social Media,
CUST03809,Shreya Bhat,2025/08/06,Kolkata,Silver,35-44,IOS,,Email Campaign,
CUST03810,Amit Menon,2023/10/16,Bengaluru ,None,18-24,,,App Install,Business
CUST03811,Neha Reddy,15-08-2026,Agra,None,35-44,android,F,Organic Search,
CUST03812,Pooja Gupta,2026/08/23,Rishikesh,Silver,18-24,IOS,F,App Install,Honeymoon
CUST03813,Kavita Kumar,2026/07/10,delhi,None,35-44,,F,Organic Search,Leisure
CUST03814,Amit Nair,2025/02/22,Jodhpur,Platinum,25-34,,M,Paid Ads,
CUST03815,Deepak Bhat,2026/09/06,Varanasi,,25-34,android,M,Paid Ads,
CUST03816,Rajesh Joshi,11-11-2024,Benaras,Silver,18-24,Web,M,Referral,Honeymoon
CUST03817,Sanjay Agarwal,12-09-2025,Lucknow,None,25-34,android,M,App Install,Leisure
CUST03818,Ananya Reddy,2024/11/30,Manali,silver,,android,,Organic Search,
CUST03819,Kavita Reddy,2025/09/23,Udaipur,Gold,45-54,iOS,F,Social Media,Leisure
CUST03820,Shreya Chopra,16-07-2025,Delhi,None,45-54,,F,Organic Search,Family
CUST03821,Sneha Bhat,25-06-2025,Ahmedabad,Silver,35-44,,,Email Campaign,Leisure
CUST03822,Gaurav Malhotra,09-07-2025,Hyderabad,Silver,35-44,,,Referral,Business
CUST03823,Anil Chopra,12-05-2025,Pune,platinum,35-44,,M,Referral,
CUST03824,Ritu Iyer,2026/08/04,Amritsar,None,18-24,,F,Referral,Honeymoon
CUST03825,Swati Singh,02-02-2025,Bengaluru ,none,35-44,,F,Social Media,Business
CUST03826,Manoj Sharma,23-08-2024,Amritsar,NA,25-34,,,Referral,Leisure
CUST03827,Karan Chopra,2026/06/03,Hyderabad,None,55+,,M,Social Media,Family
CUST03828,Deepika Das,2026/03/23,Kochi,Gold,25-34,android,F,Organic Search,
CUST03829,Meera Chopra,2024/11/06,Rishikesh,Gold,25-34,android,F,App Install,
CUST03830,Rohan Reddy,10-04-2026,Mysuru,None,25-34,Web,M,Referral,Solo
CUST03831,Vikram Mehta,2024/02/19,Amritsar,silver,45-54,Android,M,Paid Ads,
CUST03832,Suresh Sharma,05-10-2024,DELHI,,35-44,android,M,App Install,
CUST03833,Gaurav Singh,2026/03/17,Lucknow,None,35-44,iOS,M,Email Campaign,
CUST03834,Manoj Singh,07-06-2024,Manali,None,25-34,iOS,M,Social Media,Leisure
CUST03835,Suresh Kapoor,2025/06/21,Goa,Silver,55+,Android,M,Social Media,
CUST03836,Deepika Joshi,2023/11/12,Kochi,None,25-34,,F,Email Campaign,Family
CUST03837,Rohan Menon,2024/11/20,Calcutta,None,35-44,android,,Paid Ads,Solo
CUST03838,Ananya Rao,26-04-2024,Mysuru,silver,45-54,,,Referral,Family
CUST03839,Nisha Menon,28-05-2025,Ahmedabad,Gold,,IOS,F,Organic Search,Honeymoon
CUST03840,Vivek Mehta,08-11-2025,Benaras,Platinum,18-24,,,Paid Ads,
CUST03841,Ravi Malhotra,2025/04/24,New Delhi,None,18-24,iOS,M,Social Media,
CUST03842,Pooja Kapoor,20-06-2024,MUMBAI,None,45-54,,F,App Install,
CUST03843,Divya Chopra,2025/01/10,Rishikesh,Gold,25-34,,F,Email Campaign,
CUST03844,Anita Sharma,2025/01/22,Jaipur,None,45-54,,F,Organic Search,
CUST03845,Ashish Sharma,2024/11/27,Calcutta,Silver,25-34,,M,Paid Ads,Family
CUST03846,Anil Malhotra,2026/01/20,New Delhi,Silver,35-44,,,Paid Ads,Family
CUST03847,Neha Verma,2026/05/24,Chennai,Silver,45-54,IOS,,Referral,
CUST03848,Karan Reddy,2024/01/08,Chennai,None,55+,Android,M,Organic Search,Leisure
CUST03849,Ritu Reddy,2024/01/29,Agra,None,55+,,,Paid Ads,
CUST03850,Kritika Joshi,2024/02/04,Delhi,Silver,45-54,,,Paid Ads,
CUST03851,Gaurav Menon,2024/02/25,Amritsar,None,35-44,IOS,M,Referral,Solo
CUST03852,Vivek Kumar,05-01-2025,mumbai,Silver,18-24,iOS,M,Social Media,
CUST03853,Isha Mehta,2025/05/17,Lucknow,Silver,,,F,Email Campaign,
CUST03854,Nikhil Verma,2026/04/12,New Delhi ,Gold,,,M,Referral,Family
CUST03855,Pankaj Kumar,2024/03/22,Jodhpur,Silver,45-54,,,Organic Search,Solo
CUST03856,Pankaj Iyer,2025/04/07,Rishikesh,silver,25-34,,,Paid Ads,Solo
CUST03857,Deepika Das,2024/07/15,Udaipur,Silver,35-44,,F,Email Campaign,Family
CUST03858,Arjun Bhat,22-11-2025,Ahmedabad,None,25-34,IOS,M,Organic Search,Solo
CUST03859,Meera Singh,2024/03/25,Chennai,None,45-54,,,Organic Search,Business
CUST03860,Meera Das,2024/09/10,Amritsar,Gold,35-44,Android,F,Referral,
CUST03861,Isha Kumar,10-04-2025,Jodhpur,,45-54,,F,Organic Search,Family
CUST03862,Priya Sharma,2025/03/17,Goa,platinum,45-54,,F,Paid Ads,
CUST03863,Suresh Nair,05-08-2024,Udaipur,silver,18-24,,,Social Media,
CUST03864,Shreya Reddy,2026/05/13,Agra,Silver,,,F,Email Campaign,Solo
CUST03865,Rohan Reddy,16-09-2025,Bangalore,None,,,M,Social Media,Leisure
CUST03866,Ananya Mehta,2024/07/28,Udaipur,None,45-54,,F,Referral,Solo
CUST03867,Nisha Mehta,07-01-2025,Jaipur,Silver,45-54,Web,F,Email Campaign,Family
CUST03868,Karan Iyer,17-03-2025,Kochi,NA,,,M,Social Media,Family
CUST03869,Arjun Mehta,09-06-2025,Delhi,None,35-44,,M,Social Media,Business
CUST03870,Vivek Verma,30-12-2024,Pune,Silver,,,M,Referral,Leisure
CUST03871,Anil Bhat,07-03-2026,Calcutta,silver,,,M,Social Media,Leisure
CUST03872,Nisha Nair,04-02-2026,Udaipur,Silver,35-44,android,,Paid Ads,
CUST03873,Karan Joshi,2026/05/29,Udaipur,None,35-44,,,Referral,
CUST03874,Deepika Verma,10-11-2023,Hyderabad,silver,35-44,,,Referral,Family
CUST03875,Suresh Banerjee,21-09-2023,Agra,Gold,35-44,Web,M,Referral,Leisure
CUST03876,Ananya Reddy,16-07-2026,Kolkata,Silver,55+,,F,App Install,Business
CUST03877,Anita Bhat,2024/09/08,varanasi,Gold,35-44,IOS,F,Organic Search,Leisure
CUST03878,Rajesh Kapoor,22-09-2025,Shimla,none,,,M,Paid Ads,Honeymoon
CUST03879,Ananya Rao,2024/04/18,Hyderabad,Platinum,18-24,iOS,F,Referral,
CUST03880,Swati Reddy,13-06-2024,Kolkata,None,55+,Android,F,App Install,Solo
CUST03881,Ananya Nair,30-09-2023,Rishikesh,None,35-44,,F,Referral,Business
CUST03882,Kavita Kapoor,15-01-2025,Mysuru,Silver,18-24,,F,Organic Search,
CUST03883,Gaurav Verma,25-07-2025,Agra,None,25-34,,M,Organic Search,Family
CUST03884,Kavita Banerjee,2024/10/29,Chennai,Silver,55+,,,App Install,Solo
CUST03885,Pankaj Rao,2025/03/13,Mysuru,Silver,25-34,,M,Social Media,
CUST03886,Ravi Iyer,2024/06/21,Manali,None,45-54,,,Referral,
CUST03887,Preeti Agarwal,2024/02/03,Udaipur,silver,35-44,IOS,F,Referral,
CUST03888,Meera Bhat,19-03-2024,Mysuru,Silver,25-34,android,F,App Install,Family
CUST03889,Anjali Kapoor,2023/11/03,Hyderabad,,25-34,,F,App Install,Leisure
CUST03890,Sanjay Chopra,2024/12/17,Jaipur,None,,IOS,,Paid Ads,
CUST03891,Ananya Patel,16-09-2024,Agra,Silver,35-44,Android,F,App Install,Honeymoon
CUST03892,Shalini Malhotra,04-05-2024,Hyderabad,Platinum,25-34,,,Social Media,Business
CUST03893,Nikhil Menon,2026/02/24,Darjeeling,Gold,,,M,Email Campaign,
CUST03894,Rohan Agarwal,29-12-2024,New Delhi,Platinum,,,,Social Media,Leisure
CUST03895,Ravi Singh,2024/08/17,Bombay,Silver,25-34,,M,App Install,
CUST03896,Preeti Verma,2024/06/16,Udaipur,silver,55+,android,,Paid Ads,
CUST03897,Vikram Banerjee,2026/02/14,Amritsar,platinum,25-34,,M,App Install,Business
CUST03898,Vivek Malhotra,2025/08/22,Shimla,None,25-34,Web,,Referral,
CUST03899,Anil Sharma,11-07-2025,Shimla,None,45-54,,M,Email Campaign,Solo
CUST03900,Gaurav Das,2026/03/06,Hyderabad,Silver,35-44,,,Organic Search,Leisure
CUST03901,Sanjay Gupta,05-02-2024,Kolkata,,,,M,Organic Search,Business
CUST03902,Shreya Nair,26-10-2023,Rishikesh,Gold,25-34,,F,Organic Search,Solo
CUST03903,Anita Bhat,31-12-2023,Jodhpur,None,,,,Paid Ads,
CUST03904,Vinay Rao,22-04-2024,Kochi,Silver,35-44,IOS,M,Referral,Leisure
CUST03905,Ananya Kumar,2025/05/24,Kochi,Silver,25-34,Web,,Organic Search,Honeymoon
CUST03906,Isha Malhotra,28-03-2026,Kochi,None,25-34,Android,F,Paid Ads,Solo
CUST03907,Priya Iyer,2025/01/18,Lucknow,platinum,45-54,,F,Paid Ads,Business
CUST03908,Sunita Gupta,2025/08/02,Pune,Platinum,25-34,IOS,,Organic Search,Leisure
CUST03909,Meera Menon,16-08-2024,Goa,Gold,55+,iOS,F,App Install,
CUST03910,Divya Gupta,2024/03/16,varanasi,,55+,,F,App Install,Family
CUST03911,Ritu Mehta,15-06-2024,Lucknow,Silver,25-34,,F,Paid Ads,Solo
CUST03912,Ritu Malhotra,01-10-2025,Goa,Silver,45-54,iOS,F,Referral,
CUST03913,Arjun Mehta,2025/11/08,Jodhpur,None,55+,,,Social Media,Business
CUST03914,Manoj Das,2024/11/27,Kochi,None,55+,,,Paid Ads,Business
CUST03915,Manoj Joshi,12-03-2024,Calcutta,None,55+,IOS,M,Organic Search,
CUST03916,Sneha Singh,20-11-2023,Manali,Gold,18-24,,F,Organic Search,
CUST03917,Priya Patel,07-06-2026,Pune,Silver,25-34,IOS,F,Organic Search,Solo
CUST03918,Manoj Iyer,02-08-2026,Hyderabad,None,35-44,iOS,,App Install,
CUST03919,Arjun Menon,2025/12/11,Lucknow,Silver,25-34,,M,Organic Search,Business
CUST03920,Amit Chopra,2025/09/10,Jaipur,Platinum,18-24,,M,Organic Search,
CUST03921,Vivek Bhat,13-12-2024,Shimla,None,35-44,,M,Social Media,Leisure
CUST03922,Karan Chopra,2024/11/11,Hyderabad,NA,45-54,android,,App Install,Business
CUST03923,Suresh Bhat,2024/01/10,Darjeeling,silver,25-34,iOS,,Email Campaign,Leisure
CUST03924,Preeti Singh,2025/10/19,Goa,Silver,55+,,,Organic Search,Honeymoon
CUST03925,Kritika Nair,2023/11/12,Shimla,None,35-44,,,Paid Ads,
CUST03926,Rajesh Gupta,2025/05/03,Hyderabad,Silver,35-44,,M,Email Campaign,Business
CUST03927,Ravi Malhotra,06-08-2026,Mumbai,Silver,55+,,M,Social Media,
CUST03928,Priya Agarwal,16-10-2023,Mysuru,Gold,25-34,,F,App Install,
CUST03929,Arjun Agarwal,05-02-2024,Jaipur,Silver,25-34,,M,App Install,Solo
CUST03930,Manoj Kapoor,27-07-2025,Amritsar,None,35-44,,M,Referral,
CUST03931,Arjun Sharma,30-09-2024,Agra,Platinum,45-54,IOS,,Paid Ads,
CUST03932,Ravi Joshi,15-02-2024,Lucknow,Gold,,IOS,M,Referral,Honeymoon
CUST03933,Nisha Iyer,24-08-2026,Darjeeling,GOLD,18-24,Web,F,Referral,Leisure
CUST03934,Rohan Chopra,2024/04/15,Pune,Platinum,55+,,,Email Campaign,Honeymoon
CUST03935,Anita Das,18-12-2023,Chennai,None,25-34,,,Paid Ads,Business
CUST03936,Preeti Singh,2024/07/06,Agra,Silver,45-54,,,Paid Ads,Honeymoon
CUST03937,Vivek Nair,2025/07/12,kolkata,None,25-34,,M,Email Campaign,Leisure
CUST03938,Rahul Singh,2026/02/18,Agra,NA,45-54,android,M,Organic Search,Business
CUST03939,Ashish Bhat,2025/04/02,Amritsar,None,55+,,M,Referral,Family
CUST03940,Neha Das,13-09-2024,Shimla,None,25-34,,F,Referral,Leisure
CUST03941,Meera Kumar,2025/01/16,Jaipur,NA,45-54,,F,App Install,Family
CUST03942,Kritika Nair,31-12-2023,Manali,Silver,55+,android,,Organic Search,
CUST03943,Nisha Banerjee,2024/10/27,Agra,,55+,android,F,Social Media,
CUST03944,Vikram Agarwal,2025/07/20,varanasi,None,18-24,,M,Referral,
CUST03945,Ritu Chopra,13-05-2024,Rishikesh,Silver,55+,,F,Paid Ads,Family
CUST03946,Nisha Rao,2024/04/07,Rishikesh,Silver,25-34,,F,Social Media,
CUST03947,Kavita Nair,2024/02/22,Jodhpur,None,35-44,Android,F,Referral,
CUST03948,Vikram Mehta,2024/11/21,Hyderabad,None,,Web,M,Email Campaign,Honeymoon
CUST03949,Gaurav Singh,24-05-2025,Bengaluru,None,,IOS,M,App Install,Solo
CUST03950,Vinay Nair,2026/05/12,Shimla,Platinum,18-24,,M,App Install,
CUST03951,Ananya Rao,13-09-2024,Pune,None,18-24,,F,Email Campaign,Family
CUST03952,Gaurav Kumar,11-09-2024,Lucknow,None,25-34,,,Organic Search,Business
CUST03953,Shalini Kapoor,2025/02/27,Hyderabad,GOLD,,Android,,App Install,Leisure
CUST03954,Preeti Bhat,2025/04/15,Chennai,Gold,35-44,,F,Social Media,
CUST03955,Isha Nair,2025/07/08,Jaipur,Silver,25-34,,,Referral,Family
CUST03956,Aditya Nair,2026/04/23,Manali,None,25-34,Android,,Organic Search,
CUST03957,Meera Verma,15-06-2024,Rishikesh,Silver,25-34,,F,Referral,
CUST03958,Pooja Das,2025/05/30,Agra,,35-44,Android,F,Social Media,Leisure
CUST03959,Isha Das,25-04-2025,Pune,Gold,25-34,,,Email Campaign,Leisure
CUST03960,Kavita Iyer,10-09-2026,Shimla,Silver,,,F,Social Media,Solo
CUST03961,Gaurav Banerjee,2025/04/04,Manali,Silver,,Web,M,Social Media,
CUST03962,Gaurav Mehta,21-07-2024,Shimla,Silver,45-54,iOS,M,App Install,Solo
CUST03963,Ananya Patel,10-01-2024,Agra,Silver,18-24,Web,,Email Campaign,Family
CUST03964,Sneha Kumar,26-07-2026,Ahmedabad,Platinum,,,,App Install,
CUST03965,Pooja Bhat,2025/12/05,Bengaluru,Silver,55+,,F,Email Campaign,Family
CUST03966,Pankaj Agarwal,09-09-2025,Kochi,Gold,45-54,,M,Social Media,
CUST03967,Vikram Patel,2024/06/13,Goa,none,35-44,,M,Referral,
CUST03968,Vinay Joshi,2024/12/19,Chennai,None,55+,,M,Email Campaign,Leisure
CUST03969,Neha Chopra,06-04-2026,Shimla,Silver,55+,,,Email Campaign,Business
CUST03970,Deepak Menon,2025/12/16,Delhi,None,55+,android,,Referral,
CUST03971,Nikhil Mehta,26-07-2025,Amritsar,None,55+,Android,M,Organic Search,
CUST03972,Vivek Rao,2024/09/24,Shimla,Platinum,35-44,,M,Social Media,
CUST03973,Pooja Sharma,25-05-2024,Manali,silver,25-34,,F,Referral,
CUST03974,Priya Verma,03-06-2024,Bombay,Gold,55+,android,F,Referral,
CUST03975,Nisha Chopra,2026/01/01,Jaipur,Gold,35-44,Web,F,Social Media,Family
CUST03976,Rahul Reddy,02-07-2024,Udaipur,Silver,35-44,iOS,M,Referral,Business
CUST03977,Karan Menon,2026/04/24,mumbai,None,35-44,,M,Social Media,
CUST03978,Vikram Rao,08-05-2025,Shimla,Silver,35-44,android,M,Paid Ads,Leisure
CUST03979,Shreya Mehta,2023/12/20,Shimla,Gold,45-54,,F,Email Campaign,
CUST03980,Neha Das,26-12-2024,Manali,NA,55+,,F,App Install,Leisure
CUST03981,Vikram Chopra,02-02-2024,Shimla,Gold,18-24,,M,Social Media,Business
CUST03982,Divya Singh,2024/10/11,Manali,None,55+,,F,Organic Search,
CUST03983,Preeti Kapoor,2024/12/31,Agra,Gold,35-44,,F,Referral,
CUST03984,Sunita Banerjee,2024/06/16,Chennai,Gold,,Web,F,Social Media,Honeymoon
CUST03985,Arjun Patel,2026/07/15,Kochi,GOLD,55+,,M,Social Media,Honeymoon
CUST03986,Preeti Kapoor,2023/09/18,Jodhpur,Silver,18-24,iOS,F,Paid Ads,Leisure
CUST03987,Anjali Chopra,2025/08/05,Mysuru,,35-44,iOS,F,Social Media,Honeymoon
CUST03988,Deepak Kapoor,2025/09/30,Lucknow,Gold,25-34,iOS,M,Social Media,Leisure
CUST03989,Ritu Agarwal,17-08-2024,Jodhpur,Gold,18-24,,F,Paid Ads,
CUST03990,Ananya Mehta,2025/12/16,Pune,None,18-24,,,Organic Search,Honeymoon
CUST03991,Anil Sharma,2025/06/07,Lucknow,Gold,,IOS,M,Organic Search,Leisure
CUST03992,Preeti Banerjee,2025/05/06,Shimla,None,55+,,F,App Install,
CUST03993,Deepika Nair,05-08-2024,Darjeeling,Gold,35-44,,F,Paid Ads,
CUST03994,Priya Kumar,20-10-2025,Jodhpur,Platinum,45-54,,F,Social Media,Solo
CUST03995,Isha Chopra,2026/08/09,mumbai,Gold,55+,iOS,F,App Install,Leisure
CUST03996,Vivek Reddy,2023/09/28,Goa,Silver,55+,,M,Organic Search,Business
CUST03997,Rohan Joshi,13-07-2025,Jodhpur,Silver,,Android,,Email Campaign,Solo
CUST03998,Divya Kapoor,05-06-2026,New Delhi,None,25-34,android,,Social Media,
CUST03999,Anita Verma,2026/04/17,Lucknow,Silver,25-34,iOS,,App Install,Honeymoon
CUST04000,Aditya Sharma,22-01-2024,Bombay,Silver,,,,App Install,
CUST04001,Rahul Das,11-12-2025,Ahmedabad,None,45-54,,M,Organic Search,Leisure
CUST04002,Amit Kumar,2023/11/16,Ahmedabad,None,18-24,,M,App Install,Leisure
CUST04003,Vinay Menon,04-06-2024,Rishikesh,None,18-24,,M,Organic Search,
CUST04004,Ravi Verma,11-05-2026,Jaipur,Silver,,,,Email Campaign,
CUST04005,Rajesh Mehta,2024/07/20,Ahmedabad,Silver,35-44,,M,Paid Ads,Honeymoon
CUST04006,Shreya Verma,08-08-2026,Hyderabad,None,,,F,Social Media,
CUST04007,Amit Kumar,30-04-2024,Mumbai,None,35-44,Android,M,Social Media,Family
CUST04008,Rohan Kumar,2026/09/15,Hyderabad,Silver,55+,iOS,M,Organic Search,Honeymoon
CUST04009,Sanjay Agarwal,19-06-2024,Agra,None,45-54,android,M,Email Campaign,Family
CUST04010,Pooja Reddy,25-01-2026,Calcutta,Gold,45-54,iOS,F,Referral,Leisure
CUST04011,Ananya Iyer,2025/02/14,Agra,GOLD,25-34,,F,Organic Search,Leisure
CUST04012,Nisha Iyer,2024/03/02,bengaluru,silver,,Android,F,Paid Ads,Leisure
CUST04013,Vinay Gupta,10-12-2023,Pune,silver,,,M,Organic Search,
CUST04014,Ritu Kapoor,25-06-2024,Jaipur,Silver,55+,android,F,Paid Ads,
CUST04015,Rajesh Malhotra,2024/03/29,Udaipur,Silver,18-24,Web,M,Email Campaign,
CUST04016,Shreya Nair,07-01-2024,Goa,Platinum,,,F,Social Media,Leisure
CUST04017,Anil Kapoor,2025/07/08,Manali,None,45-54,,M,Email Campaign,Honeymoon
CUST04018,Ashish Mehta,2026/02/01,Chennai,Silver,25-34,Android,M,Paid Ads,Honeymoon
CUST04019,Pankaj Menon,2026/04/08,Chennai,GOLD,45-54,Web,M,Paid Ads,Solo
CUST04020,Shalini Singh,2026/02/27,Chennai,Silver,35-44,,F,Referral,
CUST04021,Kavita Iyer,03-04-2026,Chennai,None,,android,,Paid Ads,
CUST04022,Ananya Patel,12-08-2025,Agra,None,,,,App Install,
CUST04023,Sanjay Kapoor,03-07-2026,Ahmedabad,None,18-24,android,,Email Campaign,Honeymoon
CUST04024,Anita Joshi,09-11-2024,Agra,Silver,,,F,Email Campaign,
CUST04025,Deepika Patel,03-02-2026,New Delhi ,Silver,35-44,android,F,Referral,Business
CUST04026,Rohan Sharma,2024/03/01,Jodhpur,Gold,,IOS,M,Referral,Leisure
CUST04027,Vivek Reddy,2025/05/07,Lucknow,None,18-24,Web,M,Paid Ads,
CUST04028,Sneha Patel,27-02-2025,Jodhpur,None,45-54,Android,F,App Install,Honeymoon
CUST04029,Swati Bhat,26-08-2026,Jodhpur,Gold,18-24,IOS,F,Organic Search,Solo
CUST04030,Neha Iyer,08-09-2026,kolkata,Platinum,45-54,,F,Organic Search,Business
CUST04031,Neha Chopra,05-05-2024,Rishikesh,Platinum,45-54,,F,Social Media,
CUST04032,Kavita Verma,2025/10/15,Delhi,Silver,45-54,,,Email Campaign,Solo
CUST04033,Suresh Reddy,2026/09/03,Hyderabad,Silver,,Web,,Social Media,
CUST04034,Kritika Das,2026/08/08,Manali,,18-24,,F,Email Campaign,Business
CUST04035,Shreya Das,22-10-2024,Mysuru,Silver,18-24,,F,Social Media,
CUST04036,Ritu Mehta,20-04-2024,Darjeeling,Silver,45-54,iOS,F,Email Campaign,
CUST04037,Manoj Gupta,2026/02/25,varanasi,platinum,35-44,,M,App Install,
CUST04038,Kavita Joshi,30-01-2026,Udaipur,Silver,45-54,android,F,Referral,Business
CUST04039,Swati Agarwal,2026/02/08,Jodhpur,Silver,45-54,android,,Referral,Leisure
CUST04040,Ritu Reddy,19-10-2025,Manali,Platinum,45-54,,F,Paid Ads,Honeymoon
CUST04041,Shalini Rao,28-04-2025,Bangalore,Gold,35-44,Android,F,Referral,
CUST04042,Anil Rao,2025/02/10,Agra,None,35-44,,M,Organic Search,Solo
CUST04043,Deepak Singh,2026/04/05,Agra,None,45-54,iOS,,Social Media,
CUST04044,Shreya Chopra,2023/10/25,New Delhi,NA,25-34,,F,Organic Search,Leisure
CUST04045,Shalini Das,2024/04/10,Hyderabad,Gold,55+,IOS,F,Paid Ads,
CUST04046,Shalini Malhotra,2023/12/09,Pune,,55+,iOS,F,Organic Search,Family
CUST04047,Pankaj Singh,2025/11/26,Jaipur,None,45-54,,M,Referral,Honeymoon
CUST04048,Rajesh Mehta,2025/09/24,Chennai,Silver,,iOS,M,Referral,
CUST04049,Vinay Singh,2026/08/12,Ahmedabad,Silver,18-24,,M,Email Campaign,Solo
CUST04050,Pooja Nair,24-10-2024,Agra,Silver,25-34,,,Social Media,Family
CUST04051,Meera Patel,2024/07/28,Kolkata,Platinum,55+,iOS,F,App Install,
CUST04052,Anjali Kapoor,2025/01/15,kolkata,None,55+,iOS,,Organic Search,Solo
CUST04053,Nikhil Reddy,02-12-2024,Shimla,Silver,45-54,,M,Organic Search,
CUST04054,Deepika Kumar,01-02-2025,Bengaluru ,Gold,,IOS,F,Social Media,Business
CUST04055,Kritika Bhat,09-02-2025,Chennai,None,55+,iOS,,Referral,
CUST04056,Preeti Malhotra,2023/12/10,Ahmedabad,None,55+,,F,Referral,
CUST04057,Karan Mehta,2024/02/24,Hyderabad,Platinum,55+,,M,App Install,Business
CUST04058,Gaurav Menon,14-05-2025,Ahmedabad,Silver,,,M,Referral,Family
CUST04059,Divya Singh,2026/06/28,Jaipur,Gold,,Web,F,Email Campaign,Solo
CUST04060,Nikhil Patel,2025/02/22,Rishikesh,None,,android,,Social Media,Honeymoon
CUST04061,Vivek Kumar,2024/09/11,Ahmedabad,Gold,25-34,IOS,M,App Install,
CUST04062,Priya Reddy,2023/12/13,Lucknow,Gold,25-34,android,,Email Campaign,Solo
CUST04063,Pooja Verma,2025/04/14,Udaipur,Silver,55+,,F,Social Media,Family
CUST04064,Gaurav Iyer,2025/03/06,Amritsar,None,,iOS,M,Paid Ads,Business
CUST04065,Nikhil Joshi,18-07-2024,Rishikesh,Platinum,45-54,,M,Paid Ads,
CUST04066,Anil Mehta,2024/12/01,Goa,Silver,45-54,,,Paid Ads,Solo
CUST04067,Amit Reddy,21-05-2026,Jaipur,Silver,25-34,iOS,,App Install,Family
CUST04068,Nikhil Verma,29-12-2024,New Delhi,Gold,45-54,,M,App Install,Honeymoon
CUST04069,Vinay Reddy,2024/04/17,Chennai,Gold,55+,,M,Paid Ads,
CUST04070,Anita Sharma,2024/09/17,Calcutta,None,,,F,Social Media,Business
CUST04071,Divya Malhotra,2023/11/14,Agra,None,45-54,,,Referral,Family
CUST04072,Shalini Das,07-01-2024,Darjeeling,silver,18-24,Web,F,App Install,Family
CUST04073,Gaurav Chopra,2026/08/01,varanasi,silver,25-34,Android,M,Social Media,Solo
CUST04074,Pankaj Kumar,26-01-2026,Mysuru,silver,25-34,,M,Email Campaign,Leisure
CUST04075,Karan Joshi,2025/05/19,Manali,Platinum,45-54,IOS,M,Paid Ads,Leisure
CUST04076,Ravi Nair,2024/04/28,Lucknow,Gold,45-54,,M,App Install,Honeymoon
CUST04077,Priya Nair,2024/04/05,Ahmedabad,None,35-44,Android,,Referral,Solo
CUST04078,Vivek Sharma,2026/07/01,Manali,platinum,45-54,,M,Paid Ads,
CUST04079,Aditya Rao,07-07-2026,Udaipur,Silver,25-34,android,M,Social Media,Family
CUST04080,Rohan Kumar,2025/11/16,Amritsar,None,,,M,Organic Search,Honeymoon
CUST04081,Shreya Iyer,19-08-2024,Amritsar,Silver,55+,,,App Install,
CUST04082,Rohan Kapoor,30-12-2024,Ahmedabad,None,25-34,,M,Paid Ads,Solo
CUST04083,Preeti Gupta,07-10-2023,Pune,Platinum,35-44,Web,F,Social Media,Family
CUST04084,Pooja Kapoor,11-06-2025,Lucknow,None,18-24,,,Email Campaign,
CUST04085,Preeti Iyer,2026/01/26,Chennai,silver,35-44,,F,Email Campaign,Leisure
CUST04086,Amit Mehta,31-07-2024,Mysuru,Platinum,35-44,Web,M,Organic Search,Family
CUST04087,Pankaj Agarwal,2024/09/11,Agra,None,25-34,,M,Organic Search,
CUST04088,Sunita Mehta,26-10-2023,Amritsar,None,25-34,,F,Referral,Business
CUST04089,Anita Verma,2026/08/16,Udaipur,Gold,18-24,IOS,,Organic Search,Family
CUST04090,Shalini Bhat,2025/07/07,Benaras,Silver,25-34,IOS,F,Referral,Honeymoon
CUST04091,Arjun Sharma,23-01-2026,Lucknow,None,45-54,,M,Referral,Business
CUST04092,Arjun Agarwal,2025/05/10,New Delhi,None,18-24,android,M,Organic Search,Honeymoon
CUST04093,Pankaj Patel,2025/04/07,Jodhpur,None,55+,,M,Social Media,Solo
CUST04094,Sanjay Das,2026/08/20,Agra,Silver,,,M,Organic Search,Family
CUST04095,Preeti Sharma,15-09-2024,kolkata,platinum,,,F,App Install,
CUST04096,Arjun Joshi,2024/09/04,delhi,None,45-54,,,Referral,
CUST04097,Ritu Nair,09-10-2024,Chennai,None,,Android,F,Social Media,Honeymoon
CUST04098,Deepika Bhat,2024/07/17,Amritsar,None,25-34,,F,Paid Ads,Honeymoon
CUST04099,Neha Singh,21-07-2026,Darjeeling,Silver,55+,,,App Install,
CUST04100,Vinay Iyer,2023/10/15,Mumbai,Silver,55+,Web,,App Install,Leisure
CUST04101,Ritu Nair,2024/06/26,Jaipur,GOLD,18-24,IOS,F,App Install,Solo
CUST04102,Karan Menon,13-03-2024,Jodhpur,silver,25-34,iOS,M,App Install,
CUST04103,Ananya Banerjee,24-11-2024,Pune,GOLD,25-34,,,Paid Ads,
CUST04104,Kritika Das,12-09-2026,Bengaluru ,Gold,,android,F,Referral,
CUST04105,Gaurav Banerjee,2026/02/20,Jodhpur,None,55+,android,M,App Install,Business
CUST04106,Shalini Menon,2026/08/31,varanasi,None,,Android,F,Email Campaign,Family
CUST04107,Nikhil Gupta,03-06-2026,Jaipur,Gold,25-34,,M,Paid Ads,
CUST04108,Sunita Chopra,17-11-2023,Chennai,None,,IOS,F,App Install,
CUST04109,Karan Patel,25-06-2024,mumbai,Gold,35-44,,M,Email Campaign,
CUST04110,Deepika Chopra,2025/12/16,Benaras,None,35-44,,,Referral,Honeymoon
CUST04111,Rajesh Kapoor,24-07-2026,Kolkata,Silver,45-54,,,App Install,
CUST04112,Isha Sharma,27-12-2023,Goa,GOLD,45-54,,,Referral,
CUST04113,Priya Reddy,04-02-2026,Delhi,Silver,55+,,,Paid Ads,Honeymoon
CUST04114,Deepak Menon,05-08-2026,Bombay,None,55+,,M,App Install,
CUST04115,Amit Bhat,2025/04/05,Jaipur,None,45-54,iOS,M,Organic Search,Business
CUST04116,Shreya Chopra,2026/08/12,Lucknow,Platinum,45-54,,F,Social Media,Leisure
CUST04117,Meera Mehta,2025/09/18,New Delhi,Silver,18-24,Android,F,Organic Search,Business
CUST04118,Ritu Kapoor,07-10-2025,Chennai,NA,55+,,F,Organic Search,Leisure
CUST04119,Meera Mehta,2026/04/21,Lucknow,Gold,18-24,android,F,Paid Ads,
CUST04120,Priya Singh,2025/12/18,Shimla,Platinum,55+,,F,Email Campaign,Solo
CUST04121,Rajesh Banerjee,10-04-2024,Jaipur,None,18-24,,M,Email Campaign,
CUST04122,Ravi Malhotra,2024/02/01,Jaipur,Gold,45-54,,M,Paid Ads,
CUST04123,Shreya Banerjee,2024/07/17,Rishikesh,Silver,,,F,Organic Search,
CUST04124,Vivek Rao,20-12-2025,Ahmedabad,Silver,55+,,M,App Install,
CUST04125,Neha Gupta,2024/08/20,Ahmedabad,Silver,55+,IOS,,App Install,Family
CUST04126,Nisha Menon,02-03-2024,Shimla,None,,,F,Paid Ads,Solo
CUST04127,Sunita Menon,16-12-2025,Rishikesh,Platinum,,,,Organic Search,Honeymoon
CUST04128,Aditya Patel,2024/07/25,Pune,None,25-34,Web,M,Referral,Leisure
CUST04129,Shalini Das,19-07-2025,New Delhi ,None,18-24,,F,Paid Ads,Honeymoon
CUST04130,Ravi Patel,2024/12/10,delhi,Gold,35-44,,,App Install,Family
CUST04131,Karan Verma,2024/06/05,Benaras,Gold,55+,,M,Paid Ads,Family
CUST04132,Rahul Reddy,31-08-2024,Jaipur,,25-34,iOS,M,Social Media,Solo
CUST04133,Ravi Bhat,2026/06/19,Chennai,Gold,35-44,Android,M,Social Media,
CUST04134,Kavita Nair,15-12-2025,Benaras,silver,25-34,,F,App Install,Leisure
CUST04135,Vivek Das,22-02-2024,Chennai,None,,,,Social Media,
CUST04136,Ritu Rao,2023/11/03,Lucknow,Silver,25-34,,,Email Campaign,
CUST04137,Ravi Singh,09-11-2025,Jaipur,None,25-34,,M,Email Campaign,Solo
CUST04138,Sunita Singh,12-04-2025,Pune,None,35-44,iOS,,Referral,Family
CUST04139,Ritu Agarwal,01-06-2026,Ahmedabad,Silver,18-24,Android,F,App Install,Solo
CUST04140,Kavita Banerjee,10-08-2025,Chennai,Gold,45-54,,F,Paid Ads,Leisure
CUST04141,Kavita Bhat,14-07-2026,New Delhi ,Silver,55+,Android,F,Social Media,
CUST04142,Sneha Agarwal,2025/10/31,Darjeeling,Silver,35-44,IOS,F,Paid Ads,
CUST04143,Nisha Iyer,17-02-2025,Lucknow,Platinum,35-44,iOS,F,Paid Ads,Solo
CUST04144,Vivek Nair,08-10-2023,Agra,silver,45-54,,M,Social Media,
CUST04145,Deepak Patel,12-05-2026,Rishikesh,Silver,55+,,,Social Media,Business
CUST04146,Ravi Verma,15-08-2025,Udaipur,Silver,18-24,IOS,M,Paid Ads,
CUST04147,Preeti Menon,15-03-2024,Pune,Gold,25-34,android,F,Referral,
CUST04148,Suresh Banerjee,2025/10/18,Lucknow,None,18-24,,M,Email Campaign,Honeymoon
CUST04149,Rahul Nair,2025/05/18,Lucknow,Silver,25-34,,M,Paid Ads,
CUST04150,Anita Nair,28-11-2024,Ahmedabad,Gold,18-24,,F,Referral,
CUST04151,Anita Singh,2024/10/10,Amritsar,silver,55+,,F,Social Media,Leisure
CUST04152,Nisha Nair,15-02-2025,Varanasi,platinum,45-54,,F,Organic Search,
CUST04153,Deepika Bhat,2023/09/26,Hyderabad,None,45-54,Web,F,App Install,
CUST04154,Anjali Joshi,2025/02/11,bengaluru,None,55+,,,Social Media,
CUST04155,Rahul Bhat,13-07-2025,Rishikesh,None,,,,Social Media,Family
CUST04156,Sneha Joshi,11-01-2024,Darjeeling,GOLD,45-54,Android,F,Organic Search,Leisure
CUST04157,Gaurav Malhotra,2025/04/30,Jaipur,Silver,55+,,,Referral,
CUST04158,Rohan Malhotra,20-12-2025,Udaipur,None,,,M,Organic Search,Business
CUST04159,Pankaj Joshi,31-01-2024,Chennai,None,25-34,iOS,,Organic Search,Business
CUST04160,Sunita Menon,2023/10/22,Goa,None,55+,iOS,F,Email Campaign,Solo
CUST04161,Karan Patel,03-04-2026,delhi,None,18-24,,M,Social Media,Family
CUST04162,Divya Kapoor,25-05-2024,Manali,Silver,25-34,,,Social Media,Leisure
CUST04163,Vinay Sharma,21-05-2025,Goa,None,45-54,android,,App Install,
CUST04164,Meera Joshi,2025/08/18,Mysuru,Gold,45-54,,F,Social Media,Family
CUST04165,Vinay Das,06-03-2024,Chennai,Platinum,18-24,iOS,,Paid Ads,Business
CUST04166,Sanjay Joshi,12-04-2024,Ahmedabad,None,45-54,,M,Organic Search,Honeymoon
CUST04167,Deepika Nair,14-10-2025,Goa,silver,55+,,F,Paid Ads,
CUST04168,Priya Patel,2025/05/25,Shimla,None,35-44,,F,Organic Search,
CUST04169,Neha Patel,14-07-2025,Amritsar,Gold,35-44,,,Organic Search,Leisure
CUST04170,Meera Banerjee,2024/01/29,Mysuru,Silver,35-44,,F,Social Media,Family
CUST04171,Ananya Nair,27-01-2024,Mysuru,None,45-54,,F,Paid Ads,Solo
CUST04172,Nisha Sharma,2025/02/26,Amritsar,platinum,,iOS,,App Install,Solo
CUST04173,Shreya Nair,08-02-2025,Ahmedabad,Silver,55+,iOS,,Paid Ads,Family
CUST04174,Kavita Chopra,2023/12/14,Ahmedabad,Gold,55+,Android,F,Organic Search,Business
CUST04175,Isha Nair,2026/09/11,Udaipur,none,55+,,F,Organic Search,
CUST04176,Suresh Verma,2024/02/10,Mysuru,Silver,,,M,Social Media,Leisure
CUST04177,Suresh Mehta,2024/01/19,Mysuru,Gold,45-54,,M,Paid Ads,Honeymoon
CUST04178,Anita Banerjee,2026/06/23,Varanasi,silver,18-24,,F,Social Media,Solo
CUST04179,Amit Patel,2024/05/27,Amritsar,Silver,25-34,Android,M,Social Media,
CUST04180,Deepika Malhotra,26-01-2026,Shimla,None,,,,Email Campaign,Business
CUST04181,Pooja Verma,2025/07/11,delhi,None,55+,Web,F,Email Campaign,
CUST04182,Ritu Mehta,2024/01/05,Jaipur,Platinum,35-44,Android,F,Paid Ads,Business
CUST04183,Sanjay Iyer,25-04-2026,Amritsar,None,,iOS,M,Organic Search,
CUST04184,Shalini Reddy,2025/09/22,Rishikesh,silver,35-44,,F,Paid Ads,Solo
CUST04185,Karan Rao,01-08-2024,Mysuru,Silver,55+,,M,Social Media,
CUST04186,Rohan Bhat,2024/04/06,Kochi,Gold,35-44,,M,Paid Ads,Leisure
CUST04187,Manoj Das,2025/11/04,Agra,Platinum,25-34,,M,Email Campaign,Business
CUST04188,Vikram Rao,2026/02/10,Calcutta,NA,55+,,M,App Install,Solo
CUST04189,Sneha Verma,09-04-2026,Bombay,Gold,,,,Social Media,
CUST04190,Ashish Mehta,11-11-2025,Chennai,None,18-24,,M,App Install,
CUST04191,Sunita Iyer,05-11-2025,Hyderabad,silver,55+,,F,Organic Search,Business
CUST04192,Sanjay Menon,2024/08/11,Pune,None,35-44,,M,App Install,Honeymoon
CUST04193,Anita Malhotra,2025/10/20,Manali,None,35-44,,F,App Install,Family
CUST04194,Suresh Verma,18-03-2024,Shimla,Gold,55+,Web,M,App Install,Family
CUST04195,Nisha Agarwal,15-02-2025,Udaipur,None,45-54,iOS,F,Referral,Leisure
CUST04196,Nikhil Patel,12-03-2024,Pune,Gold,18-24,Web,M,Paid Ads,Leisure
CUST04197,Swati Banerjee,02-11-2025,Hyderabad,Platinum,35-44,,F,Referral,Business
CUST04198,Neha Kumar,25-11-2024,Mysuru,None,25-34,android,F,Organic Search,Honeymoon
CUST04199,Gaurav Verma,2024/01/22,Lucknow,None,18-24,android,M,Paid Ads,Solo
CUST04200,Arjun Reddy,02-09-2024,New Delhi,silver,,,,Paid Ads,Family
CUST04201,Shalini Verma,2024/10/24,Bengaluru ,Silver,25-34,android,F,Email Campaign,Family
CUST04202,Shalini Rao,29-10-2025,Hyderabad,,55+,iOS,F,Organic Search,
CUST04203,Ravi Rao,08-12-2025,Jaipur,Gold,18-24,Android,M,Social Media,Business
CUST04204,Vivek Menon,16-03-2026,Chennai,None,45-54,,M,Referral,Business
CUST04205,Priya Kumar,15-05-2024,Shimla,platinum,35-44,,F,App Install,
CUST04206,Sneha Reddy,21-02-2025,varanasi,None,35-44,Web,F,Email Campaign,
CUST04207,Anjali Mehta,2026/07/17,Pune,None,18-24,,F,Organic Search,
CUST04208,Sunita Rao,2025/11/14,Mumbai,Silver,35-44,,F,Email Campaign,Honeymoon
CUST04209,Vivek Bhat,19-10-2024,Goa,None,45-54,,M,Social Media,
CUST04210,Rajesh Kapoor,2024/07/13,Ahmedabad,platinum,25-34,,M,Organic Search,
CUST04211,Kritika Patel,2025/09/29,Pune,Platinum,55+,,F,Organic Search,Solo
CUST04212,Sanjay Iyer,24-08-2026,Bengaluru ,silver,,android,M,Organic Search,
CUST04213,Amit Kumar,26-05-2025,Bengaluru,None,25-34,,M,Organic Search,Honeymoon
CUST04214,Nikhil Gupta,2025/03/18,Udaipur,none,,,M,Social Media,
CUST04215,Rahul Sharma,2026/01/26,Hyderabad,Gold,25-34,Android,M,Paid Ads,Solo
CUST04216,Pooja Iyer,2026/08/03,Kolkata,Gold,55+,IOS,F,Email Campaign,
CUST04217,Suresh Agarwal,2024/03/29,Shimla,Silver,45-54,,,Organic Search,Business
CUST04218,Shalini Menon,2026/08/06,Hyderabad,None,18-24,Web,,Paid Ads,
CUST04219,Rahul Reddy,2024/05/24,Darjeeling,Gold,55+,,M,Referral,Family
CUST04220,Priya Kapoor,2024/04/01,Varanasi,Silver,35-44,,,Organic Search,
CUST04221,Preeti Verma,2024/10/08,Hyderabad,None,18-24,iOS,F,Social Media,Leisure
CUST04222,Shreya Patel,2025/01/31,Mysuru,platinum,25-34,,F,Email Campaign,Business
CUST04223,Arjun Menon,02-01-2025,Chennai,Silver,25-34,,M,App Install,Business
CUST04224,Vinay Malhotra,23-10-2023,mumbai,Silver,55+,,M,Social Media,Business
CUST04225,Rahul Malhotra,06-05-2024,Manali,Platinum,35-44,,M,Organic Search,Leisure
CUST04226,Sanjay Menon,2023/10/06,Agra,Silver,35-44,,M,Paid Ads,Honeymoon
CUST04227,Deepika Bhat,2023/10/13,Chennai,silver,25-34,iOS,,Social Media,Solo
CUST04228,Rajesh Iyer,02-04-2026,Kochi,Silver,18-24,,M,Email Campaign,
CUST04229,Nikhil Malhotra,06-08-2024,Goa,silver,55+,,,App Install,
CUST04230,Rohan Menon,2026/01/05,Jodhpur,Silver,45-54,,M,Email Campaign,Family
CUST04231,Ritu Chopra,2026/05/07,Chennai,Gold,,,F,Organic Search,Honeymoon
CUST04232,Swati Kapoor,2026/01/14,Darjeeling,GOLD,18-24,,,Referral,Family
CUST04233,Vinay Joshi,2024/06/28,varanasi,NA,25-34,,M,Organic Search,Family
CUST04234,Shalini Mehta,22-09-2025,Ahmedabad,None,35-44,,F,App Install,
CUST04235,Kavita Nair,2026/05/25,New Delhi ,None,35-44,Android,F,Referral,Business
CUST04236,Preeti Joshi,06-04-2026,Chennai,silver,35-44,IOS,F,Organic Search,
CUST04237,Divya Sharma,2026/04/09,Lucknow,Silver,,IOS,,Organic Search,Business
CUST04238,Priya Gupta,2026/06/29,Jaipur,Silver,45-54,,F,Paid Ads,Solo
CUST04239,Shalini Mehta,2025/11/30,Hyderabad,GOLD,,,F,Social Media,Honeymoon
CUST04240,Isha Verma,2025/11/06,Pune,Gold,25-34,,F,Email Campaign,Business
CUST04241,Meera Malhotra,2025/03/21,Amritsar,Silver,,Web,F,Referral,
CUST04242,Preeti Mehta,2025/04/15,New Delhi,Platinum,25-34,,F,Organic Search,Business
CUST04243,Anil Singh,20-07-2025,kolkata,Platinum,35-44,android,M,Email Campaign,Business
CUST04244,Anjali Menon,2023/10/26,Rishikesh,None,55+,android,F,Organic Search,Solo
CUST04245,Anjali Malhotra,2026/02/05,Shimla,GOLD,18-24,,,Referral,
CUST04246,Vinay Bhat,17-01-2024,Darjeeling,None,25-34,,M,App Install,
CUST04247,Deepak Menon,2026/03/05,Shimla,Silver,35-44,,,App Install,Family
CUST04248,Manoj Das,2024/11/16,Ahmedabad,Silver,45-54,,M,Referral,Family
CUST04249,Sanjay Banerjee,2025/08/14,Rishikesh,None,18-24,iOS,M,Email Campaign,
CUST04250,Shalini Malhotra,04-04-2026,Amritsar,platinum,25-34,Android,F,Email Campaign,Leisure
CUST04251,Swati Sharma,19-08-2026,Chennai,Silver,25-34,,F,Paid Ads,Leisure
CUST04252,Kritika Agarwal,2024/08/27,Goa,silver,,,F,Social Media,Leisure
CUST04253,Gaurav Chopra,25-05-2025,Bombay,None,35-44,Android,,Organic Search,Business
CUST04254,Anil Sharma,18-10-2025,Hyderabad,None,18-24,,M,Email Campaign,Honeymoon
CUST04255,Divya Kumar,07-09-2024,Bombay,Platinum,35-44,,F,Paid Ads,Family
CUST04256,Swati Agarwal,2025/06/25,Agra,None,,Web,,Social Media,Business
CUST04257,Arjun Agarwal,2026/07/30,Kochi,Gold,25-34,,M,Referral,Honeymoon
CUST04258,Sunita Joshi,10-02-2025,Calcutta,Gold,45-54,Web,F,Social Media,Business
CUST04259,Divya Singh,2026/02/22,Jodhpur,Gold,,IOS,F,Referral,Business
CUST04260,Vivek Singh,19-11-2024,Pune,Gold,25-34,IOS,M,Social Media,Honeymoon
CUST04261,Ananya Das,14-01-2026,Pune,Gold,55+,,F,Paid Ads,Business
CUST04262,Sanjay Singh,08-09-2026,Chennai,Gold,25-34,,M,Organic Search,Leisure
CUST04263,Priya Das,15-07-2026,Calcutta,Silver,,android,F,Paid Ads,
CUST04264,Nikhil Das,23-11-2023,Ahmedabad,Silver,35-44,,M,Referral,Family
CUST04265,Deepak Chopra,03-06-2024,Goa,None,25-34,Web,M,Referral,Business
CUST04266,Ritu Patel,2024/06/05,Jodhpur,Gold,18-24,,F,App Install,Honeymoon
CUST04267,Neha Patel,22-08-2025,Manali,Platinum,,,F,Organic Search,
CUST04268,Anil Patel,18-01-2024,Hyderabad,None,35-44,android,M,Organic Search,
CUST04269,Vivek Kapoor,18-12-2023,Kochi,Silver,,,M,Organic Search,
CUST04270,Pankaj Das,01-08-2025,New Delhi ,None,18-24,,M,Social Media,
CUST04271,Vivek Singh,2025/10/11,Kolkata,None,18-24,iOS,M,Social Media,Business
CUST04272,Nisha Kapoor,2026/07/08,Darjeeling,Gold,45-54,,F,Paid Ads,
CUST04273,Ananya Iyer,09-01-2025,Rishikesh,None,,,F,Paid Ads,Honeymoon
CUST04274,Anjali Nair,2026/03/04,Calcutta,Platinum,18-24,,,App Install,Business
CUST04275,Vivek Joshi,11-11-2025,Jaipur,GOLD,18-24,,M,Social Media,Solo
CUST04276,Ravi Reddy,27-09-2025,Amritsar,None,55+,,M,App Install,
CUST04277,Vivek Agarwal,2025/11/10,Jodhpur,Gold,55+,IOS,M,Organic Search,
CUST04278,Pooja Singh,07-11-2023,Agra,Gold,,,F,Organic Search,Business
CUST04279,Swati Kapoor,15-11-2024,kolkata,Silver,18-24,,F,Organic Search,Solo
CUST04280,Pooja Kapoor,07-03-2025,Rishikesh,Silver,,,,Paid Ads,Family
CUST04281,Ananya Singh,04-04-2026,Pune,None,18-24,,,Referral,
CUST04282,Sunita Agarwal,2023/09/19,Udaipur,None,45-54,,,Email Campaign,Solo
CUST04283,Neha Malhotra,06-02-2026,Calcutta,None,45-54,,F,Email Campaign,Business
CUST04284,Nikhil Mehta,2024/01/18,Amritsar,Gold,25-34,,M,Organic Search,Family
CUST04285,Pankaj Menon,22-03-2024,Lucknow,None,18-24,,M,Paid Ads,
CUST04286,Vinay Kumar,2026/03/22,Darjeeling,None,25-34,,M,Email Campaign,
CUST04287,Sunita Patel,13-05-2026,Chennai,Silver,18-24,,F,Organic Search,Business
CUST04288,Deepak Das,2025/05/01,Udaipur,GOLD,25-34,IOS,,App Install,Leisure
CUST04289,Aditya Reddy,21-03-2025,Ahmedabad,Silver,45-54,,M,App Install,Business
CUST04290,Rajesh Banerjee,04-11-2024,mumbai,Silver,25-34,,M,Paid Ads,
CUST04291,Isha Verma,14-05-2024,Agra,Silver,25-34,,F,Organic Search,Family
CUST04292,Deepika Banerjee,10-09-2024,Lucknow,None,45-54,,F,Paid Ads,Leisure
CUST04293,Anjali Joshi,2024/01/10,Lucknow,Platinum,25-34,Android,F,Social Media,Business
CUST04294,Vikram Gupta,27-12-2023,Bangalore,NA,35-44,android,M,App Install,
CUST04295,Neha Gupta,18-11-2025,Darjeeling,Platinum,25-34,,F,Social Media,Solo
CUST04296,Isha Reddy,2026/07/27,mumbai,Silver,35-44,,F,Organic Search,Solo
CUST04297,Vikram Banerjee,2025/08/20,Mysuru,none,18-24,Web,M,App Install,
CUST04298,Gaurav Singh,27-07-2024,Hyderabad,none,25-34,,M,Paid Ads,Honeymoon
CUST04299,Rajesh Kapoor,29-10-2025,Mysuru,Silver,55+,iOS,M,Paid Ads,Solo
CUST04300,Swati Singh,2023/12/29,Hyderabad,Gold,25-34,,F,Organic Search,Business
CUST04301,Sanjay Gupta,2024/10/28,Mysuru,none,55+,iOS,,Referral,Honeymoon
CUST04302,Rohan Kumar,06-01-2026,mumbai,Platinum,18-24,,M,Social Media,Leisure
CUST04303,Kavita Patel,2026/01/21,Lucknow,silver,45-54,Web,F,Paid Ads,Solo
CUST04304,Vikram Menon,07-06-2025,Udaipur,Gold,45-54,android,M,Paid Ads,Honeymoon
CUST04305,Deepak Joshi,2024/01/18,Agra,none,25-34,android,,Referral,Leisure
CUST04306,Nikhil Banerjee,21-09-2023,Kochi,Gold,,,,Referral,
CUST04307,Vinay Sharma,2024/04/25,Kochi,Silver,18-24,,M,Referral,
CUST04308,Meera Kumar,13-11-2024,Mysuru,Platinum,35-44,,F,Email Campaign,
CUST04309,Anjali Kapoor,2025/09/01,Mysuru,Silver,,iOS,F,Organic Search,
CUST04310,Deepika Patel,28-01-2026,mumbai,Silver,45-54,,F,Social Media,
CUST04311,Anil Joshi,2024/07/31,Jaipur,Gold,18-24,,M,Paid Ads,Business
CUST04312,Sunita Singh,07-03-2025,Hyderabad,silver,18-24,Web,F,Referral,Solo
CUST04313,Gaurav Singh,23-09-2023,Pune,None,,,M,Email Campaign,
CUST04314,Shreya Banerjee,24-09-2025,Varanasi,None,45-54,Android,,App Install,Solo
CUST04315,Arjun Agarwal,08-03-2024,Pune,None,18-24,,,Email Campaign,Leisure
CUST04316,Rajesh Bhat,2025/12/03,Bengaluru,None,35-44,,M,Paid Ads,Family
CUST04317,Ravi Bhat,2025/06/13,Ahmedabad,silver,35-44,,,App Install,Family
CUST04318,Aditya Rao,14-11-2023,Kochi,None,,IOS,M,Organic Search,
CUST04319,Vivek Iyer,2025/07/02,Jodhpur,None,35-44,android,,Social Media,Solo
CUST04320,Neha Reddy,13-06-2025,Varanasi,Silver,,,,Organic Search,Solo
CUST04321,Deepak Menon,31-07-2026,Bangalore,Silver,25-34,,M,Email Campaign,
CUST04322,Ravi Kumar,2023/10/24,Rishikesh,Silver,,Web,,Social Media,Family
CUST04323,Swati Bhat,2026/09/14,Jaipur,Platinum,55+,,F,Social Media,
CUST04324,Kavita Verma,29-10-2023,Varanasi,None,55+,Web,F,Paid Ads,
CUST04325,Kritika Reddy,2025/08/24,bengaluru,Silver,,,F,Social Media,Business
CUST04326,Ashish Agarwal,14-10-2024,Kochi,Gold,55+,,M,App Install,
CUST04327,Deepak Gupta,2026/09/13,Ahmedabad,platinum,55+,iOS,,Organic Search,Business
CUST04328,Manoj Joshi,03-11-2023,Mysuru,Silver,45-54,android,M,Email Campaign,
CUST04329,Deepak Nair,2023/11/27,Jaipur,None,,Web,M,Paid Ads,
CUST04330,Anjali Reddy,03-03-2024,Kolkata,None,35-44,,F,Email Campaign,Family
CUST04331,Anjali Menon,2025/07/24,Goa,silver,25-34,,F,Social Media,
CUST04332,Shreya Singh,2024/08/29,Ahmedabad,Gold,55+,,F,Email Campaign,
CUST04333,Priya Kapoor,2026/04/16,Ahmedabad,Silver,25-34,,,Referral,Honeymoon
CUST04334,Anjali Das,21-06-2026,Calcutta,Platinum,55+,,F,Email Campaign,Family
CUST04335,Shreya Nair,23-09-2023,Shimla,None,45-54,IOS,F,App Install,Honeymoon
CUST04336,Sanjay Rao,2025/08/13,Mysuru,Gold,,,M,Email Campaign,Solo
CUST04337,Kritika Mehta,11-02-2024,Goa,Gold,45-54,,F,Referral,
CUST04338,Neha Kumar,2024/03/12,Agra,None,18-24,,F,Referral,
CUST04339,Swati Agarwal,26-10-2024,Udaipur,Gold,18-24,IOS,F,Social Media,Solo
CUST04340,Amit Sharma,29-06-2026,Darjeeling,Gold,35-44,IOS,M,Paid Ads,Leisure
CUST04341,Vivek Malhotra,2024/01/15,Amritsar,Silver,55+,IOS,M,App Install,
CUST04342,Meera Singh,07-05-2024,Bengaluru,None,55+,android,,Organic Search,Family
CUST04343,Rahul Kapoor,21-08-2024,Delhi,None,25-34,,M,App Install,Leisure
CUST04344,Ritu Singh,10-07-2026,Jaipur,Silver,55+,,F,Referral,Honeymoon
CUST04345,Anil Patel,01-11-2025,MUMBAI,NA,,,,Paid Ads,Family
CUST04346,Sanjay Malhotra,2024/11/20,Manali,platinum,,android,,App Install,
CUST04347,Swati Bhat,07-09-2026,Mysuru,Gold,,iOS,F,Organic Search,Honeymoon
CUST04348,Deepika Menon,02-11-2024,Goa,None,45-54,,F,Paid Ads,Family
CUST04349,Rajesh Patel,04-06-2025,Pune,NA,55+,Web,M,Email Campaign,Leisure
CUST04350,Nikhil Menon,2025/01/04,Agra,Silver,45-54,,M,Email Campaign,
CUST04351,Rahul Menon,14-06-2026,Bengaluru ,None,45-54,,M,App Install,
CUST04352,Amit Chopra,2026/05/12,varanasi,Platinum,55+,,,Referral,
CUST04353,Meera Bhat,10-12-2025,Mysuru,None,,iOS,F,Referral,Leisure
CUST04354,Deepika Chopra,13-01-2026,Darjeeling,,55+,,,App Install,
CUST04355,Rajesh Singh,15-06-2026,Kochi,None,,android,M,App Install,
CUST04356,Arjun Reddy,2024/09/05,Jodhpur,None,18-24,Android,M,Email Campaign,
CUST04357,Meera Mehta,2023/10/29,Varanasi,Gold,18-24,,F,Organic Search,
CUST04358,Vinay Agarwal,01-10-2023,DELHI,Silver,45-54,Android,M,App Install,Solo
CUST04359,Ashish Singh,2026/04/22,Manali,None,,Web,,Organic Search,Business
CUST04360,Preeti Mehta,2025/07/10,Mysuru,Gold,18-24,,,Social Media,
CUST04361,Pankaj Mehta,15-08-2026,Goa,Silver,18-24,,M,Email Campaign,
CUST04362,Amit Nair,2024/09/12,Chennai,None,,android,M,Organic Search,
CUST04363,Isha Sharma,2024/05/13,Kochi,Gold,35-44,iOS,,Paid Ads,Leisure
CUST04364,Nisha Chopra,10-05-2025,Jaipur,None,35-44,Web,,Email Campaign,Leisure
CUST04365,Rohan Patel,03-05-2026,Shimla,None,55+,,M,App Install,Family
CUST04366,Divya Malhotra,2025/11/16,DELHI,None,35-44,,F,Email Campaign,Leisure
CUST04367,Anjali Joshi,2024/06/04,Darjeeling,Gold,55+,,F,Social Media,
CUST04368,Nisha Banerjee,07-06-2024,Kolkata,none,55+,,,Email Campaign,
CUST04369,Kavita Chopra,13-12-2023,Mysuru,Silver,55+,,,Referral,Solo
CUST04370,Ravi Joshi,2024/03/10,Goa,Gold,25-34,,M,Email Campaign,Family
CUST04371,Nisha Reddy,20-09-2025,Manali,Gold,35-44,,F,Referral,
CUST04372,Karan Verma,2025/06/12,Jaipur,None,55+,Web,M,Email Campaign,
CUST04373,Pankaj Das,2026/05/31,Jaipur,Silver,18-24,,M,Social Media,Solo
CUST04374,Kritika Menon,2026/01/13,Mysuru,None,55+,Web,F,Email Campaign,Solo
CUST04375,Karan Das,2023/09/27,Rishikesh,silver,45-54,,M,Referral,Leisure
CUST04376,Ashish Joshi,2024/07/01,Darjeeling,None,55+,,M,Paid Ads,Leisure
CUST04377,Arjun Verma,2024/10/22,Goa,Platinum,25-34,,M,Email Campaign,Solo
CUST04378,Amit Mehta,2024/06/29,Amritsar,none,18-24,,,Paid Ads,Leisure
CUST04379,Pooja Rao,2023/11/10,Darjeeling,Gold,25-34,,,Referral,
CUST04380,Aditya Menon,12-12-2025,Kochi,,,,M,Social Media,
CUST04381,Isha Joshi,2025/12/22,delhi,Silver,18-24,,F,Organic Search,Honeymoon
CUST04382,Gaurav Kapoor,2024/03/27,Chennai,Gold,25-34,,M,Email Campaign,Business
CUST04383,Preeti Nair,2025/02/03,Pune,Silver,55+,,F,App Install,
CUST04384,Rajesh Singh,25-03-2025,Kochi,None,25-34,iOS,M,Email Campaign,Solo
CUST04385,Kritika Menon,2024/06/12,Goa,none,55+,,F,Organic Search,Honeymoon
CUST04386,Swati Verma,03-02-2024,Darjeeling,silver,18-24,,F,Email Campaign,Honeymoon
CUST04387,Amit Das,2023/12/15,Hyderabad,None,35-44,,M,Organic Search,Solo
CUST04388,Nikhil Bhat,2026/02/12,Pune,silver,55+,Android,M,App Install,
CUST04389,Isha Kapoor,2024/09/24,Chennai,Gold,25-34,,,Paid Ads,
CUST04390,Shalini Chopra,2024/02/29,Jaipur,Silver,25-34,android,F,Paid Ads,
CUST04391,Amit Reddy,2025/01/28,Goa,None,,,M,Social Media,Honeymoon
CUST04392,Sanjay Banerjee,23-07-2026,Goa,None,25-34,,M,Organic Search,Honeymoon
CUST04393,Deepika Bhat,03-01-2024,mumbai,None,55+,,F,Referral,Business
CUST04394,Vivek Malhotra,2026/06/10,Hyderabad,Gold,55+,,M,Email Campaign,Leisure
CUST04395,Ananya Kumar,2026/09/13,Goa,Silver,35-44,,F,Email Campaign,Honeymoon
CUST04396,Kritika Iyer,2024/07/11,Bengaluru,None,35-44,,,Referral,
CUST04397,Arjun Nair,27-08-2026,Goa,Silver,18-24,,M,Social Media,Honeymoon
CUST04398,Vinay Banerjee,19-08-2026,Jodhpur,Silver,,Web,M,App Install,Honeymoon
CUST04399,Vikram Iyer,19-02-2025,Ahmedabad,Silver,18-24,Web,M,App Install,Business
CUST04400,Anjali Menon,2026/09/14,Hyderabad,None,35-44,,F,App Install,
CUST04401,Nisha Bhat,07-01-2024,Bengaluru ,None,25-34,,,Paid Ads,Leisure
CUST04402,Rahul Banerjee,29-10-2025,Mumbai,Platinum,35-44,IOS,M,Email Campaign,
CUST04403,Isha Agarwal,2025/04/23,Chennai,Silver,18-24,,,Referral,
CUST04404,Rajesh Singh,2025/02/25,Agra,Gold,18-24,,,Organic Search,
CUST04405,Karan Kapoor,15-12-2023,Calcutta,Silver,35-44,IOS,M,App Install,Business
CUST04406,Nisha Nair,2023/09/29,varanasi,Platinum,35-44,iOS,F,Referral,Family
CUST04407,Preeti Chopra,27-07-2024,Pune,Silver,18-24,,,Email Campaign,Solo
CUST04408,Karan Malhotra,2026/01/01,Pune,,25-34,,,Paid Ads,Honeymoon
CUST04409,Suresh Singh,2025/04/12,Manali,Gold,25-34,Web,M,App Install,
CUST04410,Sneha Malhotra,2026/04/29,Agra,Silver,,,F,Organic Search,
CUST04411,Priya Nair,2025/05/09,Chennai,Gold,18-24,,F,App Install,Honeymoon
CUST04412,Nikhil Mehta,05-04-2024,Agra,GOLD,18-24,,,Social Media,
CUST04413,Anil Rao,2025/11/17,Pune,Silver,25-34,,M,Organic Search,Business
CUST04414,Vikram Kumar,2025/07/01,Ahmedabad,Platinum,35-44,IOS,M,Paid Ads,Family
CUST04415,Anil Reddy,29-04-2026,Kochi,,,,M,Email Campaign,Solo
CUST04416,Ritu Kapoor,2026/09/10,Kochi,Platinum,45-54,iOS,F,Referral,
CUST04417,Ritu Iyer,10-01-2025,Hyderabad,None,18-24,android,F,Paid Ads,Solo
CUST04418,Pooja Iyer,30-10-2025,Bengaluru,None,,Android,F,Social Media,
CUST04419,Priya Agarwal,2026/06/30,Bombay,None,,,F,Referral,Family
CUST04420,Gaurav Nair,2024/01/12,Ahmedabad,None,55+,Web,M,Email Campaign,Honeymoon
CUST04421,Nikhil Reddy,2024/03/28,Bangalore,Silver,18-24,,M,App Install,
CUST04422,Preeti Banerjee,2024/03/04,Ahmedabad,,18-24,,,Paid Ads,Leisure
CUST04423,Shreya Joshi,24-09-2023,Lucknow,Platinum,35-44,,F,Referral,Family
CUST04424,Rohan Menon,06-06-2026,Chennai,Silver,25-34,iOS,M,Paid Ads,
CUST04425,Vivek Verma,10-07-2026,Manali,Gold,25-34,Android,M,Organic Search,Solo
CUST04426,Pooja Kapoor,24-01-2026,Jaipur,None,55+,Web,F,Referral,
CUST04427,Rajesh Kapoor,11-10-2024,Bombay,None,35-44,iOS,M,Social Media,
CUST04428,Meera Gupta,02-04-2024,Kochi,platinum,18-24,android,F,App Install,
CUST04429,Isha Patel,16-12-2024,Mysuru,Silver,,Android,,Email Campaign,Leisure
CUST04430,Rohan Malhotra,2024/07/26,Jaipur,Silver,,,M,App Install,Honeymoon
CUST04431,Rahul Nair,04-04-2026,Jaipur,,18-24,,M,Organic Search,Solo
CUST04432,Ritu Das,23-06-2024,DELHI,Silver,35-44,,F,Organic Search,Honeymoon
CUST04433,Divya Agarwal,2024/10/12,Kochi,Silver,45-54,IOS,F,App Install,
CUST04434,Anita Das,20-12-2025,Darjeeling,Silver,55+,,F,App Install,
CUST04435,Rohan Agarwal,30-06-2025,Chennai,None,55+,android,,Referral,Business
CUST04436,Ashish Das,05-09-2026,Amritsar,Gold,25-34,android,,App Install,Honeymoon
CUST04437,Isha Patel,2024/02/18,Manali,,35-44,IOS,F,Email Campaign,Solo
CUST04438,Anil Iyer,2026/02/03,Chennai,,25-34,android,M,App Install,Honeymoon
CUST04439,Priya Patel,27-06-2024,Benaras,GOLD,35-44,Web,F,App Install,Business
CUST04440,Vikram Gupta,2025/03/14,Pune,None,18-24,android,M,Paid Ads,Family
CUST04441,Anil Gupta,2025/10/09,Bombay,None,35-44,,M,Social Media,Business
CUST04442,Karan Reddy,2024/10/17,Darjeeling,None,18-24,Android,,Referral,Family
CUST04443,Vivek Verma,2024/08/04,Chennai,platinum,55+,,M,Referral,Solo
CUST04444,Preeti Singh,21-03-2025,Goa,silver,25-34,,F,App Install,Business
CUST04445,Pankaj Malhotra,2023/12/04,Amritsar,platinum,,,M,Email Campaign,
CUST04446,Sneha Das,21-12-2023,Jodhpur,NA,,Android,,App Install,Leisure
CUST04447,Rajesh Menon,28-03-2025,Kochi,none,45-54,,,Organic Search,Family
CUST04448,Rajesh Nair,2026/05/14,Agra,Silver,18-24,android,M,Social Media,Family
CUST04449,Kavita Mehta,31-08-2024,Goa,Silver,,iOS,F,Email Campaign,Solo
CUST04450,Pooja Malhotra,2025/08/02,Agra,None,35-44,,F,Social Media,Solo
CUST04451,Rohan Nair,30-06-2025,Kochi,None,45-54,,M,Referral,Leisure
CUST04452,Kritika Sharma,09-05-2026,Kolkata,Platinum,25-34,iOS,F,Social Media,Business
CUST04453,Preeti Gupta,03-01-2024,Jodhpur,Platinum,25-34,,F,Social Media,Solo
CUST04454,Rohan Bhat,2025/04/14,Bombay,None,18-24,,M,App Install,
CUST04455,Suresh Chopra,2024/06/25,Bengaluru,None,45-54,,M,Social Media,Solo
CUST04456,Manoj Reddy,2024/05/30,Hyderabad,Silver,25-34,,M,Paid Ads,
CUST04457,Shalini Nair,2025/03/18,Amritsar,Silver,,Web,,App Install,Leisure
CUST04458,Gaurav Sharma,25-02-2024,Shimla,NA,35-44,iOS,M,Referral,
CUST04459,Aditya Das,2025/12/31,Calcutta,Gold,18-24,android,M,App Install,Business
CUST04460,Rajesh Das,18-04-2025,Udaipur,Silver,18-24,,M,Organic Search,
CUST04461,Karan Menon,26-01-2024,Goa,Silver,18-24,,,Organic Search,Honeymoon
CUST04462,Isha Iyer,2024/06/03,Chennai,Platinum,25-34,android,F,Paid Ads,Honeymoon
CUST04463,Anita Banerjee,2023/10/11,Pune,platinum,55+,,F,Email Campaign,Solo
CUST04464,Nikhil Singh,21-08-2025,Kochi,Silver,,android,M,Email Campaign,
CUST04465,Karan Menon,01-05-2026,Bengaluru ,None,55+,Web,,Social Media,
CUST04466,Kritika Patel,2026/07/16,Jaipur,None,55+,Android,F,Email Campaign,
CUST04467,Ritu Menon,28-09-2024,Bombay,Silver,35-44,iOS,F,Email Campaign,Honeymoon
CUST04468,Nisha Reddy,2024/08/03,Manali,silver,35-44,Web,,App Install,Honeymoon
CUST04469,Ashish Sharma,2024/05/08,Mysuru,None,35-44,,M,Organic Search,Honeymoon
CUST04470,Kavita Singh,2024/03/22,Amritsar,Silver,25-34,,F,Social Media,Family
CUST04471,Swati Kapoor,02-06-2024,Manali,GOLD,18-24,,F,Email Campaign,Family
CUST04472,Ashish Nair,2024/01/23,Goa,None,25-34,Android,M,Organic Search,Solo
CUST04473,Nisha Nair,30-08-2024,Darjeeling,Silver,45-54,IOS,F,App Install,
CUST04474,Arjun Gupta,17-12-2025,Shimla,Platinum,25-34,Web,M,Social Media,Solo
CUST04475,Isha Sharma,2025/11/17,Bengaluru,None,25-34,,,Paid Ads,
CUST04476,Nikhil Banerjee,04-10-2024,Benaras,silver,45-54,Web,,Social Media,
CUST04477,Aditya Nair,2023/09/28,kolkata,None,18-24,IOS,M,Paid Ads,Leisure
CUST04478,Kavita Nair,29-01-2024,Varanasi,Gold,25-34,,F,Organic Search,Honeymoon
CUST04479,Rajesh Mehta,14-02-2026,Hyderabad,Platinum,25-34,IOS,M,Social Media,
CUST04480,Rohan Agarwal,2026/03/12,Amritsar,Silver,25-34,,,Paid Ads,Honeymoon
CUST04481,Priya Mehta,2026/05/11,Ahmedabad,None,,,F,Social Media,Business
CUST04482,Pooja Menon,2026/05/03,Rishikesh,Platinum,35-44,android,,App Install,Solo
CUST04483,Ananya Singh,2024/05/16,Udaipur,None,45-54,,F,Social Media,Leisure
CUST04484,Anita Sharma,03-06-2025,Kochi,none,55+,,F,Email Campaign,Honeymoon
CUST04485,Priya Nair,2023/10/28,Benaras,none,18-24,,,Paid Ads,
CUST04486,Manoj Rao,2024/10/25,Shimla,Gold,18-24,,M,Social Media,Honeymoon
CUST04487,Anjali Chopra,2024/11/23,Calcutta,Gold,55+,,F,Paid Ads,Leisure
CUST04488,Rahul Agarwal,2024/09/29,Rishikesh,platinum,45-54,,M,Social Media,
CUST04489,Divya Bhat,2025/07/06,Agra,Platinum,18-24,android,F,Referral,
CUST04490,Aditya Gupta,07-08-2025,Agra,none,45-54,android,M,Paid Ads,
CUST04491,Shalini Mehta,21-05-2026,mumbai,None,,,F,Paid Ads,
CUST04492,Neha Banerjee,2025/04/13,Lucknow,None,25-34,,F,Referral,Solo
CUST04493,Amit Malhotra,05-08-2024,Mysuru,Gold,,,M,Social Media,
CUST04494,Isha Das,2024/04/04,Rishikesh,None,18-24,,,Paid Ads,Honeymoon
CUST04495,Anita Agarwal,08-11-2025,kolkata,Gold,25-34,iOS,F,Referral,Business
CUST04496,Pankaj Patel,21-06-2026,Hyderabad,Silver,,,M,App Install,Business
CUST04497,Anil Menon,29-01-2025,Darjeeling,None,35-44,Android,M,App Install,Honeymoon
CUST04498,Nikhil Reddy,2024/06/23,Jodhpur,Silver,18-24,Web,M,Email Campaign,
CUST04499,Vikram Sharma,2024/06/29,Jodhpur,Platinum,45-54,android,M,Referral,Honeymoon
CUST04500,Kavita Agarwal,09-09-2026,Amritsar,Silver,55+,,F,Social Media,
CUST04501,Ritu Mehta,01-12-2023,Mysuru,Platinum,55+,Android,F,App Install,
CUST04502,Ritu Kumar,2023/09/24,Jaipur,Silver,55+,IOS,F,Email Campaign,
CUST04503,Shalini Das,15-07-2024,Kochi,none,35-44,,F,Social Media,Business
CUST04504,Anjali Banerjee,06-08-2025,Chennai,Silver,18-24,android,F,Organic Search,
CUST04505,Shalini Patel,01-04-2024,Udaipur,Gold,35-44,,F,Social Media,Business
CUST04506,Suresh Agarwal,12-03-2026,Ahmedabad,Platinum,18-24,iOS,,Social Media,Honeymoon
CUST04507,Preeti Mehta,04-01-2025,Rishikesh,Silver,45-54,Android,F,Social Media,Honeymoon
CUST04508,Deepika Chopra,24-01-2025,Chennai,None,25-34,Android,,Email Campaign,Solo
CUST04509,Rajesh Bhat,2026/02/26,MUMBAI,None,35-44,Web,M,App Install,Solo
CUST04510,Shalini Bhat,2025/01/27,Rishikesh,Gold,,,F,Social Media,Business
CUST04511,Pooja Chopra,2024/11/16,Pune,,45-54,,F,Email Campaign,
CUST04512,Vivek Iyer,09-11-2024,Manali,Silver,25-34,,,App Install,
CUST04513,Pankaj Chopra,2024/07/21,Manali,Gold,,,M,Paid Ads,Business
CUST04514,Swati Patel,08-10-2024,Jodhpur,Silver,18-24,IOS,F,Organic Search,Family
CUST04515,Anil Rao,2026/04/13,Jaipur,none,,IOS,M,Social Media,Leisure
CUST04516,Shreya Joshi,16-04-2024,Mysuru,Platinum,35-44,,F,Paid Ads,Business
CUST04517,Pooja Iyer,27-04-2024,Manali,NA,,,F,Email Campaign,
CUST04518,Anjali Bhat,2025/06/25,MUMBAI,None,55+,,F,Organic Search,
CUST04519,Meera Verma,01-04-2024,Udaipur,None,55+,,F,App Install,Business
CUST04520,Ritu Nair,11-06-2026,Chennai,Silver,25-34,,F,Referral,Leisure
CUST04521,Ashish Chopra,2025/12/06,Rishikesh,None,55+,Web,,Email Campaign,
CUST04522,Shalini Patel,2025/05/29,Hyderabad,Platinum,,iOS,F,App Install,Leisure
CUST04523,Karan Bhat,24-10-2024,Lucknow,Silver,,,M,App Install,Family
CUST04524,Suresh Agarwal,2025/02/06,Jaipur,Gold,,,,Organic Search,Solo
CUST04525,Vikram Bhat,2024/12/27,Manali,None,35-44,Android,M,Email Campaign,Family
CUST04526,Shalini Mehta,2026/03/11,Calcutta,None,45-54,Web,F,Referral,
CUST04527,Sanjay Gupta,15-05-2026,Rishikesh,Gold,45-54,iOS,M,Social Media,Leisure
CUST04528,Pooja Iyer,2025/09/15,Udaipur,Gold,25-34,,F,Paid Ads,Family
CUST04529,Swati Nair,2024/01/15,Amritsar,Silver,35-44,,F,Paid Ads,Honeymoon
CUST04530,Nisha Singh,27-12-2023,Pune,None,25-34,,F,Email Campaign,Family
CUST04531,Vivek Agarwal,2024/08/26,Agra,Platinum,18-24,,M,Organic Search,Family
CUST04532,Nikhil Verma,11-01-2024,Jaipur,None,,iOS,M,Referral,Solo
CUST04533,Preeti Joshi,05-03-2025,Kochi,NA,25-34,,F,Social Media,Business
CUST04534,Ananya Nair,2026/06/21,Shimla,silver,55+,,F,App Install,
CUST04535,Anita Patel,2024/06/22,mumbai,None,55+,,F,Organic Search,Leisure
CUST04536,Nikhil Joshi,20-02-2024,MUMBAI,None,18-24,,M,Paid Ads,
CUST04537,Shreya Bhat,2026/04/20,New Delhi,None,18-24,Web,F,Referral,
CUST04538,Deepak Agarwal,03-09-2026,Manali,Platinum,35-44,,M,App Install,Solo
CUST04539,Divya Nair,2023/11/24,Pune,None,18-24,,F,Referral,
CUST04540,Manoj Sharma,10-04-2026,Amritsar,None,,,M,Organic Search,
CUST04541,Meera Bhat,27-09-2023,Udaipur,Silver,55+,Web,,Social Media,Solo
CUST04542,Rohan Banerjee,15-04-2026,Goa,Gold,,Web,M,Email Campaign,Business
CUST04543,Shalini Kumar,13-01-2026,Pune,None,45-54,,F,Paid Ads,
CUST04544,Vinay Menon,27-09-2023,Mysuru,Silver,55+,,,Referral,
CUST04545,Aditya Reddy,10-11-2023,Bengaluru ,NA,35-44,,,Organic Search,
CUST04546,Rajesh Iyer,24-03-2024,Darjeeling,GOLD,25-34,,,Referral,
CUST04547,Aditya Malhotra,2026/08/12,Mumbai,Platinum,55+,,,Paid Ads,Solo
CUST04548,Pooja Nair,2023/11/26,Varanasi,None,,,F,App Install,Leisure
CUST04549,Anita Iyer,2026/05/31,Darjeeling,Silver,35-44,,F,Social Media,
CUST04550,Deepak Kumar,28-03-2024,Pune,,45-54,android,M,Paid Ads,Family
CUST04551,Kritika Bhat,2026/06/29,bengaluru,Silver,18-24,iOS,,Email Campaign,Solo
CUST04552,Shalini Menon,07-07-2026,Goa,None,25-34,,F,App Install,
CUST04553,Rajesh Reddy,04-02-2026,Jaipur,,25-34,,M,Email Campaign,Family
CUST04554,Kavita Verma,21-09-2023,Kolkata,None,35-44,,F,Organic Search,
CUST04555,Ananya Reddy,2026/03/13,delhi,Gold,45-54,,,Social Media,Leisure
CUST04556,Neha Sharma,02-04-2024,Benaras,Platinum,25-34,,,Referral,
CUST04557,Ananya Verma,2024/09/01,Rishikesh,None,,Web,,App Install,Business
CUST04558,Aditya Kapoor,2024/03/19,Shimla,None,45-54,,M,Organic Search,
CUST04559,Sneha Reddy,2024/10/31,Kochi,None,55+,IOS,,Organic Search,Honeymoon
CUST04560,Sneha Malhotra,2025/05/16,Jaipur,None,25-34,Android,F,Paid Ads,Business
CUST04561,Rajesh Iyer,02-04-2026,Manali,None,35-44,,,Email Campaign,Leisure
CUST04562,Arjun Reddy,31-07-2025,Rishikesh,None,18-24,,M,Email Campaign,
CUST04563,Anjali Patel,2023/12/31,New Delhi,Gold,35-44,,F,Paid Ads,Business
CUST04564,Rohan Malhotra,2024/05/06,Bengaluru ,Gold,55+,,,Social Media,Business
CUST04565,Divya Singh,2025/12/08,Jaipur,None,,,F,Email Campaign,
CUST04566,Rahul Banerjee,01-09-2026,Rishikesh,None,25-34,,M,Paid Ads,Leisure
CUST04567,Neha Banerjee,03-12-2025,kolkata,silver,55+,,F,Social Media,Leisure
CUST04568,Sanjay Patel,22-06-2025,Udaipur,None,45-54,,M,Organic Search,Solo
CUST04569,Ananya Verma,18-08-2024,Shimla,None,18-24,,F,Paid Ads,
CUST04570,Meera Agarwal,2025/08/10,Amritsar,Silver,,,F,Referral,Leisure
CUST04571,Amit Chopra,23-04-2024,Goa,None,25-34,,,App Install,
CUST04572,Suresh Reddy,04-06-2025,bengaluru,Gold,18-24,Android,M,Paid Ads,Honeymoon
CUST04573,Shalini Rao,11-11-2024,Bengaluru ,Silver,,Android,,Social Media,
CUST04574,Meera Kumar,2025/12/13,Ahmedabad,None,18-24,Android,F,Referral,Family
CUST04575,Pooja Sharma,2024/03/10,Bengaluru ,GOLD,55+,Web,,Paid Ads,Family
CUST04576,Pankaj Banerjee,08-06-2025,Rishikesh,Silver,35-44,,M,Paid Ads,Family
CUST04577,Deepak Patel,26-04-2025,kolkata,Silver,45-54,iOS,M,Referral,Honeymoon
CUST04578,Deepika Verma,2023/10/06,Chennai,None,35-44,,F,Email Campaign,
CUST04579,Priya Nair,2024/05/08,Goa,,35-44,,F,Referral,Solo
CUST04580,Ananya Nair,2024/09/16,Varanasi,Platinum,,,F,App Install,Leisure
CUST04581,Suresh Kapoor,2026/01/22,Chennai,GOLD,35-44,,,Paid Ads,Honeymoon
CUST04582,Vivek Bhat,2026/03/25,Goa,none,,Web,M,Social Media,Leisure
CUST04583,Divya Bhat,30-05-2024,MUMBAI,Silver,,Android,F,Email Campaign,Leisure
CUST04584,Anita Kumar,24-06-2025,Kochi,None,55+,,F,Email Campaign,Leisure
CUST04585,Gaurav Joshi,25-12-2023,Manali,Silver,45-54,android,M,Social Media,Business
CUST04586,Sunita Bhat,18-10-2023,kolkata,Silver,55+,,,Referral,Business
CUST04587,Shreya Malhotra,2024/08/11,Mysuru,Silver,35-44,android,F,Email Campaign,Family
CUST04588,Sunita Das,10-09-2024,Benaras,None,18-24,,F,Paid Ads,
CUST04589,Rohan Iyer,03-07-2026,Pune,None,25-34,Android,,Referral,
CUST04590,Gaurav Banerjee,23-01-2024,Darjeeling,Silver,25-34,,M,Social Media,
CUST04591,Sunita Iyer,2025/12/03,Rishikesh,Platinum,55+,,,Paid Ads,
CUST04592,Rohan Joshi,2023/12/28,Amritsar,Gold,,,M,Email Campaign,Leisure
CUST04593,Neha Iyer,2026/03/17,mumbai,Silver,18-24,Android,F,Referral,Solo
CUST04594,Shreya Mehta,29-07-2025,Agra,Platinum,,,F,Paid Ads,
CUST04595,Ananya Iyer,2023/10/21,Ahmedabad,None,25-34,android,F,Referral,Business
CUST04596,Gaurav Singh,2025/11/02,Kochi,None,25-34,IOS,,Email Campaign,Leisure
CUST04597,Karan Sharma,2025/08/10,Darjeeling,Platinum,,,M,App Install,Business
CUST04598,Kavita Kumar,23-02-2026,Jodhpur,Silver,,,,Social Media,
CUST04599,Vinay Malhotra,2024/09/11,Kochi,Platinum,45-54,android,M,Email Campaign,Honeymoon
CUST04600,Aditya Verma,04-09-2024,Jodhpur,Platinum,25-34,,,Organic Search,
CUST04601,Amit Mehta,25-05-2024,Rishikesh,None,,,M,Social Media,Solo
CUST04602,Pooja Rao,17-02-2026,Amritsar,none,,iOS,F,App Install,Business
CUST04603,Ashish Kumar,2025/02/18,Amritsar,Gold,55+,IOS,M,Social Media,
CUST04604,Neha Sharma,2026/05/23,Chennai,None,18-24,,F,Organic Search,Leisure
CUST04605,Sanjay Mehta,17-09-2025,Ahmedabad,Gold,45-54,iOS,M,Organic Search,Family
CUST04606,Rohan Rao,02-01-2024,Agra,None,,,,Social Media,Leisure
CUST04607,Manoj Verma,08-08-2025,Jaipur,Silver,,,M,Paid Ads,
CUST04608,Deepika Rao,18-07-2025,Pune,,,Android,F,Referral,Business
CUST04609,Arjun Agarwal,2024/07/08,bengaluru,Silver,35-44,,M,App Install,
CUST04610,Rohan Rao,30-07-2025,Mysuru,None,55+,,M,Email Campaign,Solo
CUST04611,Amit Reddy,2025/06/17,Udaipur,None,55+,,M,Organic Search,Leisure
CUST04612,Ashish Mehta,2024/04/22,Chennai,Gold,45-54,android,M,Email Campaign,
CUST04613,Nisha Reddy,2026/03/10,Shimla,Platinum,45-54,,,Referral,Family
CUST04614,Nikhil Agarwal,2024/10/14,Mumbai,Silver,45-54,android,,Referral,Honeymoon
CUST04615,Amit Gupta,2026/03/15,Delhi,silver,25-34,,M,Social Media,Leisure
CUST04616,Anil Rao,17-07-2024,Kochi,Gold,18-24,Android,,Email Campaign,
CUST04617,Neha Kapoor,2025/03/01,Hyderabad,None,35-44,Web,F,Email Campaign,Business
CUST04618,Vinay Verma,08-02-2025,Manali,Silver,25-34,,,App Install,
CUST04619,Gaurav Das,2024/05/02,Lucknow,Platinum,,IOS,M,Social Media,Honeymoon
CUST04620,Vivek Patel,20-07-2026,Goa,Gold,55+,,M,Organic Search,
CUST04621,Anjali Menon,12-03-2026,Delhi,None,35-44,,,Referral,
CUST04622,Deepak Nair,2025/01/19,Amritsar,Gold,18-24,,M,Referral,Family
CUST04623,Kavita Mehta,2024/02/12,Pune,Silver,18-24,,F,Referral,Business
CUST04624,Sanjay Mehta,2025/02/13,Jaipur,Gold,,iOS,,Referral,
CUST04625,Neha Gupta,2026/03/18,Darjeeling,None,45-54,iOS,F,Organic Search,
CUST04626,Deepak Kumar,2023/12/29,Shimla,Gold,35-44,,M,Organic Search,Family
CUST04627,Anita Kumar,2026/02/20,Rishikesh,Silver,,,F,Social Media,Family
CUST04628,Sanjay Chopra,2024/11/03,Goa,silver,25-34,,M,Referral,Solo
CUST04629,Kavita Nair,2026/06/06,Lucknow,None,45-54,android,F,Paid Ads,
CUST04630,Anita Chopra,19-06-2024,Agra,Platinum,35-44,,,Email Campaign,
CUST04631,Swati Iyer,2024/12/27,Mysuru,GOLD,55+,,,Organic Search,Family
CUST04632,Anil Verma,2025/06/15,Manali,NA,35-44,,M,Email Campaign,Business
CUST04633,Shreya Joshi,2025/01/26,Udaipur,NA,,IOS,,Organic Search,Business
CUST04634,Pooja Rao,2023/12/17,Amritsar,Silver,25-34,android,F,Referral,
CUST04635,Kritika Joshi,2026/03/18,Lucknow,Silver,55+,IOS,F,Referral,Family
CUST04636,Vivek Bhat,2026/08/29,Rishikesh,None,55+,,M,Referral,Business
CUST04637,Gaurav Banerjee,2025/08/20,Bengaluru ,Silver,25-34,Web,M,Social Media,
CUST04638,Kavita Gupta,2025/01/07,Amritsar,None,18-24,,F,App Install,
CUST04639,Vinay Rao,16-12-2025,Hyderabad,Platinum,45-54,,,App Install,
CUST04640,Deepak Chopra,2024/12/01,Udaipur,Silver,35-44,android,M,Email Campaign,Solo
CUST04641,Nikhil Menon,09-10-2023,Amritsar,None,35-44,IOS,,Organic Search,Solo
CUST04642,Preeti Das,20-09-2023,kolkata,Silver,45-54,iOS,,App Install,Leisure
CUST04643,Vivek Joshi,2024/08/24,mumbai,None,35-44,Web,,Email Campaign,Business
CUST04644,Nisha Das,16-09-2026,Kochi,Silver,,,F,Social Media,Business
CUST04645,Arjun Verma,2026/06/09,Jodhpur,None,55+,android,,Social Media,
CUST04646,Nisha Joshi,08-03-2025,Jodhpur,Platinum,,,F,Organic Search,
CUST04647,Manoj Kapoor,19-08-2026,Hyderabad,Silver,55+,,M,Organic Search,Honeymoon
CUST04648,Karan Bhat,2026/02/21,Kolkata,None,35-44,IOS,M,Organic Search,Solo
CUST04649,Swati Gupta,24-05-2024,Agra,Platinum,55+,,F,Referral,
CUST04650,Divya Das,2024/03/14,Jodhpur,,18-24,,F,Organic Search,Leisure
CUST04651,Vivek Sharma,15-06-2024,Goa,Silver,25-34,,M,Paid Ads,Leisure
CUST04652,Manoj Kumar,06-11-2024,Agra,none,35-44,Android,,Referral,
CUST04653,Swati Banerjee,2026/04/23,Benaras,Silver,18-24,,F,Email Campaign,
CUST04654,Swati Singh,2026/08/31,MUMBAI,Silver,,iOS,F,Paid Ads,
CUST04655,Sneha Kumar,2024/05/22,Manali,Gold,18-24,,F,Email Campaign,
CUST04656,Priya Verma,2024/07/03,Hyderabad,none,55+,,,Email Campaign,Family
CUST04657,Ananya Malhotra,13-03-2025,Manali,silver,,,F,Referral,
CUST04658,Arjun Reddy,30-10-2024,Ahmedabad,Silver,25-34,android,M,Paid Ads,Solo
CUST04659,Sneha Nair,23-11-2024,Jaipur,Silver,25-34,,F,Social Media,Leisure
CUST04660,Anil Banerjee,29-06-2026,Pune,None,25-34,,,Email Campaign,Honeymoon
CUST04661,Arjun Sharma,2024/07/23,Pune,Silver,18-24,Web,M,Referral,
CUST04662,Pankaj Chopra,2026/07/11,Mysuru,Platinum,55+,android,M,App Install,Family
CUST04663,Arjun Verma,26-08-2026,MUMBAI,None,18-24,android,M,App Install,
CUST04664,Nikhil Bhat,19-04-2024,Agra,None,18-24,,M,Organic Search,Business
CUST04665,Aditya Singh,2026/03/01,mumbai,Platinum,18-24,,,Paid Ads,Family
CUST04666,Anjali Verma,2026/05/01,Agra,Gold,55+,IOS,,Email Campaign,Honeymoon
CUST04667,Vivek Iyer,2025/08/17,Darjeeling,None,35-44,,,Email Campaign,Solo
CUST04668,Anil Sharma,2025/01/20,Pune,silver,18-24,,M,Paid Ads,Business
CUST04669,Ravi Joshi,2026/01/31,Bengaluru,silver,55+,Android,M,Email Campaign,
CUST04670,Sneha Iyer,11-02-2025,Lucknow,none,25-34,android,F,Referral,Leisure
CUST04671,Gaurav Chopra,25-03-2024,Bengaluru,Silver,45-54,Android,M,Email Campaign,
CUST04672,Pankaj Malhotra,2025/03/05,Kolkata,Platinum,55+,Web,M,Paid Ads,Family
CUST04673,Anita Malhotra,24-05-2024,Amritsar,Silver,,,F,Organic Search,
CUST04674,Ravi Joshi,08-05-2026,Pune,GOLD,25-34,,M,Organic Search,Honeymoon
CUST04675,Aditya Iyer,07-06-2026,Chennai,None,45-54,,,Social Media,
CUST04676,Isha Mehta,03-08-2025,Ahmedabad,GOLD,55+,,F,Organic Search,
CUST04677,Nisha Das,04-12-2023,kolkata,None,35-44,,F,Email Campaign,Leisure
CUST04678,Arjun Patel,2025/12/16,Jodhpur,Silver,55+,,M,App Install,
CUST04679,Anita Verma,2024/05/18,Agra,Platinum,,,,Referral,Leisure
CUST04680,Ravi Bhat,2025/10/09,Agra,Gold,55+,,M,Organic Search,
CUST04681,Rohan Reddy,2026/07/16,Chennai,None,55+,Android,M,Email Campaign,
CUST04682,Aditya Menon,2026/07/28,bengaluru,Platinum,18-24,,M,Paid Ads,Solo
CUST04683,Manoj Mehta,2025/08/07,Agra,,45-54,,M,Paid Ads,Family
CUST04684,Shalini Verma,2025/09/27,Pune,Silver,55+,,F,Referral,Family
CUST04685,Sanjay Banerjee,23-08-2026,Delhi,platinum,18-24,Android,M,Organic Search,Leisure
CUST04686,Rajesh Gupta,2026/08/30,Goa,Silver,45-54,,M,Paid Ads,
CUST04687,Pankaj Kumar,2026/05/04,Bangalore,GOLD,25-34,Android,M,Email Campaign,
CUST04688,Manoj Iyer,10-08-2024,Agra,,35-44,,M,Social Media,
CUST04689,Vikram Iyer,2025/04/29,Hyderabad,none,45-54,Web,M,Organic Search,Solo
CUST04690,Sneha Menon,2025/08/25,Manali,Silver,35-44,android,F,Social Media,
CUST04691,Arjun Kapoor,2025/11/25,Agra,NA,25-34,,M,Paid Ads,Family
CUST04692,Divya Kumar,01-11-2025,Jaipur,None,35-44,,F,Organic Search,
CUST04693,Nikhil Rao,11-05-2026,Jaipur,None,35-44,,,App Install,Business
CUST04694,Shreya Chopra,2025/12/17,Udaipur,None,,,F,Email Campaign,Solo
CUST04695,Ravi Bhat,2025/02/24,Lucknow,Silver,18-24,,M,Social Media,
CUST04696,Gaurav Singh,2026/09/05,varanasi,None,55+,,M,Organic Search,Solo
CUST04697,Anita Kumar,2026/02/08,Mysuru,None,35-44,iOS,F,Social Media,
CUST04698,Gaurav Bhat,2025/07/12,Rishikesh,Silver,,Web,M,Email Campaign,
CUST04699,Sunita Kapoor,2025/06/14,Shimla,NA,,IOS,F,Social Media,Honeymoon
CUST04700,Divya Menon,2023/12/18,Shimla,None,,,F,Paid Ads,Business
CUST04701,Rohan Malhotra,05-03-2024,Manali,None,35-44,,,Referral,Business
CUST04702,Aditya Singh,2024/01/20,Varanasi,None,,android,M,App Install,Solo
CUST04703,Ananya Banerjee,14-12-2025,Pune,Gold,18-24,,F,Email Campaign,Solo
CUST04704,Isha Chopra,2026/01/18,Lucknow,None,,Web,F,Social Media,
CUST04705,Sunita Mehta,02-10-2025,Mysuru,None,25-34,android,F,Email Campaign,
CUST04706,Anil Mehta,2025/11/27,Chennai,Silver,,Web,,Email Campaign,
CUST04707,Rahul Banerjee,2024/07/07,Calcutta,None,,IOS,,Referral,Leisure
CUST04708,Vivek Menon,2024/12/13,Hyderabad,Silver,55+,Web,M,App Install,Leisure
CUST04709,Divya Iyer,02-11-2024,Chennai,Platinum,25-34,,F,Referral,
CUST04710,Swati Malhotra,2026/06/17,Pune,None,,,F,Referral,Solo
CUST04711,Ananya Das,02-01-2025,Shimla,None,35-44,,F,Referral,Leisure
CUST04712,Rohan Banerjee,23-11-2024,Amritsar,Platinum,,iOS,,App Install,
CUST04713,Arjun Nair,17-07-2026,Udaipur,None,25-34,,M,Organic Search,Leisure
CUST04714,Suresh Mehta,2024/07/21,Calcutta,None,,Web,M,Email Campaign,Family
CUST04715,Nisha Kumar,2024/11/09,Rishikesh,Silver,18-24,,F,Paid Ads,
CUST04716,Arjun Sharma,10-11-2024,Shimla,Gold,35-44,,,Referral,Honeymoon
CUST04717,Arjun Iyer,04-04-2026,Manali,None,,IOS,M,Social Media,Business
CUST04718,Sneha Gupta,2026/09/08,delhi,None,35-44,,F,Organic Search,
CUST04719,Swati Agarwal,08-10-2023,Manali,Gold,45-54,,,Email Campaign,Honeymoon
CUST04720,Vinay Kapoor,15-08-2024,Jaipur,None,25-34,,M,Organic Search,Honeymoon
CUST04721,Gaurav Chopra,2026/04/24,Ahmedabad,None,55+,,,Social Media,
CUST04722,Sneha Verma,24-12-2025,varanasi,None,18-24,,F,Paid Ads,Business
CUST04723,Rajesh Rao,2025/10/26,New Delhi ,Platinum,45-54,,M,App Install,Leisure
CUST04724,Ravi Banerjee,08-12-2023,Amritsar,,35-44,,M,App Install,Solo
CUST04725,Kavita Rao,22-03-2025,Mysuru,None,,Android,F,Referral,
CUST04726,Nisha Chopra,2026/06/04,Goa,None,35-44,Android,F,App Install,Solo
CUST04727,Kavita Reddy,2025/03/17,Darjeeling,Silver,18-24,android,,Social Media,Business
CUST04728,Rajesh Das,2026/01/22,Mysuru,none,55+,,M,Paid Ads,
CUST04729,Pooja Banerjee,24-10-2025,Udaipur,Silver,18-24,Android,F,Paid Ads,
CUST04730,Ashish Banerjee,03-09-2024,Rishikesh,Platinum,35-44,iOS,M,Paid Ads,Family
CUST04731,Aditya Bhat,2024/06/19,kolkata,None,,,,Social Media,Leisure
CUST04732,Arjun Bhat,23-04-2024,Mysuru,Silver,,Web,,Organic Search,Solo
CUST04733,Ananya Mehta,26-04-2024,Amritsar,None,55+,IOS,F,Social Media,Solo
CUST04734,Amit Malhotra,2024/11/12,MUMBAI,Silver,35-44,,,App Install,
CUST04735,Ananya Rao,18-06-2024,Chennai,Silver,35-44,Web,F,Organic Search,
CUST04736,Anil Agarwal,11-12-2023,Bengaluru,None,55+,Android,M,Social Media,Business
CUST04737,Pankaj Rao,2025/09/04,Darjeeling,Silver,35-44,,M,Organic Search,Solo
CUST04738,Kritika Singh,15-07-2025,MUMBAI,None,,Android,F,Social Media,
CUST04739,Karan Bhat,16-11-2024,Bengaluru ,None,,IOS,,App Install,Business
CUST04740,Ravi Menon,21-11-2023,Jodhpur,NA,45-54,,M,Referral,Solo
CUST04741,Rahul Menon,2024/08/30,Bangalore,None,,Web,,Referral,Business
CUST04742,Sneha Iyer,2024/06/22,Agra,None,45-54,,F,Organic Search,
CUST04743,Rohan Sharma,2025/11/28,Shimla,Gold,45-54,,,Organic Search,
CUST04744,Vikram Gupta,2026/08/02,New Delhi ,Platinum,,,M,Paid Ads,Family
CUST04745,Arjun Singh,05-06-2026,Pune,Silver,,iOS,M,Organic Search,Leisure
CUST04746,Aditya Menon,02-05-2025,New Delhi ,None,18-24,iOS,M,App Install,
CUST04747,Anita Das,2025/09/07,Calcutta,Silver,45-54,iOS,F,Social Media,Honeymoon
CUST04748,Shalini Reddy,09-04-2026,Jaipur,Silver,35-44,,F,Social Media,
CUST04749,Rahul Gupta,12-03-2026,Manali,None,55+,Android,M,Referral,
CUST04750,Ananya Reddy,2024/10/27,Jaipur,Platinum,25-34,,,App Install,Solo
CUST04751,Anil Verma,08-03-2025,Rishikesh,Gold,25-34,iOS,M,Email Campaign,Honeymoon
CUST04752,Ashish Menon,2025/08/12,Jodhpur,Gold,55+,,M,Paid Ads,Family
CUST04753,Pankaj Sharma,2025/09/05,Manali,None,35-44,IOS,,Paid Ads,Honeymoon
CUST04754,Manoj Verma,02-05-2026,Ahmedabad,Silver,,,M,App Install,
CUST04755,Neha Banerjee,2025/08/27,Mysuru,None,35-44,,F,Organic Search,Leisure
CUST04756,Anil Bhat,27-08-2026,Bengaluru ,Silver,35-44,Android,M,Referral,Honeymoon
CUST04757,Anil Gupta,15-10-2024,Pune,None,35-44,iOS,,Paid Ads,Family
CUST04758,Karan Mehta,2025/06/23,Kochi,none,45-54,Android,,Referral,
CUST04759,Kritika Chopra,15-07-2024,Darjeeling,Silver,55+,,F,App Install,
CUST04760,Swati Kumar,30-11-2024,Hyderabad,None,18-24,,F,Paid Ads,Family
CUST04761,Vivek Chopra,2024/09/25,Udaipur,None,25-34,,M,Paid Ads,
CUST04762,Rajesh Bhat,2024/12/07,Agra,None,,IOS,,App Install,Leisure
CUST04763,Meera Sharma,2023/12/01,Benaras,Gold,25-34,iOS,F,Social Media,Solo
CUST04764,Anil Malhotra,2024/04/03,Kochi,None,55+,IOS,M,Referral,Leisure
CUST04765,Deepak Menon,2023/12/28,delhi,Gold,35-44,IOS,M,Organic Search,
CUST04766,Nikhil Das,2024/04/17,Pune,Silver,,,M,App Install,Honeymoon
CUST04767,Karan Menon,2026/03/24,Ahmedabad,Platinum,35-44,,M,Paid Ads,
CUST04768,Sanjay Reddy,29-08-2025,Jodhpur,Silver,,iOS,M,Social Media,Leisure
CUST04769,Kritika Malhotra,2024/01/31,Kochi,Gold,45-54,,F,App Install,
CUST04770,Suresh Sharma,2024/04/25,Pune,Silver,35-44,,M,Email Campaign,Leisure
CUST04771,Manoj Joshi,2026/08/04,kolkata,Silver,35-44,,M,Email Campaign,Solo
CUST04772,Rohan Chopra,03-03-2026,Mysuru,NA,35-44,,M,App Install,
CUST04773,Anita Chopra,2025/10/16,Ahmedabad,GOLD,,,F,Social Media,Family
CUST04774,Preeti Verma,2023/12/09,Mumbai,Silver,35-44,iOS,F,Organic Search,Business
CUST04775,Meera Patel,2024/03/15,Bombay,None,,IOS,F,Paid Ads,Business
CUST04776,Ravi Kumar,2026/07/07,Darjeeling,Silver,25-34,android,M,Email Campaign,Solo
CUST04777,Pooja Chopra,2024/11/29,Delhi,Silver,55+,,F,Email Campaign,Solo
CUST04778,Preeti Sharma,2024/07/19,Ahmedabad,Silver,25-34,iOS,F,Social Media,Business
CUST04779,Pankaj Kumar,30-07-2024,Jaipur,Platinum,,,M,Referral,Leisure
CUST04780,Nikhil Mehta,2024/07/25,MUMBAI,Platinum,25-34,iOS,M,Social Media,Family
CUST04781,Vinay Gupta,2023/12/14,Jaipur,Silver,18-24,Web,M,Paid Ads,
CUST04782,Ravi Das,2026/09/04,Agra,None,,,,Email Campaign,
CUST04783,Anil Kumar,15-06-2024,Shimla,None,35-44,Android,M,Referral,
CUST04784,Gaurav Menon,12-09-2024,Chennai,silver,35-44,Web,,Organic Search,Leisure
CUST04785,Ritu Iyer,2024/01/16,Darjeeling,Silver,45-54,,F,Referral,Solo
CUST04786,Deepak Banerjee,27-08-2025,Lucknow,Silver,55+,,M,Social Media,Business
CUST04787,Rahul Das,2024/09/29,Amritsar,Platinum,18-24,,M,Organic Search,Business
CUST04788,Priya Verma,2024/09/10,Ahmedabad,None,18-24,,,App Install,Business
CUST04789,Ananya Patel,09-07-2024,Goa,None,25-34,,F,Referral,Business
CUST04790,Isha Agarwal,21-07-2025,Jaipur,Gold,35-44,,F,Referral,Honeymoon
CUST04791,Meera Joshi,2026/07/29,Kolkata,None,45-54,,F,Paid Ads,
CUST04792,Ritu Mehta,30-06-2026,Rishikesh,None,25-34,android,F,Email Campaign,Leisure
CUST04793,Divya Agarwal,2024/12/25,Bombay,None,,,F,App Install,Family
CUST04794,Ashish Kumar,24-04-2024,mumbai,Silver,35-44,,M,Paid Ads,Family
CUST04795,Preeti Singh,09-11-2025,Hyderabad,Silver,18-24,android,F,Referral,
CUST04796,Priya Singh,2024/06/14,Bangalore,None,18-24,Web,F,Paid Ads,
CUST04797,Ashish Patel,2023/11/23,Varanasi,,35-44,,,App Install,Business
CUST04798,Rahul Chopra,01-07-2024,Hyderabad,None,35-44,,M,Email Campaign,Family
CUST04799,Gaurav Malhotra,14-07-2026,Mysuru,none,45-54,Web,M,Referral,Honeymoon
CUST04800,Ritu Bhat,31-10-2023,Jodhpur,Silver,18-24,,F,Organic Search,
CUST04801,Anil Das,31-12-2024,Rishikesh,Silver,,,M,Paid Ads,
CUST04802,Ravi Rao,2024/12/10,Agra,Silver,35-44,,M,Email Campaign,Business
CUST04803,Ritu Verma,14-11-2025,Shimla,none,18-24,,,Email Campaign,
CUST04804,Preeti Das,2024/03/14,Mysuru,Silver,18-24,,F,Referral,
CUST04805,Nisha Bhat,18-06-2025,Bangalore,None,,iOS,F,App Install,Honeymoon
CUST04806,Ravi Reddy,17-01-2026,kolkata,silver,45-54,,,Referral,
CUST04807,Anita Das,2024/12/17,mumbai,None,18-24,iOS,F,Referral,Business
CUST04808,Kavita Menon,2025/10/12,Agra,silver,55+,,F,Email Campaign,Family
CUST04809,Vikram Verma,09-07-2024,Mumbai,NA,18-24,android,M,Referral,Honeymoon
CUST04810,Vikram Bhat,2023/12/29,Lucknow,Platinum,35-44,,M,Referral,
CUST04811,Vinay Joshi,2026/08/10,Calcutta,Platinum,55+,android,,Email Campaign,
CUST04812,Sanjay Rao,2025/09/05,Lucknow,Gold,35-44,Web,M,App Install,
CUST04813,Amit Bhat,09-04-2024,Bengaluru,None,55+,,M,Social Media,Honeymoon
CUST04814,Shreya Rao,2026/06/30,Lucknow,Platinum,35-44,,F,Paid Ads,
CUST04815,Nisha Menon,2025/09/11,Chennai,None,35-44,,F,Social Media,Leisure
CUST04816,Manoj Das,2025/01/31,Manali,Silver,18-24,,,Organic Search,Honeymoon
CUST04817,Preeti Chopra,17-03-2026,Rishikesh,Platinum,18-24,,,App Install,
CUST04818,Ananya Rao,16-04-2026,Agra,Gold,55+,,F,App Install,Leisure
CUST04819,Priya Nair,2025/01/31,Kochi,None,35-44,,,Paid Ads,Leisure
CUST04820,Arjun Iyer,01-01-2024,Goa,Silver,25-34,,M,Referral,
CUST04821,Vinay Verma,2024/09/19,Udaipur,silver,18-24,Android,M,Email Campaign,
CUST04822,Shalini Patel,20-05-2026,kolkata,Gold,35-44,IOS,F,Referral,Honeymoon
CUST04823,Gaurav Bhat,31-08-2026,Shimla,Platinum,18-24,iOS,M,Email Campaign,Business
CUST04824,Nikhil Reddy,2023/12/17,varanasi,Gold,55+,,M,Referral,
CUST04825,Pooja Menon,25-05-2025,Calcutta,Silver,25-34,,F,Social Media,Leisure
CUST04826,Deepika Singh,2024/01/05,Shimla,None,,,F,App Install,Leisure
CUST04827,Priya Nair,09-03-2024,Darjeeling,,,,F,Social Media,Solo
CUST04828,Pooja Menon,04-01-2026,Manali,None,25-34,android,F,Organic Search,
CUST04829,Kritika Reddy,2025/02/28,Manali,None,25-34,,,App Install,Business
CUST04830,Neha Menon,2025/12/29,Chennai,None,45-54,android,,Organic Search,Honeymoon
CUST04831,Anjali Menon,2024/05/02,Jaipur,Gold,25-34,Android,F,Organic Search,Leisure
CUST04832,Neha Sharma,2025/01/04,Manali,None,18-24,,,App Install,
CUST04833,Anjali Kumar,2025/07/16,Jodhpur,Platinum,45-54,iOS,F,Social Media,Family
CUST04834,Pooja Sharma,11-08-2024,Amritsar,Silver,25-34,,,App Install,Business
CUST04835,Manoj Mehta,2026/08/05,Agra,None,55+,,,App Install,Business
CUST04836,Neha Joshi,19-01-2024,Agra,None,45-54,Android,,Email Campaign,Leisure
CUST04837,Ashish Gupta,09-06-2026,Shimla,Gold,35-44,iOS,M,Social Media,Family
CUST04838,Anjali Iyer,2024/03/21,Mysuru,None,35-44,,F,Paid Ads,Business
CUST04839,Preeti Verma,2026/03/27,Kochi,None,18-24,iOS,,Organic Search,Leisure
CUST04840,Kritika Agarwal,05-02-2026,Shimla,Silver,18-24,Android,F,App Install,
CUST04841,Isha Menon,14-09-2026,Chennai,silver,18-24,,F,Email Campaign,Honeymoon
CUST04842,Amit Agarwal,2026/08/17,Goa,Platinum,25-34,Android,M,App Install,
CUST04843,Anil Banerjee,04-07-2025,Rishikesh,None,55+,IOS,M,Email Campaign,Family
CUST04844,Anil Agarwal,2024/10/06,Lucknow,platinum,25-34,Android,,App Install,Business
CUST04845,Rahul Menon,22-01-2026,Amritsar,Silver,18-24,Web,,Referral,Honeymoon
CUST04846,Rahul Sharma,2026/01/01,Benaras,Platinum,25-34,,M,Referral,
CUST04847,Isha Banerjee,24-02-2024,Delhi,Silver,,android,F,App Install,Honeymoon
CUST04848,Sanjay Gupta,19-05-2024,Bombay,Gold,18-24,,M,Referral,
CUST04849,Anil Joshi,19-05-2024,New Delhi ,NA,18-24,,,App Install,
CUST04850,Vivek Nair,2024/07/28,Udaipur,None,55+,Web,M,Email Campaign,
CUST04851,Aditya Kumar,23-03-2026,mumbai,None,18-24,,,Social Media,Solo
CUST04852,Deepak Verma,2024/02/07,Jodhpur,None,35-44,Android,M,App Install,Family
CUST04853,Kritika Agarwal,2026/03/20,Hyderabad,None,,android,F,Email Campaign,
CUST04854,Sanjay Das,2025/05/08,Goa,Silver,45-54,,,App Install,Business
CUST04855,Pankaj Bhat,04-10-2024,Darjeeling,None,45-54,,,Paid Ads,
CUST04856,Vivek Bhat,16-04-2026,Amritsar,,45-54,iOS,M,Organic Search,Honeymoon
CUST04857,Ashish Agarwal,2026/01/25,Jaipur,Platinum,,,M,Referral,Leisure
CUST04858,Neha Iyer,2024/02/04,Calcutta,Gold,,Web,F,Organic Search,
CUST04859,Neha Gupta,2023/11/23,Chennai,Gold,,,F,Paid Ads,Leisure
CUST04860,Suresh Gupta,2025/06/27,Pune,none,55+,,M,Referral,
CUST04861,Kritika Bhat,2025/01/03,Udaipur,Silver,,,F,Organic Search,Family
CUST04862,Amit Verma,03-02-2025,Agra,Silver,45-54,,M,Organic Search,
CUST04863,Shalini Das,07-01-2025,Calcutta,Platinum,,,F,Social Media,Business
CUST04864,Sunita Banerjee,31-03-2024,Agra,Silver,35-44,,,Paid Ads,
CUST04865,Swati Iyer,2025/03/19,Lucknow,Silver,45-54,,F,Organic Search,
CUST04866,Vinay Agarwal,2026/06/05,Jaipur,Silver,35-44,,,Social Media,
CUST04867,Nikhil Singh,2026/04/30,Amritsar,None,18-24,,M,Email Campaign,Family
CUST04868,Manoj Singh,2026/02/28,Darjeeling,Gold,55+,,,Referral,
CUST04869,Shreya Iyer,2025/10/11,Jaipur,None,,,,Social Media,Honeymoon
CUST04870,Nisha Sharma,12-08-2024,DELHI,silver,35-44,,F,Paid Ads,Solo
CUST04871,Vikram Verma,2024/01/27,Rishikesh,Platinum,35-44,,M,App Install,
CUST04872,Ravi Mehta,08-12-2023,Calcutta,None,35-44,,M,App Install,
CUST04873,Ravi Verma,20-04-2025,Benaras,Silver,45-54,,M,App Install,Honeymoon
CUST04874,Sneha Kapoor,2026/07/17,Mysuru,None,55+,iOS,F,Social Media,Family
CUST04875,Anil Bhat,2026/03/13,Goa,Gold,18-24,,,Paid Ads,Business
CUST04876,Ritu Malhotra,06-10-2023,Shimla,none,18-24,,F,Email Campaign,Solo
CUST04877,Shreya Chopra,24-07-2026,Udaipur,Platinum,35-44,,F,Social Media,
CUST04878,Vivek Gupta,2025/02/18,Pune,none,25-34,,M,Referral,Leisure
CUST04879,Neha Das,2026/09/04,Chennai,None,35-44,,F,Organic Search,
CUST04880,Vikram Bhat,2026/02/20,Pune,,,,,Organic Search,
CUST04881,Anil Iyer,20-08-2024,Shimla,None,25-34,android,M,Social Media,Leisure
CUST04882,Rajesh Banerjee,16-03-2026,Darjeeling,none,25-34,,M,Organic Search,Leisure
CUST04883,Shreya Bhat,18-06-2025,Goa,None,45-54,Web,F,Email Campaign,Family
CUST04884,Kavita Menon,2025/02/16,Darjeeling,None,25-34,,F,Organic Search,Family
CUST04885,Nisha Rao,2026/01/12,Rishikesh,None,18-24,,F,Referral,
CUST04886,Vikram Gupta,15-10-2025,Bombay,None,,,M,App Install,Honeymoon
CUST04887,Vikram Iyer,2025/02/23,Rishikesh,None,,android,M,Paid Ads,Solo
CUST04888,Nikhil Das,2026/05/28,Kochi,None,35-44,,M,Paid Ads,Family
CUST04889,Ravi Banerjee,2024/10/02,Hyderabad,Silver,25-34,Web,M,Organic Search,Solo
CUST04890,Gaurav Joshi,22-01-2026,Goa,Silver,35-44,,M,App Install,Leisure
CUST04891,Rahul Joshi,29-11-2024,Darjeeling,Silver,35-44,,M,Paid Ads,
CUST04892,Gaurav Kapoor,25-11-2025,Udaipur,Silver,,,M,Social Media,Honeymoon
CUST04893,Meera Patel,02-04-2024,Varanasi,silver,,,F,App Install,Solo
CUST04894,Amit Menon,2024/10/22,Manali,None,,,M,Email Campaign,Family
CUST04895,Vikram Sharma,30-05-2026,Shimla,None,35-44,Android,M,Paid Ads,
CUST04896,Vinay Chopra,21-01-2024,varanasi,GOLD,35-44,,M,Email Campaign,Family
CUST04897,Kavita Patel,2023/12/05,mumbai,None,55+,,F,Email Campaign,
CUST04898,Shalini Das,25-04-2026,Kochi,None,35-44,,F,Organic Search,Business
CUST04899,Kavita Bhat,18-07-2025,Lucknow,none,35-44,iOS,F,Organic Search,
CUST04900,Aditya Das,20-10-2025,Lucknow,None,35-44,,,App Install,Family
CUST04901,Nisha Menon,20-08-2024,Darjeeling,Silver,,iOS,F,Paid Ads,Business
CUST04902,Deepak Mehta,21-03-2025,Mumbai,,55+,,M,Paid Ads,Leisure
CUST04903,Aditya Das,07-06-2025,Lucknow,Gold,,,M,Referral,Honeymoon
CUST04904,Pooja Mehta,17-04-2026,Delhi,None,55+,,,Organic Search,
CUST04905,Kritika Iyer,08-01-2025,Ahmedabad,Gold,,iOS,F,App Install,
CUST04906,Sunita Malhotra,2023/10/24,Lucknow,Gold,18-24,android,F,Social Media,Family
CUST04907,Manoj Chopra,04-10-2023,Lucknow,Silver,45-54,,,App Install,Solo
CUST04908,Pooja Reddy,10-02-2024,Agra,Platinum,55+,,F,Organic Search,Honeymoon
CUST04909,Amit Rao,25-08-2025,Agra,silver,35-44,,M,Email Campaign,Family
CUST04910,Priya Das,10-10-2025,Udaipur,Silver,25-34,Android,F,Paid Ads,
CUST04911,Vikram Malhotra,28-05-2026,Hyderabad,Silver,,iOS,,Paid Ads,Solo
CUST04912,Deepak Menon,09-10-2024,Manali,silver,25-34,,,Referral,Business
CUST04913,Divya Iyer,2023/11/05,Lucknow,None,45-54,,F,Email Campaign,Leisure
CUST04914,Anjali Kapoor,2026/04/07,Goa,Silver,,,F,App Install,Business
CUST04915,Sneha Nair,2025/05/16,Goa,Silver,25-34,,,Email Campaign,Business
CUST04916,Gaurav Rao,2026/06/29,Bangalore,Silver,18-24,,M,Social Media,Honeymoon
CUST04917,Anil Menon,08-11-2023,Udaipur,silver,45-54,Web,M,Social Media,Leisure
CUST04918,Vinay Iyer,09-03-2025,varanasi,silver,45-54,,M,Organic Search,
CUST04919,Ananya Gupta,2025/12/12,Pune,silver,18-24,,F,Paid Ads,Leisure
CUST04920,Vinay Gupta,06-12-2024,Udaipur,none,25-34,Web,M,Organic Search,Business
CUST04921,Meera Nair,2026/08/30,Darjeeling,None,18-24,Android,F,Referral,Business
CUST04922,Rohan Chopra,2024/01/06,Darjeeling,Silver,25-34,,M,Social Media,Business
CUST04923,Priya Kapoor,21-06-2025,Ahmedabad,None,45-54,,F,Paid Ads,Solo
CUST04924,Isha Joshi,2026/01/11,varanasi,silver,,,F,App Install,Honeymoon
CUST04925,Vinay Chopra,2024/04/05,Ahmedabad,None,25-34,,,Referral,
CUST04926,Rajesh Kapoor,2025/12/24,Jaipur,Platinum,18-24,Android,M,Organic Search,Leisure
CUST04927,Aditya Reddy,2026/06/30,Rishikesh,Silver,35-44,,M,Email Campaign,Solo
CUST04928,Sanjay Das,2025/08/15,Mumbai,Silver,55+,,M,Organic Search,Leisure
CUST04929,Pankaj Kapoor,21-05-2025,Goa,Silver,35-44,Web,M,Social Media,Business
CUST04930,Swati Singh,20-01-2025,Goa,Gold,,Web,F,Paid Ads,Leisure
CUST04931,Manoj Das,2024/03/25,Benaras,Silver,,android,M,Referral,Business
CUST04932,Manoj Gupta,2026/07/21,varanasi,None,55+,,,App Install,Leisure
CUST04933,Karan Menon,2024/03/06,Amritsar,Gold,35-44,,M,Email Campaign,Family
CUST04934,Sanjay Singh,2025/09/21,Kolkata,Gold,,iOS,M,Organic Search,Business
CUST04935,Sneha Verma,25-04-2024,Udaipur,Gold,45-54,,,Organic Search,
CUST04936,Manoj Bhat,08-09-2024,MUMBAI,None,45-54,,M,App Install,Honeymoon
CUST04937,Nisha Gupta,08-05-2026,Kochi,None,18-24,android,F,Referral,
CUST04938,Rohan Verma,25-09-2025,Rishikesh,Silver,18-24,Web,M,Referral,Solo
CUST04939,Kavita Patel,2024/05/17,kolkata,,,IOS,F,Organic Search,Honeymoon
CUST04940,Deepika Patel,2025/05/28,Kochi,Silver,25-34,,F,Social Media,Honeymoon
CUST04941,Rajesh Agarwal,2024/11/08,Mysuru,silver,18-24,,M,Email Campaign,
CUST04942,Sneha Chopra,24-12-2025,Goa,Platinum,35-44,,F,Social Media,Leisure
CUST04943,Kavita Singh,12-01-2026,Kolkata,Silver,18-24,Web,F,App Install,
CUST04944,Pooja Malhotra,13-03-2024,Amritsar,Silver,25-34,,F,Organic Search,Family
CUST04945,Vivek Singh,2024/01/08,Manali,None,,iOS,M,Referral,Solo
CUST04946,Nikhil Patel,12-10-2024,Hyderabad,Silver,35-44,,M,Referral,Solo
CUST04947,Rohan Malhotra,01-08-2026,mumbai,None,35-44,,,Referral,Family
CUST04948,Vinay Malhotra,11-11-2024,Calcutta,Gold,,Web,,Email Campaign,Leisure
CUST04949,Preeti Chopra,2024/06/09,Shimla,Silver,,IOS,,Email Campaign,Leisure
CUST04950,Arjun Malhotra,2025/12/05,Calcutta,Gold,,iOS,,Social Media,Solo
CUST04951,Sunita Kapoor,2024/07/05,Agra,None,18-24,,F,Organic Search,Solo
CUST04952,Divya Agarwal,2025/07/28,Bengaluru,None,25-34,,F,Paid Ads,Honeymoon
CUST04953,Pooja Banerjee,2026/05/30,Pune,Silver,45-54,,F,App Install,Solo
CUST04954,Ravi Rao,11-06-2026,Ahmedabad,None,,iOS,,Social Media,Family
CUST04955,Priya Agarwal,24-10-2024,varanasi,Silver,25-34,,F,Referral,Family
CUST04956,Sanjay Mehta,29-03-2025,Manali,GOLD,45-54,,M,Organic Search,
CUST04957,Karan Das,25-06-2025,Lucknow,None,,,M,Email Campaign,Leisure
CUST04958,Arjun Joshi,2025/11/13,Kochi,Platinum,18-24,,,Referral,Leisure
CUST04959,Priya Bhat,23-11-2025,Calcutta,Gold,25-34,,F,Paid Ads,
CUST04960,Deepak Reddy,2025/10/05,Udaipur,silver,25-34,iOS,M,Social Media,
CUST04961,Deepak Malhotra,2026/08/02,Jaipur,None,,IOS,M,Email Campaign,
CUST04962,Vivek Agarwal,2026/04/09,Kolkata,Silver,55+,Android,M,Paid Ads,
CUST04963,Pankaj Banerjee,26-10-2023,Goa,Gold,,,M,Email Campaign,Honeymoon
CUST04964,Aditya Mehta,15-05-2026,Jaipur,None,55+,,,Organic Search,
CUST04965,Divya Kapoor,2026/04/17,Goa,Platinum,55+,iOS,F,Referral,
CUST04966,Preeti Gupta,05-03-2026,Ahmedabad,Gold,55+,android,,Referral,
CUST04967,Aditya Banerjee,2025/12/20,Lucknow,Silver,,Android,M,Social Media,Family
CUST04968,Rohan Chopra,15-05-2024,varanasi,Gold,18-24,,M,Social Media,Family
CUST04969,Rohan Das,08-06-2025,Darjeeling,None,35-44,iOS,M,Referral,Honeymoon
CUST04970,Vinay Menon,2024/04/04,Goa,None,,Web,M,Paid Ads,
CUST04971,Rahul Joshi,05-08-2024,Udaipur,Silver,55+,,M,Organic Search,
CUST04972,Shreya Iyer,27-01-2026,Kochi,Silver,55+,IOS,,Organic Search,Solo
CUST04973,Sanjay Rao,13-04-2026,Ahmedabad,None,55+,,M,Social Media,
CUST04974,Arjun Gupta,21-04-2024,Pune,Gold,35-44,iOS,M,Referral,Business
CUST04975,Meera Nair,27-03-2025,Chennai,Silver,45-54,IOS,,Referral,Business
CUST04976,Sanjay Rao,18-01-2026,Agra,GOLD,45-54,iOS,M,Email Campaign,Leisure
CUST04977,Sanjay Chopra,20-08-2026,Mysuru,Platinum,45-54,IOS,M,Paid Ads,Solo
CUST04978,Swati Patel,2024/11/05,Bangalore,None,,IOS,,Organic Search,
CUST04979,Ananya Reddy,2024/10/21,Bangalore,Silver,25-34,Android,F,Organic Search,Honeymoon
CUST04980,Amit Gupta,18-03-2026,Udaipur,None,,,M,Email Campaign,
CUST04981,Priya Singh,14-10-2025,Jodhpur,Silver,45-54,IOS,F,Social Media,Family
CUST04982,Swati Mehta,20-10-2025,Amritsar,Gold,18-24,,F,Paid Ads,Honeymoon
CUST04983,Rajesh Banerjee,2025/08/01,Benaras,None,18-24,,M,Paid Ads,Business
CUST04984,Neha Kumar,2025/12/24,Ahmedabad,Platinum,55+,,F,Paid Ads,Honeymoon
CUST04985,Arjun Sharma,2026/02/18,Shimla,None,25-34,,M,Social Media,Honeymoon
CUST04986,Isha Verma,02-01-2024,Hyderabad,Silver,,,,Paid Ads,
CUST04987,Gaurav Das,15-12-2023,varanasi,None,18-24,,M,Organic Search,Family
CUST04988,Meera Joshi,09-04-2024,Bangalore,None,25-34,android,,Paid Ads,
CUST04989,Arjun Kapoor,2025/06/18,Delhi,Platinum,25-34,,M,Organic Search,Solo
CUST04990,Rajesh Bhat,2025/01/29,Varanasi,silver,,IOS,M,Social Media,Business
CUST04991,Anjali Malhotra,2024/04/11,Jaipur,Platinum,45-54,,F,Organic Search,
CUST04992,Vikram Bhat,2024/08/15,Bengaluru,platinum,,Web,M,Paid Ads,Family
CUST04993,Sneha Sharma,03-01-2024,Mysuru,Silver,,,F,Paid Ads,Honeymoon
CUST04994,Nisha Iyer,2026/04/26,Jodhpur,Silver,25-34,Android,,Email Campaign,Business
CUST04995,Kavita Menon,2025/06/23,Hyderabad,none,,IOS,,App Install,Family
CUST04996,Meera Menon,29-08-2025,Kochi,None,,,,Paid Ads,
CUST04997,Isha Nair,10-09-2026,Rishikesh,Silver,18-24,,F,Organic Search,Honeymoon
CUST04998,Sunita Menon,2023/11/13,Agra,Gold,35-44,,F,App Install,Family
CUST04999,Sanjay Sharma,03-09-2024,Amritsar,None,55+,,M,Social Media,Solo
CUST05000,Rajesh Patel,2026/02/03,Mysuru,None,35-44,,M,Referral,
CUST05001,Sanjay Banerjee,09-01-2024,Calcutta,Gold,55+,,M,Referral,Solo
CUST05002,Vivek Menon,2024/09/09,Kochi,NA,55+,,M,Referral,Honeymoon
CUST05003,Deepika Bhat,25-06-2025,Pune,None,18-24,,F,Referral,
CUST05004,Sanjay Gupta,27-11-2024,Ahmedabad,platinum,35-44,,M,App Install,Honeymoon
CUST05005,Pooja Joshi,17-01-2024,Agra,Gold,35-44,,F,Social Media,Leisure
CUST05006,Anjali Joshi,16-02-2024,DELHI,Silver,,android,F,Organic Search,Solo
CUST05007,Kritika Mehta,26-08-2024,kolkata,None,55+,IOS,,Email Campaign,
CUST05008,Rahul Kapoor,17-06-2025,Bangalore,Silver,45-54,,M,Social Media,Honeymoon
CUST05009,Vikram Gupta,26-11-2025,Shimla,None,18-24,,M,Social Media,Family
CUST05010,Isha Kumar,29-09-2024,Pune,None,45-54,,,Paid Ads,Honeymoon
CUST05011,Anil Rao,2026/08/13,bengaluru,Gold,18-24,iOS,,Email Campaign,Honeymoon
CUST05012,Neha Reddy,29-03-2024,Amritsar,None,25-34,Web,F,Social Media,Leisure
CUST05013,Vinay Das,2024/07/27,Delhi,Silver,18-24,,,Organic Search,Solo
CUST05014,Anil Kapoor,05-12-2024,New Delhi ,None,45-54,,M,Organic Search,
CUST05015,Deepak Nair,2023/09/19,Chennai,None,55+,,M,App Install,Family
CUST05016,Anita Iyer,2025/03/01,Jaipur,Silver,35-44,android,F,App Install,Business
CUST05017,Anil Iyer,19-04-2025,Darjeeling,Silver,55+,iOS,M,App Install,
CUST05018,Karan Joshi,18-03-2025,Ahmedabad,none,,,M,App Install,Business
CUST05019,Deepak Gupta,19-12-2023,Lucknow,None,55+,android,M,Paid Ads,Honeymoon
CUST05020,Neha Malhotra,05-02-2025,Jaipur,None,18-24,,F,Social Media,Solo
CUST05021,Manoj Malhotra,2024/12/04,Shimla,Gold,45-54,IOS,M,App Install,
CUST05022,Sanjay Kumar,2026/02/17,Ahmedabad,None,18-24,,M,Referral,Family
CUST05023,Divya Reddy,2023/12/24,Jaipur,None,,,F,Paid Ads,
CUST05024,Nikhil Chopra,08-07-2026,Kochi,silver,18-24,,M,Referral,Honeymoon
CUST05025,Anjali Malhotra,2024/01/04,varanasi,None,18-24,Android,F,Organic Search,Business
CUST05026,Karan Menon,04-12-2023,Rishikesh,Silver,35-44,Android,M,Social Media,
CUST05027,Ashish Malhotra,30-10-2025,Rishikesh,Silver,35-44,,M,Paid Ads,Leisure
CUST05028,Anil Kapoor,15-06-2025,New Delhi,Gold,55+,,M,Social Media,Leisure
CUST05029,Anita Gupta,2026/06/29,Hyderabad,Gold,25-34,,F,Paid Ads,Honeymoon
CUST05030,Anjali Verma,2024/05/21,Kolkata,Silver,18-24,,F,Referral,
CUST05031,Anita Menon,20-06-2025,Mumbai,silver,18-24,Android,,Email Campaign,
CUST05032,Arjun Menon,23-12-2025,Benaras,Platinum,55+,android,M,App Install,Honeymoon
CUST05033,Amit Kapoor,04-06-2024,Jaipur,Gold,55+,,,Paid Ads,
CUST05034,Ashish Singh,07-05-2026,Jaipur,Gold,35-44,Android,M,Social Media,Family
CUST05035,Ashish Das,2023/11/14,Udaipur,platinum,45-54,IOS,M,Email Campaign,Family
CUST05036,Vikram Agarwal,16-03-2026,Manali,Platinum,55+,android,M,Referral,Family
CUST05037,Vivek Das,2024/08/04,New Delhi,,55+,iOS,,App Install,Family
CUST05038,Nisha Bhat,2025/09/23,Kochi,Silver,18-24,,F,Organic Search,Family
CUST05039,Divya Kumar,13-02-2026,Darjeeling,None,35-44,,F,App Install,
CUST05040,Rahul Das,2024/03/18,Goa,Gold,,,M,Referral,Family
CUST05041,Suresh Chopra,2023/09/27,Agra,None,25-34,,,Social Media,Solo
CUST05042,Vinay Chopra,30-04-2025,Delhi,None,25-34,,M,Social Media,Family
CUST05043,Deepika Agarwal,30-11-2025,Chennai,silver,25-34,,F,Paid Ads,Family
CUST05044,Isha Rao,2025/11/05,Hyderabad,None,18-24,iOS,F,App Install,
CUST05045,Swati Singh,2025/03/06,Darjeeling,Silver,25-34,,F,Organic Search,Leisure
CUST05046,Karan Menon,07-02-2025,Agra,Gold,55+,,M,App Install,Family
CUST05047,Shreya Nair,02-01-2025,kolkata,None,45-54,IOS,F,Organic Search,
CUST05048,Suresh Malhotra,29-06-2024,Amritsar,None,,,M,Social Media,Honeymoon
CUST05049,Deepika Das,11-12-2023,delhi,Gold,45-54,,F,Social Media,Solo
CUST05050,Priya Kapoor,29-04-2025,Darjeeling,Gold,45-54,,F,Organic Search,
CUST05051,Divya Chopra,2026/04/29,bengaluru,silver,25-34,,F,App Install,Leisure
CUST05052,Shalini Verma,2026/08/04,Pune,Gold,35-44,Web,,App Install,Leisure
CUST05053,Anil Nair,2026/07/13,Delhi,None,35-44,iOS,,Email Campaign,
CUST05054,Meera Mehta,2025/02/25,Ahmedabad,None,,Android,F,Social Media,Family
CUST05055,Shreya Bhat,11-05-2025,Amritsar,GOLD,18-24,IOS,F,App Install,
CUST05056,Swati Gupta,2025/05/26,MUMBAI,None,55+,android,F,Paid Ads,
CUST05057,Anjali Nair,2024/10/31,Bengaluru,NA,25-34,,F,App Install,Honeymoon
CUST05058,Gaurav Rao,08-06-2026,Amritsar,Silver,55+,Android,M,Email Campaign,Family
CUST05059,Priya Kumar,20-06-2026,Bengaluru,Platinum,55+,,F,Paid Ads,
CUST05060,Kavita Malhotra,06-03-2026,Jodhpur,silver,25-34,android,,Paid Ads,Solo
CUST05061,Shreya Das,13-12-2025,Chennai,Platinum,25-34,,F,Social Media,
CUST05062,Anita Verma,29-08-2025,Jaipur,None,,Web,,Social Media,Family
CUST05063,Amit Banerjee,08-11-2025,varanasi,None,45-54,,M,Referral,Family
CUST05064,Divya Iyer,2026/04/21,Jaipur,GOLD,35-44,Web,,App Install,Solo
CUST05065,Meera Banerjee,2025/02/25,Darjeeling,Platinum,35-44,,F,Referral,
CUST05066,Sunita Singh,10-05-2026,Hyderabad,Silver,,IOS,F,Organic Search,
CUST05067,Kavita Menon,15-04-2026,Pune,None,18-24,Android,F,Social Media,
CUST05068,Vikram Das,12-07-2024,Hyderabad,Gold,35-44,iOS,,Paid Ads,Solo
CUST05069,Rohan Kapoor,2023/12/11,Hyderabad,Silver,55+,IOS,M,Paid Ads,Honeymoon
CUST05070,Nisha Malhotra,2024/12/11,Lucknow,None,18-24,,F,Paid Ads,Honeymoon
CUST05071,Preeti Sharma,28-01-2024,Lucknow,Silver,35-44,android,,Paid Ads,Solo
CUST05072,Pooja Das,2025/05/28,Jaipur,Gold,55+,android,F,Organic Search,
CUST05073,Arjun Mehta,15-03-2026,Chennai,Silver,18-24,,,Referral,Business
CUST05074,Nisha Kapoor,2026/01/10,Mysuru,None,25-34,Android,F,Referral,Honeymoon
CUST05075,Manoj Sharma,19-03-2025,Bengaluru,Silver,55+,android,M,Email Campaign,
CUST05076,Manoj Patel,2023/12/03,Varanasi,Silver,25-34,IOS,M,Organic Search,Honeymoon
CUST05077,Vikram Mehta,2024/07/06,Kochi,Platinum,18-24,,M,Referral,Leisure
CUST05078,Deepika Das,2024/08/04,Mysuru,Platinum,18-24,,,Referral,Family
CUST05079,Shreya Rao,2025/06/20,Lucknow,Silver,18-24,,F,Organic Search,
CUST05080,Rahul Joshi,2026/02/23,Jaipur,Silver,35-44,,M,Social Media,
CUST05081,Nisha Gupta,17-12-2024,Chennai,Gold,55+,,,App Install,Family
CUST05082,Kavita Verma,04-09-2025,Manali,none,55+,Web,,Organic Search,Leisure
CUST05083,Isha Kumar,24-07-2024,Pune,Silver,55+,android,,Paid Ads,
CUST05084,Anjali Bhat,2025/06/23,Shimla,None,35-44,android,,Organic Search,Honeymoon
CUST05085,Suresh Nair,02-10-2025,Manali,None,45-54,,,Organic Search,Business
CUST05086,Kritika Verma,2024/07/26,Kolkata,None,,,F,App Install,Business
CUST05087,Divya Sharma,2025/09/25,Chennai,Platinum,25-34,android,F,Referral,
CUST05088,Pankaj Kumar,06-03-2025,Jaipur,none,25-34,Web,M,Organic Search,
CUST05089,Pooja Menon,2026/01/12,Goa,Gold,45-54,,F,App Install,
CUST05090,Divya Bhat,2026/02/24,Jaipur,None,18-24,,F,Social Media,
CUST05091,Suresh Reddy,2023/11/29,MUMBAI,Platinum,35-44,Android,M,Referral,
CUST05092,Karan Sharma,2025/02/07,Manali,None,45-54,,,Organic Search,
CUST05093,Vinay Singh,15-01-2026,Rishikesh,,45-54,,M,Referral,Leisure
CUST05094,Ravi Das,06-03-2026,Darjeeling,silver,35-44,,,Paid Ads,Family
CUST05095,Pankaj Mehta,01-02-2025,Ahmedabad,Silver,35-44,Android,M,Referral,Business
CUST05096,Vinay Gupta,2025/03/15,Lucknow,Gold,35-44,iOS,,Social Media,Family
CUST05097,Karan Rao,2025/03/21,Manali,platinum,,iOS,M,Social Media,
CUST05098,Meera Verma,14-12-2023,Jaipur,Platinum,18-24,IOS,F,Organic Search,Honeymoon
CUST05099,Nisha Malhotra,2024/03/23,Mumbai,Gold,45-54,,F,Organic Search,Leisure
CUST05100,Neha Menon,08-06-2026,Ahmedabad,Silver,45-54,android,F,Referral,Solo
CUST05101,Aditya Kapoor,21-03-2025,Kochi,Gold,45-54,,M,Email Campaign,
CUST05102,Rohan Chopra,06-12-2024,Mysuru,None,45-54,,M,Paid Ads,
CUST05103,Sneha Reddy,13-11-2023,Jaipur,None,18-24,,F,Paid Ads,Leisure
CUST05104,Vikram Malhotra,2025/09/07,Goa,Silver,25-34,Web,,App Install,Solo
CUST05105,Manoj Mehta,2024/12/08,Bengaluru ,GOLD,18-24,iOS,M,Organic Search,
CUST05106,Suresh Menon,22-03-2026,Chennai,Silver,25-34,,M,Email Campaign,Leisure
CUST05107,Sunita Verma,21-06-2025,Manali,None,,Web,F,Social Media,Honeymoon
CUST05108,Nisha Joshi,10-09-2026,Manali,None,35-44,,F,Organic Search,Honeymoon
CUST05109,Sunita Bhat,2026/08/11,Shimla,Silver,18-24,,F,Organic Search,Family
CUST05110,Pooja Rao,19-05-2024,Mysuru,Silver,55+,Web,F,Referral,Family
CUST05111,Deepika Mehta,2024/06/08,Shimla,Gold,45-54,,F,Social Media,
CUST05112,Gaurav Chopra,22-09-2023,Jaipur,None,25-34,,M,Paid Ads,Business
CUST05113,Ritu Malhotra,2025/03/25,Bangalore,Gold,55+,,F,App Install,Family
CUST05114,Manoj Menon,2025/09/17,Hyderabad,None,35-44,Android,,Paid Ads,Business
CUST05115,Sunita Verma,01-06-2025,Hyderabad,Gold,45-54,Web,,Paid Ads,Family
CUST05116,Gaurav Gupta,20-04-2024,Kochi,Gold,35-44,,M,Referral,
CUST05117,Rohan Gupta,2024/05/29,Darjeeling,Platinum,,,M,Email Campaign,Honeymoon
CUST05118,Swati Bhat,2026/01/19,Ahmedabad,None,25-34,Web,F,Email Campaign,Family
CUST05119,Ritu Iyer,13-10-2023,bengaluru,none,45-54,Web,F,Social Media,Solo
CUST05120,Divya Reddy,25-05-2026,Amritsar,Silver,35-44,,F,Social Media,Honeymoon
CUST05121,Kritika Verma,16-07-2024,Kolkata,Silver,18-24,,F,App Install,Solo
CUST05122,Karan Das,19-01-2026,Udaipur,NA,45-54,,M,Referral,
CUST05123,Preeti Singh,31-07-2024,Chennai,silver,,,F,Email Campaign,Honeymoon
CUST05124,Divya Banerjee,17-09-2023,Shimla,None,45-54,,F,Paid Ads,
CUST05125,Vikram Das,23-10-2023,varanasi,Platinum,55+,,M,App Install,Business
CUST05126,Arjun Kapoor,02-05-2026,Chennai,Silver,25-34,,M,Referral,
CUST05127,Kritika Kumar,22-09-2025,Lucknow,Platinum,55+,iOS,F,Referral,
CUST05128,Rahul Banerjee,2025/02/12,Kochi,None,18-24,iOS,,Email Campaign,
CUST05129,Neha Bhat,25-06-2024,Delhi,None,,android,,App Install,
CUST05130,Manoj Agarwal,2025/11/24,Benaras,,55+,,M,Paid Ads,
CUST05131,Ravi Banerjee,18-12-2024,Darjeeling,None,18-24,,M,Paid Ads,
CUST05132,Rajesh Joshi,15-12-2025,Pune,None,45-54,Android,,Social Media,
CUST05133,Nisha Reddy,20-12-2025,Manali,None,25-34,,F,Email Campaign,
CUST05134,Shalini Joshi,2026/04/23,Manali,Platinum,45-54,Web,F,Social Media,
CUST05135,Anil Kapoor,01-11-2023,Agra,Silver,55+,,,App Install,Solo
CUST05136,Preeti Agarwal,2025/11/22,Udaipur,Silver,35-44,Android,F,App Install,
CUST05137,Priya Rao,02-10-2025,Rishikesh,Silver,45-54,,F,Social Media,
CUST05138,Pooja Banerjee,2025/12/03,Shimla,None,18-24,,F,Referral,Leisure
CUST05139,Sanjay Joshi,01-11-2024,Darjeeling,None,18-24,,,Social Media,Business
CUST05140,Priya Sharma,2026/09/10,Lucknow,none,,,,Paid Ads,Leisure
CUST05141,Ashish Singh,01-04-2024,Manali,Gold,55+,,,Paid Ads,
CUST05142,Vikram Banerjee,2024/07/25,Shimla,None,25-34,,M,Email Campaign,Honeymoon
CUST05143,Neha Patel,04-05-2024,Amritsar,None,25-34,,F,Paid Ads,
CUST05144,Kavita Chopra,2024/03/05,Agra,,35-44,IOS,F,Email Campaign,
CUST05145,Suresh Das,2026/04/25,Manali,Platinum,55+,,M,Email Campaign,Family
CUST05146,Preeti Joshi,2026/06/26,Manali,Platinum,55+,Android,F,Social Media,
CUST05147,Sneha Kumar,2024/08/10,Ahmedabad,Silver,35-44,,F,Paid Ads,
CUST05148,Kavita Sharma,16-09-2025,Mumbai,Silver,25-34,,F,App Install,Solo
CUST05149,Karan Mehta,10-02-2026,varanasi,None,,Web,M,App Install,
CUST05150,Kavita Verma,12-08-2024,Manali,Gold,45-54,android,F,Referral,Solo
CUST05151,Karan Agarwal,13-05-2025,Darjeeling,None,35-44,,M,Organic Search,Solo
CUST05152,Kritika Banerjee,04-09-2025,Ahmedabad,Silver,,,,Email Campaign,Leisure
CUST05153,Arjun Reddy,2026/09/04,Hyderabad,None,35-44,iOS,,Email Campaign,Family
CUST05154,Kritika Bhat,2024/02/25,Lucknow,Silver,18-24,,,Referral,Business
CUST05155,Nisha Verma,17-01-2025,Jodhpur,,45-54,,F,App Install,Solo
CUST05156,Sneha Menon,17-04-2025,Goa,Gold,18-24,Web,F,App Install,Honeymoon
CUST05157,Shalini Kapoor,2026/09/13,Pune,silver,35-44,,F,Organic Search,Family
CUST05158,Aditya Mehta,15-03-2024,Chennai,Silver,45-54,,M,Paid Ads,
CUST05159,Karan Patel,28-05-2025,Amritsar,Silver,35-44,iOS,M,App Install,
CUST05160,Ananya Singh,2025/08/26,Lucknow,silver,55+,,F,Organic Search,Honeymoon
CUST05161,Karan Iyer,2025/06/10,Agra,None,45-54,,M,Paid Ads,
CUST05162,Nikhil Banerjee,2025/12/02,mumbai,None,55+,,M,Paid Ads,Family
CUST05163,Rahul Malhotra,2026/01/26,Ahmedabad,Silver,45-54,,,App Install,
CUST05164,Shalini Gupta,2023/10/06,Lucknow,None,25-34,,F,Organic Search,Solo
CUST05165,Gaurav Banerjee,2025/11/24,Ahmedabad,Gold,,android,M,Paid Ads,
CUST05166,Vikram Nair,2024/12/07,Shimla,None,35-44,,M,Referral,Leisure
CUST05167,Shalini Agarwal,2026/01/29,Udaipur,none,25-34,Android,F,App Install,Leisure
CUST05168,Aditya Agarwal,2026/04/06,Hyderabad,Silver,,,,Organic Search,
CUST05169,Nikhil Banerjee,17-06-2024,Ahmedabad,Silver,55+,,,Email Campaign,Honeymoon
CUST05170,Divya Singh,27-01-2024,Hyderabad,None,35-44,,F,Paid Ads,Solo
CUST05171,Preeti Bhat,30-04-2025,Chennai,Silver,35-44,,F,Social Media,Family
CUST05172,Rohan Sharma,06-04-2025,Kolkata,,35-44,android,M,Email Campaign,
CUST05173,Meera Malhotra,25-07-2024,Agra,silver,35-44,,F,Organic Search,
CUST05174,Gaurav Singh,2026/06/30,bengaluru,Gold,25-34,android,M,Organic Search,
CUST05175,Shreya Gupta,2024/07/05,Jaipur,platinum,55+,,,App Install,Solo
CUST05176,Priya Banerjee,2024/03/20,Mysuru,Silver,18-24,Web,F,App Install,
CUST05177,Amit Gupta,2026/05/06,Shimla,None,55+,,M,Paid Ads,Solo
CUST05178,Pooja Kumar,2026/04/30,Manali,Platinum,,,F,Organic Search,Leisure
CUST05179,Deepak Iyer,12-08-2026,Pune,Silver,25-34,,M,App Install,Leisure
CUST05180,Vinay Rao,11-04-2025,Rishikesh,Silver,35-44,,M,App Install,Business
CUST05181,Gaurav Rao,16-03-2026,New Delhi ,Gold,,,M,Email Campaign,Solo
CUST05182,Sunita Bhat,16-05-2026,Chennai,Silver,55+,android,F,Social Media,
CUST05183,Ritu Agarwal,2025/03/29,Lucknow,Silver,35-44,,F,Referral,Business
CUST05184,Priya Sharma,2026/09/15,Agra,None,25-34,,F,Social Media,
CUST05185,Rahul Singh,2025/02/06,Ahmedabad,Gold,25-34,android,M,Paid Ads,
CUST05186,Rajesh Malhotra,06-12-2024,bengaluru,None,35-44,,M,Organic Search,Solo
CUST05187,Isha Patel,17-02-2024,Benaras,Gold,55+,Web,F,Paid Ads,
CUST05188,Isha Iyer,2024/01/24,Mumbai,None,18-24,,F,Email Campaign,Business
CUST05189,Ritu Reddy,27-01-2024,Pune,Platinum,18-24,,F,Paid Ads,Honeymoon
CUST05190,Pooja Chopra,19-05-2024,Shimla,None,45-54,Android,F,Email Campaign,
CUST05191,Swati Singh,2025/03/03,Mysuru,Silver,,,F,Referral,Leisure
CUST05192,Priya Singh,11-01-2026,Jodhpur,Gold,,,F,Organic Search,Family
CUST05193,Ananya Chopra,25-12-2024,Kolkata,None,18-24,,F,Paid Ads,
CUST05194,Pooja Joshi,16-04-2024,Agra,Silver,25-34,,F,Paid Ads,
CUST05195,Rajesh Malhotra,30-10-2023,Jaipur,Silver,35-44,,M,Referral,Solo
CUST05196,Kritika Chopra,04-07-2026,Hyderabad,platinum,25-34,Android,F,App Install,
CUST05197,Nikhil Iyer,2025/03/02,Jaipur,None,25-34,,M,Referral,Leisure
CUST05198,Sanjay Nair,11-07-2026,Jodhpur,NA,18-24,Android,M,Social Media,Solo
CUST05199,Neha Singh,2024/12/08,Manali,None,45-54,,,Referral,Solo
CUST05200,Manoj Joshi,2025/09/10,Darjeeling,None,35-44,,,Organic Search,Family
CUST05201,Gaurav Kumar,2025/04/08,Lucknow,Silver,35-44,,M,Referral,Honeymoon
CUST05202,Pooja Sharma,2025/07/04,Kolkata,none,45-54,Android,F,Email Campaign,
CUST05203,Deepak Joshi,2024/05/31,Amritsar,None,18-24,IOS,M,Paid Ads,Solo
CUST05204,Gaurav Malhotra,19-01-2024,Shimla,Silver,45-54,,M,Social Media,Solo
CUST05205,Gaurav Reddy,2025/10/01,Chennai,Gold,35-44,,M,Paid Ads,Honeymoon
CUST05206,Priya Reddy,2024/07/24,Amritsar,,18-24,,F,Referral,Solo
CUST05207,Deepak Kumar,2024/06/22,Shimla,None,45-54,Web,,Organic Search,Solo
CUST05208,Gaurav Iyer,20-12-2023,Jodhpur,None,45-54,,M,App Install,
CUST05209,Sunita Kapoor,21-01-2026,bengaluru,,35-44,,F,App Install,Honeymoon
CUST05210,Ritu Iyer,2024/09/24,Jodhpur,Gold,55+,,F,App Install,Solo
CUST05211,Pooja Nair,2024/08/26,Agra,Silver,35-44,,,Email Campaign,Solo
CUST05212,Sneha Mehta,2025/06/10,Ahmedabad,None,45-54,iOS,F,Paid Ads,Solo
CUST05213,Kavita Banerjee,17-01-2024,Ahmedabad,None,,Android,F,Organic Search,Solo
CUST05214,Sneha Agarwal,27-11-2024,Mysuru,platinum,,Web,F,Email Campaign,Solo
CUST05215,Preeti Das,2026/07/16,Agra,Platinum,,,F,Email Campaign,Family
CUST05216,Meera Malhotra,2025/04/01,Darjeeling,None,35-44,,F,Email Campaign,Leisure
CUST05217,Vinay Bhat,2025/12/14,Rishikesh,Gold,45-54,,M,Email Campaign,Solo
CUST05218,Anil Kumar,29-03-2026,Hyderabad,Silver,55+,android,M,Paid Ads,
CUST05219,Pooja Singh,15-04-2024,New Delhi ,silver,,,F,App Install,
CUST05220,Anjali Agarwal,2024/01/16,Jodhpur,Gold,55+,,,Email Campaign,Solo
CUST05221,Rahul Iyer,25-09-2024,DELHI,Silver,25-34,android,M,Social Media,
CUST05222,Neha Mehta,04-04-2025,kolkata,Gold,,,F,Email Campaign,
CUST05223,Pooja Gupta,2026/01/24,delhi,None,45-54,,F,Social Media,Family
CUST05224,Ritu Kumar,20-07-2025,Amritsar,Platinum,35-44,,F,Social Media,Business
CUST05225,Shreya Iyer,26-05-2024,Shimla,Gold,18-24,,,Social Media,
CUST05226,Anil Sharma,2026/05/11,Pune,None,18-24,,M,Social Media,
CUST05227,Amit Kumar,09-06-2024,Lucknow,Silver,45-54,,M,App Install,Family
CUST05228,Sanjay Singh,2024/11/05,Lucknow,Silver,,,,Social Media,Honeymoon
CUST05229,Gaurav Singh,2026/05/30,Udaipur,None,18-24,,M,Email Campaign,
CUST05230,Rohan Kumar,19-09-2024,varanasi,None,35-44,iOS,,App Install,Business
CUST05231,Kritika Das,12-06-2025,Jodhpur,silver,45-54,,,Paid Ads,
CUST05232,Preeti Chopra,2024/08/30,Darjeeling,Platinum,55+,,F,Paid Ads,Solo
CUST05233,Nisha Chopra,15-08-2025,Amritsar,Platinum,45-54,Android,F,Organic Search,Business
CUST05234,Vikram Verma,07-07-2026,bengaluru,None,45-54,,M,Organic Search,
CUST05235,Nikhil Malhotra,2026/04/27,Pune,Gold,35-44,android,M,Email Campaign,Honeymoon
CUST05236,Kavita Bhat,2026/07/09,Mysuru,Silver,,,,Social Media,
CUST05237,Ashish Joshi,2025/01/03,Pune,None,,,M,Email Campaign,Family
CUST05238,Anjali Singh,2026/06/13,mumbai,Gold,,iOS,F,Referral,Honeymoon
CUST05239,Aditya Joshi,2025/04/04,Bengaluru ,None,35-44,,M,App Install,Leisure
CUST05240,Pooja Kumar,05-04-2024,Hyderabad,None,,iOS,F,Referral,Business
CUST05241,Suresh Gupta,23-06-2026,Agra,silver,55+,IOS,,App Install,
CUST05242,Pooja Gupta,16-10-2024,Shimla,None,45-54,,,Paid Ads,
CUST05243,Rahul Banerjee,2026/05/23,Manali,Gold,35-44,,M,Email Campaign,
CUST05244,Swati Sharma,2025/05/09,Rishikesh,None,,IOS,F,App Install,Honeymoon
CUST05245,Shalini Kumar,2024/08/05,Amritsar,,45-54,android,F,Organic Search,
CUST05246,Meera Patel,2026/02/20,Agra,None,,IOS,F,Referral,Business
CUST05247,Anita Kumar,2025/09/04,Udaipur,Silver,45-54,,F,Referral,Honeymoon
CUST05248,Karan Verma,2025/11/15,Bangalore,NA,18-24,,M,App Install,Solo
CUST05249,Anita Chopra,2025/03/27,kolkata,None,55+,IOS,F,Organic Search,Solo
CUST05250,Preeti Joshi,2025/05/21,Agra,Silver,18-24,android,F,Email Campaign,
CUST05251,Pankaj Kumar,2025/01/21,bengaluru,Gold,25-34,,M,Referral,Business
CUST05252,Arjun Kapoor,2025/11/23,Shimla,Platinum,,,,Organic Search,Honeymoon
CUST05253,Anjali Patel,18-02-2025,Mysuru,Silver,45-54,,F,Social Media,Honeymoon
CUST05254,Vinay Das,2024/02/16,Shimla,Silver,25-34,,,Email Campaign,
CUST05255,Sunita Agarwal,07-07-2025,Kochi,Silver,25-34,,F,Social Media,
CUST05256,Gaurav Nair,26-05-2024,Goa,Silver,45-54,Android,,Email Campaign,Leisure
CUST05257,Ananya Rao,2026/07/22,Jodhpur,None,18-24,IOS,F,Email Campaign,Leisure
CUST05258,Ritu Menon,2024/10/11,Delhi,None,25-34,,,Social Media,Solo
CUST05259,Arjun Verma,2024/03/16,delhi,none,45-54,,,Paid Ads,
CUST05260,Manoj Malhotra,2024/03/16,Kochi,silver,35-44,IOS,M,Paid Ads,
CUST05261,Sneha Nair,2024/04/21,Shimla,silver,18-24,,,Email Campaign,Solo
CUST05262,Aditya Sharma,21-01-2025,Kolkata,Platinum,,,M,Paid Ads,Honeymoon
CUST05263,Pankaj Singh,2025/12/14,Chennai,None,35-44,android,M,Email Campaign,
CUST05264,Preeti Rao,31-08-2024,Hyderabad,Platinum,55+,android,F,Social Media,Honeymoon
CUST05265,Gaurav Banerjee,25-02-2025,Darjeeling,Silver,55+,,,Paid Ads,
CUST05266,Arjun Kumar,2025/01/22,Udaipur,Silver,35-44,,,App Install,Business
CUST05267,Ravi Bhat,22-10-2025,Shimla,GOLD,,,M,App Install,Business
CUST05268,Rohan Gupta,11-11-2025,Ahmedabad,None,35-44,android,M,Referral,Leisure
CUST05269,Vivek Iyer,01-09-2024,Darjeeling,None,,android,,Organic Search,Business
CUST05270,Vivek Bhat,2025/05/06,Udaipur,Silver,,Android,M,Referral,
CUST05271,Shreya Bhat,2026/03/18,delhi,None,18-24,IOS,,Paid Ads,
CUST05272,Nikhil Kumar,2023/11/05,Darjeeling,None,25-34,,,Referral,Leisure
CUST05273,Nikhil Singh,16-10-2023,Kochi,silver,35-44,iOS,M,Organic Search,Solo
CUST05274,Rajesh Joshi,2025/03/14,Jodhpur,None,18-24,,M,App Install,Honeymoon
CUST05275,Shreya Iyer,02-06-2025,Varanasi,GOLD,45-54,,F,Paid Ads,Business
CUST05276,Rajesh Menon,2024/01/29,Agra,Silver,55+,Android,M,App Install,
CUST05277,Neha Das,14-04-2024,Ahmedabad,None,55+,,F,App Install,
CUST05278,Sunita Gupta,28-06-2024,Pune,Silver,55+,Web,,Organic Search,Solo
CUST05279,Gaurav Singh,14-09-2025,Benaras,None,45-54,,M,Referral,Honeymoon
CUST05280,Pooja Kumar,2025/08/26,Jaipur,Silver,45-54,,F,Social Media,Solo
CUST05281,Preeti Singh,2024/09/27,Chennai,,25-34,iOS,,Social Media,
CUST05282,Anjali Mehta,2025/05/31,Manali,None,35-44,,F,Email Campaign,Business
CUST05283,Shalini Chopra,2026/03/01,Udaipur,Silver,55+,,F,Social Media,
CUST05284,Preeti Rao,2024/10/15,Jodhpur,None,35-44,IOS,,App Install,Business
CUST05285,Preeti Singh,21-12-2023,Manali,None,18-24,,,App Install,
CUST05286,Nisha Das,09-10-2025,Pune,None,45-54,,,Email Campaign,
CUST05287,Sneha Malhotra,2025/10/31,Lucknow,None,45-54,,F,Paid Ads,
CUST05288,Sanjay Kapoor,2023/10/06,Calcutta,Gold,,,,Paid Ads,Business
CUST05289,Nisha Sharma,2024/07/28,Kolkata,platinum,25-34,,F,App Install,Business
CUST05290,Anil Menon,2023/10/09,Amritsar,None,,,M,Organic Search,Solo
CUST05291,Sneha Banerjee,2025/05/15,Shimla,None,45-54,,F,App Install,Honeymoon
CUST05292,Anjali Agarwal,2025/06/29,Benaras,None,55+,,F,Organic Search,Leisure
CUST05293,Isha Rao,20-10-2024,Goa,None,45-54,IOS,F,Social Media,Family
CUST05294,Manoj Sharma,16-08-2026,Ahmedabad,None,,,,App Install,Solo
CUST05295,Suresh Nair,2025/01/27,Ahmedabad,platinum,35-44,,M,Social Media,Honeymoon
CUST05296,Gaurav Menon,17-04-2024,Rishikesh,none,45-54,,M,Organic Search,
CUST05297,Neha Agarwal,11-10-2024,Varanasi,Platinum,,Android,,Organic Search,Solo
CUST05298,Sunita Menon,2025/08/06,Amritsar,None,45-54,,F,Organic Search,Family
CUST05299,Preeti Rao,22-03-2025,Kolkata,None,45-54,IOS,F,App Install,Business
CUST05300,Neha Sharma,06-08-2025,Mysuru,NA,,IOS,F,Referral,Family
CUST05301,Vikram Sharma,2025/07/06,Lucknow,Silver,25-34,android,M,Email Campaign,
CUST05302,Ananya Das,2025/09/10,Jodhpur,Silver,,iOS,F,Paid Ads,Business
CUST05303,Preeti Das,07-11-2024,Pune,Gold,18-24,android,,Social Media,
CUST05304,Aditya Nair,2024/01/31,Pune,GOLD,25-34,Android,M,Paid Ads,Family
CUST05305,Pankaj Nair,12-02-2026,Jodhpur,None,,,M,Social Media,Leisure
CUST05306,Rajesh Bhat,2024/06/19,Udaipur,Silver,35-44,,M,Referral,
CUST05307,Gaurav Bhat,23-03-2024,MUMBAI,Silver,45-54,,M,Email Campaign,Solo
CUST05308,Anjali Gupta,2026/08/23,Lucknow,Platinum,18-24,android,F,Paid Ads,
CUST05309,Anil Singh,03-10-2023,Kochi,Platinum,45-54,,M,App Install,Family
CUST05310,Ravi Joshi,12-05-2025,Pune,Silver,18-24,iOS,M,Referral,Honeymoon
CUST05311,Arjun Kumar,26-05-2026,Rishikesh,Platinum,25-34,iOS,M,Referral,Business
CUST05312,Deepika Iyer,2024/11/08,Shimla,None,35-44,,F,Social Media,
CUST05313,Karan Verma,29-10-2024,Agra,None,25-34,IOS,M,Paid Ads,
CUST05314,Kritika Mehta,2024/07/18,Udaipur,Gold,25-34,Android,,Email Campaign,Honeymoon
CUST05315,Kavita Rao,2025/10/05,Udaipur,Platinum,,,,Social Media,Family
CUST05316,Preeti Malhotra,15-09-2024,Jodhpur,Gold,35-44,,F,App Install,
CUST05317,Ritu Bhat,08-08-2024,Varanasi,None,35-44,,,Social Media,Leisure
CUST05318,Kavita Chopra,2025/11/23,delhi,None,55+,Web,,Organic Search,Honeymoon
CUST05319,Anil Reddy,2025/04/25,Hyderabad,None,18-24,,M,App Install,Leisure
CUST05320,Rahul Verma,30-12-2023,Bengaluru,None,35-44,,M,Organic Search,Solo
CUST05321,Arjun Reddy,04-11-2023,Ahmedabad,Silver,,iOS,M,App Install,Business
CUST05322,Nikhil Menon,08-12-2025,Udaipur,Gold,18-24,Web,M,App Install,Honeymoon
CUST05323,Isha Kapoor,2024/01/29,Ahmedabad,Silver,35-44,,F,App Install,Leisure
CUST05324,Isha Joshi,29-06-2025,Pune,Silver,55+,,F,Social Media,Business
CUST05325,Pankaj Reddy,2023/10/20,Lucknow,,35-44,,M,App Install,Solo
CUST05326,Meera Mehta,2024/04/09,Agra,Silver,25-34,IOS,F,Referral,Leisure
CUST05327,Preeti Joshi,2024/06/04,Hyderabad,None,45-54,Android,F,Social Media,Business
CUST05328,Sneha Chopra,25-07-2026,Hyderabad,Platinum,35-44,,F,App Install,Solo
CUST05329,Vikram Chopra,2024/08/17,mumbai,Silver,55+,,M,Referral,
CUST05330,Rohan Verma,11-04-2026,Darjeeling,Silver,35-44,,M,Social Media,Business
CUST05331,Arjun Patel,2026/07/20,Kolkata,platinum,45-54,,M,Social Media,
CUST05332,Ashish Nair,2024/06/28,Kochi,silver,35-44,,M,App Install,Honeymoon
CUST05333,Ashish Iyer,2025/06/03,Kolkata,Platinum,25-34,Web,M,App Install,
CUST05334,Anil Das,2025/03/02,Darjeeling,None,45-54,iOS,M,App Install,Family
CUST05335,Rajesh Agarwal,26-07-2024,Kolkata,Gold,,android,M,Organic Search,Solo
CUST05336,Anita Singh,19-05-2024,Manali,Gold,55+,Android,F,Email Campaign,Business
CUST05337,Vivek Kumar,26-04-2026,Agra,Platinum,35-44,Android,M,Referral,Solo
CUST05338,Meera Reddy,06-03-2026,Jaipur,None,45-54,android,F,App Install,Family
CUST05339,Swati Menon,2024/06/18,Udaipur,Gold,18-24,,,Social Media,Family
CUST05340,Gaurav Iyer,05-10-2023,Jaipur,Silver,55+,android,M,Paid Ads,
CUST05341,Divya Reddy,11-11-2024,Mysuru,Platinum,18-24,,F,Social Media,
CUST05342,Arjun Menon,11-05-2026,Jaipur,None,55+,Android,M,Paid Ads,Business
CUST05343,Ritu Malhotra,2025/07/18,Amritsar,Silver,25-34,,,Paid Ads,
CUST05344,Shreya Joshi,07-12-2025,Jodhpur,platinum,35-44,,,Social Media,Honeymoon
CUST05345,Meera Iyer,2023/11/25,Bengaluru ,Platinum,18-24,IOS,F,Paid Ads,Honeymoon
CUST05346,Rohan Joshi,2026/09/03,Jodhpur,None,18-24,,M,Paid Ads,Leisure
CUST05347,Sunita Agarwal,2025/01/06,Jaipur,Platinum,55+,,F,Email Campaign,
CUST05348,Sneha Gupta,15-07-2026,Bombay,Silver,25-34,,F,App Install,
CUST05349,Meera Chopra,2026/06/20,MUMBAI,Silver,,,,Social Media,
CUST05350,Ritu Menon,14-01-2025,Darjeeling,None,55+,android,F,Referral,Family
CUST05351,Neha Joshi,2023/11/21,Goa,None,18-24,Web,,Social Media,Honeymoon
CUST05352,Rohan Joshi,2024/09/27,Amritsar,GOLD,,Android,M,Organic Search,
CUST05353,Amit Singh,02-09-2026,Calcutta,None,35-44,iOS,M,Social Media,Solo
CUST05354,Vinay Nair,23-11-2023,Udaipur,Silver,45-54,android,M,Organic Search,
CUST05355,Vivek Mehta,08-12-2024,Manali,Gold,25-34,,,App Install,Solo
CUST05356,Neha Menon,11-07-2025,Bengaluru,Silver,45-54,,,Email Campaign,
CUST05357,Isha Patel,03-10-2025,Darjeeling,None,18-24,,F,Paid Ads,Family
CUST05358,Pankaj Rao,16-07-2026,mumbai,None,45-54,IOS,,App Install,
CUST05359,Vinay Banerjee,15-11-2023,Jodhpur,none,45-54,,M,Social Media,Solo
CUST05360,Deepak Patel,2025/07/24,Manali,Gold,,,M,Paid Ads,
CUST05361,Ananya Patel,2025/07/11,Bombay,None,25-34,Web,F,Email Campaign,Business
CUST05362,Isha Kumar,2024/08/17,Jodhpur,NA,35-44,Web,,Paid Ads,Family
CUST05363,Suresh Rao,28-11-2024,Udaipur,None,25-34,Android,M,Social Media,Solo
CUST05364,Vikram Kumar,2023/10/21,Kochi,,,,M,Organic Search,Solo
CUST05365,Karan Kumar,12-09-2024,Calcutta,None,,android,M,Organic Search,
CUST05366,Priya Patel,26-08-2024,Amritsar,Platinum,25-34,,F,Organic Search,Family
CUST05367,Kavita Singh,2026/04/07,Hyderabad,None,45-54,,F,App Install,Family
CUST05368,Ritu Rao,2025/01/04,Rishikesh,Gold,25-34,,F,Organic Search,Solo
CUST05369,Suresh Verma,2024/07/14,Kochi,silver,25-34,,M,Paid Ads,
CUST05370,Pankaj Bhat,2026/06/12,Darjeeling,Silver,25-34,,M,Email Campaign,Leisure
CUST05371,Deepak Kumar,2024/08/03,Bengaluru ,None,25-34,,M,App Install,
CUST05372,Priya Rao,2025/11/18,Pune,Gold,35-44,IOS,F,Email Campaign,
CUST05373,Divya Banerjee,2025/09/14,Lucknow,None,35-44,Web,F,Organic Search,
CUST05374,Pooja Joshi,2025/10/07,New Delhi ,NA,,,F,Paid Ads,
CUST05375,Ritu Kapoor,2025/01/08,Darjeeling,Gold,25-34,,F,Social Media,Honeymoon
CUST05376,Rajesh Iyer,25-01-2026,Bombay,,35-44,,M,Referral,Business
CUST05377,Isha Agarwal,2024/12/12,Jodhpur,Silver,,,F,Organic Search,
CUST05378,Kritika Malhotra,2024/07/04,Shimla,Silver,,,F,App Install,Leisure
CUST05379,Deepak Das,2026/04/06,Kochi,Silver,18-24,,M,Social Media,
CUST05380,Amit Banerjee,31-01-2024,Hyderabad,None,35-44,Android,M,Paid Ads,
CUST05381,Ritu Banerjee,2024/07/16,Lucknow,silver,45-54,Web,F,Social Media,
CUST05382,Sanjay Gupta,07-08-2026,Ahmedabad,Silver,45-54,android,M,Email Campaign,
CUST05383,Ananya Das,2025/08/13,Udaipur,Platinum,,Android,,Paid Ads,Family
CUST05384,Kavita Malhotra,20-01-2025,Udaipur,Silver,,,F,Social Media,Family
CUST05385,Ashish Kumar,01-08-2025,Rishikesh,GOLD,55+,,M,Social Media,Honeymoon
CUST05386,Aditya Kapoor,08-05-2025,Rishikesh,GOLD,25-34,,M,App Install,Solo
CUST05387,Divya Agarwal,2025/06/05,Kolkata,None,35-44,,F,Paid Ads,
CUST05388,Anita Rao,2025/11/12,Goa,None,55+,,F,Email Campaign,Solo
CUST05389,Meera Chopra,2026/04/30,Kolkata,Silver,,,F,Referral,
CUST05390,Rajesh Joshi,12-12-2025,Rishikesh,None,45-54,,M,Paid Ads,Solo
CUST05391,Shreya Banerjee,10-06-2026,bengaluru,Silver,25-34,android,F,Referral,Solo
CUST05392,Vinay Joshi,05-06-2025,Manali,Gold,45-54,,,Email Campaign,Family
CUST05393,Arjun Agarwal,16-06-2024,delhi,None,45-54,,,Email Campaign,Business
CUST05394,Shalini Agarwal,10-07-2026,Chennai,Platinum,45-54,Android,F,App Install,Solo
CUST05395,Preeti Malhotra,2024/06/17,Ahmedabad,None,55+,iOS,F,Organic Search,Solo
CUST05396,Arjun Kumar,07-06-2025,Jodhpur,Gold,45-54,iOS,M,Referral,
CUST05397,Vikram Menon,17-06-2025,Mumbai,None,45-54,,,Referral,
CUST05398,Deepak Iyer,2025/12/09,Mysuru,None,,,M,App Install,Honeymoon
CUST05399,Divya Kumar,12-11-2025,Calcutta,None,35-44,android,F,Referral,Solo
CUST05400,Vikram Rao,20-08-2026,Ahmedabad,None,55+,,M,Paid Ads,Solo
CUST05401,Kritika Patel,2026/02/08,DELHI,Gold,55+,,F,Email Campaign,Solo
CUST05402,Sneha Rao,2024/07/09,Jaipur,Gold,25-34,IOS,F,Referral,Honeymoon
CUST05403,Anjali Sharma,28-12-2023,Pune,None,45-54,IOS,F,Referral,
CUST05404,Ravi Patel,22-11-2025,Bombay,None,35-44,,M,Referral,
CUST05405,Suresh Bhat,12-05-2026,Mysuru,None,18-24,IOS,M,Social Media,Honeymoon
CUST05406,Anjali Chopra,2025/10/11,Mumbai,none,25-34,Web,F,App Install,Solo
CUST05407,Anita Kumar,2025/11/03,MUMBAI,Silver,18-24,Web,F,Social Media,Honeymoon
CUST05408,Arjun Menon,2025/12/15,Chennai,None,45-54,IOS,M,Referral,
CUST05409,Amit Joshi,01-09-2026,Pune,None,,,,Referral,
CUST05410,Rahul Singh,23-04-2024,Jodhpur,None,45-54,iOS,M,App Install,Honeymoon
CUST05411,Pooja Mehta,2024/07/30,Agra,Silver,55+,,,App Install,Family
CUST05412,Anil Mehta,2024/11/14,Pune,None,35-44,,M,Email Campaign,
CUST05413,Manoj Joshi,11-04-2025,Agra,none,,,,Email Campaign,
CUST05414,Preeti Reddy,2024/08/19,Goa,Platinum,,Android,F,App Install,
CUST05415,Suresh Nair,23-11-2023,Jaipur,,45-54,,M,App Install,
CUST05416,Shreya Gupta,2023/12/28,Jodhpur,Silver,45-54,Android,F,Referral,
CUST05417,Anil Bhat,31-08-2026,Shimla,none,45-54,Web,M,Referral,
CUST05418,Sneha Kumar,07-07-2026,Lucknow,Gold,25-34,,F,Organic Search,Family
CUST05419,Ananya Mehta,2026/07/07,Mumbai,Gold,55+,,,Referral,Business
CUST05420,Gaurav Reddy,2026/03/29,Lucknow,None,55+,android,M,Social Media,Solo
CUST05421,Ananya Malhotra,01-01-2024,Manali,none,55+,IOS,F,Email Campaign,Business
CUST05422,Vivek Sharma,2025/12/30,Goa,None,25-34,,M,Social Media,
CUST05423,Neha Das,28-04-2024,Lucknow,Silver,,,F,Email Campaign,Honeymoon
CUST05424,Pankaj Mehta,16-12-2023,Amritsar,Silver,45-54,,M,Organic Search,Business
CUST05425,Ritu Das,2024/03/25,Hyderabad,silver,55+,android,F,Social Media,
CUST05426,Isha Patel,2025/07/05,Jodhpur,Silver,45-54,,F,Organic Search,Honeymoon
CUST05427,Gaurav Singh,2025/12/26,Shimla,None,18-24,iOS,M,Organic Search,
CUST05428,Kavita Sharma,21-01-2024,Jaipur,None,25-34,,F,Social Media,Solo
CUST05429,Anita Singh,2025/12/28,bengaluru,NA,35-44,,F,App Install,Honeymoon
CUST05430,Manoj Patel,2026/04/08,Kolkata,Gold,55+,,M,Paid Ads,Leisure
CUST05431,Anita Das,2024/12/31,Shimla,Silver,55+,iOS,F,Social Media,Business
CUST05432,Neha Menon,2026/05/14,Jodhpur,None,55+,Android,F,Social Media,
CUST05433,Shalini Sharma,22-08-2026,Udaipur,NA,55+,,,App Install,
CUST05434,Shalini Rao,2024/04/13,Chennai,Platinum,25-34,,F,Paid Ads,Honeymoon
CUST05435,Karan Joshi,07-03-2024,Delhi,None,25-34,,M,Organic Search,
CUST05436,Swati Banerjee,06-07-2024,Lucknow,Silver,25-34,,F,Paid Ads,
CUST05437,Vinay Reddy,22-03-2026,Udaipur,None,35-44,Web,M,Social Media,Family
CUST05438,Vikram Kapoor,2024/05/17,Rishikesh,Silver,25-34,,,App Install,Leisure
CUST05439,Ravi Iyer,2026/06/16,Manali,Platinum,35-44,,M,Social Media,Business
CUST05440,Arjun Singh,12-02-2025,Darjeeling,Silver,45-54,,M,Email Campaign,Honeymoon
CUST05441,Divya Verma,2024/05/06,kolkata,Platinum,18-24,,F,Organic Search,Business
CUST05442,Amit Menon,03-12-2025,Udaipur,None,55+,,M,Referral,
CUST05443,Vikram Mehta,2024/06/22,Pune,None,,iOS,M,Referral,
CUST05444,Anil Bhat,14-04-2026,Bangalore,None,55+,Android,M,Paid Ads,Honeymoon
CUST05445,Vivek Menon,2024/05/09,Shimla,Gold,55+,,M,Social Media,
CUST05446,Swati Chopra,25-04-2024,Shimla,Silver,25-34,Web,,Email Campaign,Solo
CUST05447,Anita Mehta,26-05-2026,Jodhpur,None,,Android,,Social Media,
CUST05448,Priya Joshi,24-06-2026,Udaipur,GOLD,35-44,,F,Paid Ads,Solo
CUST05449,Neha Singh,2026/01/25,Udaipur,Silver,55+,,F,Email Campaign,Business
CUST05450,Arjun Rao,25-11-2023,Amritsar,Silver,45-54,Web,M,Social Media,Leisure
CUST05451,Priya Verma,05-12-2023,Rishikesh,None,45-54,Web,F,Social Media,
CUST05452,Vivek Bhat,2024/01/18,Pune,None,45-54,,M,Social Media,Honeymoon
CUST05453,Rahul Nair,2024/11/21,Udaipur,None,35-44,,M,Social Media,Solo
CUST05454,Swati Das,04-11-2025,Rishikesh,Platinum,55+,,F,App Install,
CUST05455,Ravi Menon,2026/07/13,Varanasi,silver,55+,,M,Referral,Leisure
CUST05456,Vinay Das,23-10-2024,Shimla,Silver,25-34,Web,,Referral,Family
CUST05457,Karan Patel,25-05-2024,Hyderabad,None,55+,,M,Paid Ads,Family
CUST05458,Shreya Iyer,30-12-2024,Kolkata,Silver,35-44,,F,App Install,Family
CUST05459,Nikhil Joshi,03-10-2023,Goa,None,55+,IOS,M,Paid Ads,
CUST05460,Isha Nair,12-12-2024,Kochi,None,18-24,,F,Email Campaign,Business
CUST05461,Pooja Das,2024/04/14,Kochi,Silver,35-44,,,Referral,Solo
CUST05462,Vikram Mehta,01-09-2026,Pune,Silver,55+,,M,Referral,Family
CUST05463,Divya Kumar,15-10-2023,Goa,Silver,25-34,android,,App Install,Honeymoon
CUST05464,Vivek Nair,07-11-2024,Udaipur,,45-54,,,Referral,Solo
CUST05465,Aditya Bhat,13-08-2024,Mysuru,None,,,M,App Install,Family
CUST05466,Arjun Das,17-10-2023,Rishikesh,Gold,35-44,Web,M,Paid Ads,Leisure
CUST05467,Sunita Rao,02-08-2024,Jaipur,,18-24,,F,Email Campaign,Solo
CUST05468,Sneha Verma,29-09-2025,Darjeeling,None,25-34,,F,Organic Search,
CUST05469,Ritu Banerjee,2025/05/12,Kochi,none,45-54,,F,Social Media,
CUST05470,Pankaj Singh,2025/10/24,Mysuru,None,25-34,IOS,,App Install,
CUST05471,Rajesh Banerjee,26-11-2025,New Delhi,Silver,25-34,Android,M,Email Campaign,Honeymoon
CUST05472,Nisha Nair,05-01-2026,Jaipur,Platinum,55+,Android,F,Referral,Leisure
CUST05473,Deepak Banerjee,12-02-2026,Jodhpur,None,,,M,Email Campaign,Business
CUST05474,Ashish Verma,16-06-2026,Hyderabad,silver,25-34,Web,M,Referral,
CUST05475,Sanjay Bhat,19-08-2025,Manali,Silver,18-24,,M,Email Campaign,Leisure
CUST05476,Rajesh Iyer,25-12-2023,Chennai,Gold,45-54,,M,Paid Ads,
CUST05477,Vinay Joshi,2026/06/05,Chennai,Silver,55+,,M,App Install,Solo
CUST05478,Rajesh Joshi,26-02-2026,Lucknow,None,35-44,,,Social Media,Honeymoon
CUST05479,Aditya Iyer,03-08-2026,Chennai,Platinum,45-54,android,M,Referral,
CUST05480,Anita Gupta,2025/12/20,Udaipur,Platinum,,Web,F,Referral,
CUST05481,Neha Singh,2026/07/06,kolkata,,55+,,F,Paid Ads,Solo
CUST05482,Anil Mehta,2024/08/30,Bengaluru,Platinum,35-44,,M,Referral,Solo
CUST05483,Sneha Joshi,31-12-2025,Rishikesh,Platinum,55+,Android,F,Social Media,Business
CUST05484,Nikhil Chopra,15-02-2024,Jaipur,Silver,,,M,Paid Ads,Business
CUST05485,Neha Banerjee,05-12-2023,Pune,Silver,55+,IOS,,App Install,Honeymoon
CUST05486,Nikhil Singh,24-09-2023,Mumbai,Silver,18-24,,M,Email Campaign,Honeymoon
CUST05487,Sneha Kapoor,20-11-2025,Varanasi,None,18-24,,,Referral,Family
CUST05488,Priya Agarwal,2026/02/25,Jodhpur,None,45-54,,F,Referral,Family
CUST05489,Manoj Joshi,2024/03/27,Jodhpur,None,25-34,android,,Social Media,
CUST05490,Vivek Mehta,2024/04/13,Shimla,None,,,M,Paid Ads,Solo
CUST05491,Ravi Patel,01-12-2025,Agra,Silver,45-54,Android,M,Social Media,Leisure
CUST05492,Gaurav Verma,2025/05/23,Mysuru,Platinum,25-34,android,M,Paid Ads,Family
CUST05493,Sneha Gupta,2025/07/06,Hyderabad,Silver,18-24,,,Social Media,Family
CUST05494,Preeti Banerjee,02-02-2026,Jaipur,None,25-34,,F,Social Media,
CUST05495,Rajesh Menon,04-11-2025,Hyderabad,silver,55+,Android,M,Social Media,
CUST05496,Nikhil Chopra,30-08-2025,Lucknow,GOLD,45-54,Web,,Social Media,
CUST05497,Shalini Menon,2024/05/30,Shimla,None,35-44,,F,Paid Ads,
CUST05498,Neha Kapoor,2026/01/08,Chennai,Silver,18-24,iOS,F,Organic Search,Family
CUST05499,Arjun Mehta,2024/05/12,Kochi,None,18-24,,M,Referral,Solo
CUST05500,Suresh Verma,2024/03/16,Darjeeling,None,,,M,Referral,
CUST05501,Vinay Patel,24-02-2024,MUMBAI,Silver,,IOS,,Paid Ads,Leisure
CUST05502,Sneha Kumar,2025/07/27,Udaipur,Silver,,iOS,F,App Install,Honeymoon
CUST05503,Nisha Das,2024/05/31,Bombay,None,55+,Web,,Paid Ads,Leisure
CUST05504,Deepika Banerjee,2025/07/16,Chennai,Silver,25-34,,F,Email Campaign,Business
CUST05505,Divya Malhotra,28-11-2023,kolkata,,45-54,Android,F,Referral,Family
CUST05506,Sunita Chopra,2025/12/01,New Delhi ,Gold,,android,F,Social Media,Family
CUST05507,Nikhil Kumar,20-10-2025,Hyderabad,None,25-34,,M,App Install,Leisure
CUST05508,Aditya Singh,22-03-2024,Jaipur,Gold,25-34,Web,M,Social Media,
CUST05509,Manoj Agarwal,27-05-2024,Pune,GOLD,35-44,,M,Email Campaign,
CUST05510,Vikram Joshi,23-01-2026,Jodhpur,Gold,,android,M,Organic Search,Leisure
CUST05511,Gaurav Das,01-08-2024,Rishikesh,None,35-44,,M,Organic Search,Business
CUST05512,Deepika Nair,2026/07/27,Darjeeling,None,55+,,,Social Media,Family
CUST05513,Vivek Kapoor,26-07-2024,varanasi,none,18-24,IOS,,Social Media,Family
CUST05514,Ananya Bhat,2026/01/14,Lucknow,None,35-44,IOS,,Referral,Leisure
CUST05515,Ritu Kumar,02-04-2026,Manali,None,,Web,F,Paid Ads,Business
CUST05516,Priya Sharma,2023/12/17,Ahmedabad,Silver,18-24,iOS,F,App Install,Honeymoon
CUST05517,Arjun Patel,2025/05/16,Delhi,none,,,M,Email Campaign,
CUST05518,Rohan Joshi,27-07-2024,bengaluru,None,35-44,,M,Social Media,Solo
CUST05519,Kritika Verma,2026/01/23,Goa,None,45-54,android,F,Email Campaign,Honeymoon
CUST05520,Sunita Banerjee,2025/03/31,Mysuru,silver,25-34,Web,,App Install,Business
CUST05521,Suresh Singh,2024/05/25,Rishikesh,Platinum,,,M,Referral,Business
CUST05522,Rajesh Nair,02-12-2025,varanasi,None,55+,Android,M,Social Media,Leisure
CUST05523,Isha Kapoor,2024/11/28,Delhi,Silver,18-24,,F,Email Campaign,
CUST05524,Nisha Patel,2024/03/20,Darjeeling,None,,android,F,Email Campaign,Family
CUST05525,Swati Banerjee,2024/12/14,Pune,None,18-24,,F,Organic Search,Business
CUST05526,Deepika Agarwal,03-03-2024,Pune,Silver,25-34,,F,Referral,Solo
CUST05527,Ananya Malhotra,03-12-2025,Ahmedabad,Silver,45-54,,F,Organic Search,Honeymoon
CUST05528,Anil Nair,2025/11/01,Manali,Gold,18-24,Web,M,Social Media,
CUST05529,Preeti Mehta,13-03-2024,Jodhpur,,25-34,,F,Email Campaign,Honeymoon
CUST05530,Ananya Joshi,20-04-2026,Amritsar,Silver,18-24,IOS,F,Referral,Family
CUST05531,Pooja Reddy,2024/04/06,Chennai,Silver,35-44,,F,Referral,
CUST05532,Deepak Gupta,2025/02/16,varanasi,Silver,18-24,Web,M,Organic Search,
CUST05533,Vinay Das,25-05-2025,Hyderabad,Silver,35-44,Android,,Organic Search,Business
CUST05534,Deepika Chopra,04-03-2026,Calcutta,None,35-44,,,Paid Ads,Honeymoon
CUST05535,Ravi Bhat,2025/04/20,Ahmedabad,Gold,25-34,,,Referral,
CUST05536,Meera Nair,11-07-2025,Shimla,GOLD,,iOS,F,Paid Ads,Honeymoon
CUST05537,Sanjay Malhotra,02-02-2024,Lucknow,None,45-54,,M,Email Campaign,
CUST05538,Rajesh Banerjee,2025/05/21,Shimla,Platinum,45-54,,M,Organic Search,Honeymoon
CUST05539,Meera Gupta,05-05-2026,Udaipur,None,,,,Organic Search,Family
CUST05540,Priya Kapoor,2023/09/28,Varanasi,None,18-24,Android,F,Paid Ads,Honeymoon
CUST05541,Anil Das,13-09-2025,Darjeeling,None,25-34,Android,M,App Install,
CUST05542,Rohan Kumar,16-10-2023,mumbai,Silver,,iOS,M,App Install,Leisure
CUST05543,Sneha Sharma,2026/06/24,Ahmedabad,None,55+,,F,Paid Ads,Honeymoon
CUST05544,Karan Sharma,20-03-2026,Calcutta,None,35-44,iOS,M,Social Media,Solo
CUST05545,Vinay Kumar,25-01-2024,DELHI,Silver,35-44,,M,App Install,Leisure
CUST05546,Isha Malhotra,17-05-2024,Lucknow,Gold,35-44,,F,Email Campaign,
CUST05547,Ananya Bhat,10-01-2026,Jodhpur,Silver,55+,IOS,F,Email Campaign,
CUST05548,Divya Menon,2025/06/05,Pune,Silver,35-44,,,App Install,Solo
CUST05549,Kavita Reddy,2024/10/04,Pune,None,18-24,,,Email Campaign,Family
CUST05550,Deepak Das,2025/07/17,Pune,None,,,M,Referral,Solo
CUST05551,Ashish Agarwal,2026/02/09,bengaluru,Silver,35-44,,M,Paid Ads,Honeymoon
CUST05552,Sneha Sharma,2026/02/15,Hyderabad,Gold,35-44,,F,Organic Search,Honeymoon
CUST05553,Ravi Malhotra,05-12-2023,Pune,silver,35-44,,M,Organic Search,Family
CUST05554,Rajesh Nair,29-04-2024,Kochi,None,25-34,,M,App Install,
CUST05555,Sneha Singh,2025/05/18,Hyderabad,GOLD,35-44,,F,Referral,Leisure
CUST05556,Priya Das,2025/02/22,Darjeeling,None,25-34,,,Referral,Family
CUST05557,Preeti Kumar,2025/09/11,Jaipur,Silver,55+,android,F,Social Media,Solo
CUST05558,Rajesh Agarwal,26-07-2026,Hyderabad,None,55+,,M,Paid Ads,Business
CUST05559,Amit Kapoor,2023/10/25,Bengaluru ,Silver,45-54,,M,Organic Search,Leisure
CUST05560,Anita Gupta,2025/08/15,Goa,Gold,35-44,,F,Referral,Business
CUST05561,Anjali Malhotra,2025/03/17,Ahmedabad,Silver,,,F,Referral,Honeymoon
CUST05562,Gaurav Banerjee,2026/03/11,Bengaluru ,Silver,,,,Email Campaign,Business
CUST05563,Divya Singh,2023/10/25,kolkata,none,35-44,,F,Organic Search,
CUST05564,Vikram Menon,30-01-2025,Amritsar,Gold,18-24,,M,Email Campaign,Business
CUST05565,Aditya Verma,2024/09/02,Jaipur,Silver,55+,,M,Referral,Solo
CUST05566,Swati Reddy,2025/06/16,New Delhi,None,35-44,,F,Paid Ads,Solo
CUST05567,Kritika Kapoor,28-05-2025,Amritsar,Silver,18-24,android,F,Paid Ads,Leisure
CUST05568,Rahul Gupta,03-08-2024,Chennai,Silver,55+,,,Paid Ads,Family
CUST05569,Sanjay Chopra,2026/08/11,DELHI,None,25-34,IOS,,Organic Search,
CUST05570,Anita Agarwal,14-08-2026,Udaipur,None,55+,,F,App Install,Leisure
CUST05571,Rajesh Joshi,2025/04/02,Chennai,silver,35-44,,M,Referral,Honeymoon
CUST05572,Meera Menon,23-07-2025,Ahmedabad,Silver,25-34,Android,F,App Install,Family
CUST05573,Manoj Kapoor,2024/04/04,Jodhpur,Silver,55+,Android,,Referral,
CUST05574,Sanjay Reddy,04-03-2024,Agra,None,,,M,Paid Ads,Family
CUST05575,Manoj Joshi,26-09-2024,Amritsar,silver,25-34,,M,App Install,Leisure
CUST05576,Preeti Bhat,21-01-2025,Manali,Gold,18-24,,,Social Media,Business
CUST05577,Sunita Mehta,22-08-2026,Mysuru,silver,35-44,,F,Email Campaign,
CUST05578,Suresh Malhotra,2023/12/18,Pune,Silver,18-24,Android,,App Install,Honeymoon
CUST05579,Pooja Joshi,2024/09/09,Goa,Platinum,,,F,Paid Ads,
CUST05580,Vikram Agarwal,23-04-2024,Ahmedabad,Silver,55+,iOS,M,Email Campaign,
CUST05581,Deepika Banerjee,2026/05/08,Pune,None,,iOS,F,App Install,Business
CUST05582,Nisha Patel,2026/08/31,Chennai,Platinum,,Android,,App Install,
CUST05583,Preeti Malhotra,11-07-2025,Jaipur,Silver,45-54,iOS,,App Install,
CUST05584,Neha Rao,17-02-2026,Shimla,GOLD,45-54,,F,Paid Ads,Business
CUST05585,Nisha Rao,25-11-2023,Pune,None,,iOS,F,Email Campaign,Honeymoon
CUST05586,Pooja Menon,2025/06/17,Mysuru,none,55+,Android,F,Referral,Leisure
CUST05587,Meera Bhat,2024/05/25,Agra,None,45-54,,F,Organic Search,Leisure
CUST05588,Meera Reddy,2025/10/15,Mysuru,Silver,18-24,,,Referral,Family
CUST05589,Nikhil Reddy,2026/01/31,Goa,Silver,25-34,Android,M,Paid Ads,
CUST05590,Rohan Malhotra,12-02-2025,Hyderabad,,25-34,,M,Social Media,
CUST05591,Neha Kapoor,11-12-2025,Jodhpur,Gold,25-34,iOS,,Referral,Business
CUST05592,Vinay Joshi,28-06-2025,Benaras,None,45-54,android,M,Referral,Leisure
CUST05593,Nisha Kapoor,2026/02/04,Amritsar,Silver,35-44,IOS,F,Social Media,Honeymoon
CUST05594,Neha Chopra,2023/12/07,Bengaluru,None,35-44,,F,Social Media,Honeymoon
CUST05595,Anita Bhat,10-11-2025,Jaipur,None,25-34,Android,F,Organic Search,
CUST05596,Anil Joshi,2025/05/17,Agra,silver,18-24,iOS,M,Social Media,Business
CUST05597,Kavita Rao,19-07-2024,Darjeeling,silver,,,F,App Install,Honeymoon
CUST05598,Ritu Rao,2026/03/07,Amritsar,Silver,45-54,,F,Referral,
CUST05599,Nisha Rao,30-12-2025,Amritsar,,35-44,,F,Email Campaign,Leisure
CUST05600,Deepak Kumar,2026/04/12,Mysuru,Gold,,android,M,Email Campaign,
CUST05601,Aditya Das,16-08-2026,Amritsar,Gold,18-24,IOS,M,App Install,Leisure
CUST05602,Rohan Kumar,17-02-2024,mumbai,None,55+,android,,Referral,
CUST05603,Suresh Mehta,2024/05/14,Lucknow,None,35-44,Web,M,Social Media,
CUST05604,Sunita Mehta,2026/05/03,Jaipur,Platinum,35-44,,,Email Campaign,
CUST05605,Sanjay Kumar,2024/05/08,Mumbai,None,35-44,,M,Paid Ads,Solo
CUST05606,Deepak Malhotra,2024/07/08,Darjeeling,None,18-24,,,Paid Ads,Family
CUST05607,Karan Chopra,24-11-2023,Agra,Gold,25-34,,M,Social Media,Solo
CUST05608,Pankaj Patel,01-07-2025,Lucknow,Gold,18-24,,,App Install,Honeymoon
CUST05609,Anjali Rao,2026/04/08,Agra,Silver,35-44,,F,Paid Ads,
CUST05610,Shalini Kapoor,2026/04/20,Ahmedabad,None,18-24,,F,Email Campaign,
CUST05611,Meera Bhat,2023/11/16,Calcutta,Gold,,,F,Email Campaign,Business
CUST05612,Anjali Gupta,2025/03/26,DELHI,GOLD,35-44,iOS,F,Paid Ads,Leisure
CUST05613,Kritika Gupta,16-12-2023,Lucknow,None,45-54,,F,Organic Search,
CUST05614,Ravi Nair,2025/09/30,Manali,silver,,iOS,M,Referral,
CUST05615,Anjali Iyer,17-01-2024,Bangalore,,25-34,IOS,F,Organic Search,
CUST05616,Suresh Menon,2025/03/17,Amritsar,Gold,45-54,,M,Referral,Family
CUST05617,Anil Bhat,2024/04/10,Bangalore,Gold,18-24,,M,Referral,Family
CUST05618,Nikhil Reddy,27-03-2025,Mysuru,None,55+,,,Organic Search,
CUST05619,Shalini Agarwal,21-08-2026,Mumbai,silver,35-44,Android,F,Email Campaign,Family
CUST05620,Vikram Sharma,2024/01/15,Lucknow,Gold,,,M,Paid Ads,
CUST05621,Sunita Banerjee,08-04-2024,Darjeeling,None,25-34,android,F,Organic Search,Business
CUST05622,Divya Kapoor,26-08-2024,Hyderabad,Gold,35-44,Web,F,Social Media,Leisure
CUST05623,Sanjay Nair,26-05-2025,Manali,Platinum,,,M,Organic Search,
CUST05624,Deepika Patel,2023/11/30,Calcutta,None,18-24,,F,Email Campaign,
CUST05625,Preeti Kapoor,2026/01/30,Bangalore,Gold,18-24,Web,F,Social Media,Leisure
CUST05626,Pooja Kumar,10-04-2024,Manali,Gold,18-24,,F,Social Media,
CUST05627,Pooja Verma,07-03-2025,Mumbai,None,25-34,Web,F,Email Campaign,Business
CUST05628,Vinay Sharma,2024/06/28,Agra,None,25-34,,M,Referral,Leisure
CUST05629,Deepika Chopra,02-03-2025,Kochi,NA,18-24,,F,Social Media,Honeymoon
CUST05630,Vikram Malhotra,02-01-2025,mumbai,Silver,35-44,,,Email Campaign,
CUST05631,Ananya Sharma,15-08-2024,Lucknow,Gold,35-44,Android,,Organic Search,Leisure
CUST05632,Rajesh Joshi,2023/10/31,Manali,None,25-34,,M,Organic Search,Solo
CUST05633,Preeti Reddy,03-01-2024,Amritsar,Gold,35-44,IOS,F,Email Campaign,Leisure
CUST05634,Ravi Mehta,2025/04/15,Bombay,Silver,18-24,Web,M,Social Media,Honeymoon
CUST05635,Rohan Agarwal,2025/08/02,Ahmedabad,Gold,55+,,M,App Install,
CUST05636,Anil Kumar,12-07-2025,Manali,None,,IOS,M,Social Media,Family
CUST05637,Ravi Menon,2024/11/20,Lucknow,None,55+,iOS,M,Email Campaign,
CUST05638,Vivek Gupta,24-01-2025,Darjeeling,Gold,,Android,M,App Install,
CUST05639,Anjali Kumar,02-01-2026,Agra,Platinum,18-24,,F,Referral,
CUST05640,Sneha Verma,2023/11/29,Goa,Gold,55+,,F,Paid Ads,
CUST05641,Deepika Patel,2026/06/29,kolkata,GOLD,45-54,,F,Organic Search,
CUST05642,Ritu Malhotra,27-04-2024,Mysuru,None,55+,Android,F,Email Campaign,Family
CUST05643,Vikram Reddy,2026/05/07,Chennai,Silver,35-44,,M,Email Campaign,Family
CUST05644,Amit Mehta,05-09-2025,Shimla,None,18-24,iOS,M,Email Campaign,
CUST05645,Deepika Malhotra,26-08-2026,Udaipur,GOLD,35-44,,F,Referral,Honeymoon
CUST05646,Sanjay Patel,08-04-2026,Mysuru,none,55+,,,Paid Ads,Business
CUST05647,Ashish Chopra,03-10-2024,Bombay,None,55+,,M,Paid Ads,Honeymoon
CUST05648,Anil Patel,20-04-2025,Amritsar,Silver,,Web,M,Referral,
CUST05649,Nikhil Bhat,2026/04/13,Hyderabad,None,35-44,Android,,Organic Search,Honeymoon
CUST05650,Anjali Reddy,04-04-2024,Amritsar,None,,,F,App Install,Honeymoon
CUST05651,Rajesh Kapoor,2026/08/23,Jodhpur,Silver,25-34,,M,Organic Search,Honeymoon
CUST05652,Anjali Banerjee,2024/06/23,Rishikesh,None,25-34,,F,Social Media,Family
CUST05653,Anjali Patel,18-01-2025,Rishikesh,none,45-54,Android,F,Email Campaign,
CUST05654,Shreya Singh,23-10-2023,MUMBAI,None,35-44,,,Social Media,
CUST05655,Anita Joshi,2025/07/07,Pune,None,25-34,Android,F,Referral,Business
CUST05656,Anita Malhotra,13-05-2024,Lucknow,Silver,35-44,,F,Referral,
CUST05657,Rajesh Menon,2025/07/26,varanasi,None,,IOS,M,Email Campaign,
CUST05658,Shalini Singh,2024/02/28,Udaipur,Platinum,55+,,,Organic Search,Business
CUST05659,Ritu Das,2026/08/08,Hyderabad,,55+,android,F,App Install,Honeymoon
CUST05660,Nikhil Mehta,08-08-2026,Pune,Silver,,,M,Paid Ads,Family
CUST05661,Rajesh Chopra,19-09-2023,Varanasi,None,18-24,iOS,,Referral,
CUST05662,Deepika Reddy,2024/03/10,Kochi,Platinum,18-24,iOS,F,Social Media,Solo
CUST05663,Sneha Menon,2024/04/09,Hyderabad,None,45-54,,F,Social Media,Honeymoon
CUST05664,Vivek Kapoor,2025/05/18,Rishikesh,Silver,35-44,,M,Social Media,
CUST05665,Kritika Menon,02-09-2026,Jodhpur,Platinum,,IOS,,Referral,Family
CUST05666,Manoj Chopra,14-09-2025,Jodhpur,None,25-34,Android,M,Referral,
CUST05667,Divya Patel,21-11-2024,Goa,Gold,45-54,IOS,F,Referral,
CUST05668,Vinay Das,2025/06/12,New Delhi,NA,35-44,,,Paid Ads,Family
CUST05669,Anjali Bhat,2025/03/30,Mysuru,Gold,55+,IOS,,Referral,
CUST05670,Nikhil Kumar,2026/03/18,Chennai,Gold,25-34,,,Organic Search,Family
CUST05671,Shreya Nair,2026/04/12,Shimla,None,55+,Web,F,Social Media,Honeymoon
CUST05672,Rohan Mehta,2026/09/07,Darjeeling,Gold,18-24,,M,App Install,Honeymoon
CUST05673,Vikram Nair,2025/05/14,Chennai,None,18-24,,,Referral,
CUST05674,Kavita Agarwal,01-03-2025,Amritsar,Silver,35-44,,,Social Media,Solo
CUST05675,Karan Malhotra,02-04-2025,Bangalore,None,25-34,,M,App Install,Family
CUST05676,Vinay Nair,2026/09/14,Kolkata,Platinum,25-34,,,Paid Ads,
CUST05677,Kavita Menon,2024/08/09,Lucknow,Platinum,25-34,,F,Paid Ads,Family
CUST05678,Manoj Iyer,2026/03/03,Jaipur,Silver,55+,,M,Organic Search,Leisure
CUST05679,Pooja Rao,31-08-2024,Goa,None,35-44,,F,Organic Search,
CUST05680,Shalini Banerjee,2026/05/08,Hyderabad,silver,55+,,F,Email Campaign,Family
CUST05681,Kritika Sharma,08-10-2023,Ahmedabad,none,55+,,,Paid Ads,
CUST05682,Kavita Rao,2024/02/22,Mysuru,,,,F,App Install,
CUST05683,Suresh Banerjee,2025/03/16,Bengaluru,GOLD,25-34,android,M,Organic Search,Honeymoon
CUST05684,Vinay Banerjee,08-11-2024,kolkata,None,,,M,Paid Ads,Solo
CUST05685,Meera Patel,2025/11/15,Kochi,platinum,18-24,Android,F,Social Media,
CUST05686,Rohan Iyer,2024/06/05,Bengaluru,Gold,45-54,IOS,M,Referral,
CUST05687,Anil Nair,23-05-2026,Udaipur,Platinum,45-54,,M,App Install,
CUST05688,Ashish Nair,2024/02/23,Ahmedabad,None,,,M,Email Campaign,Family
CUST05689,Arjun Kumar,06-09-2025,Ahmedabad,Silver,18-24,,M,Paid Ads,Business
CUST05690,Sunita Rao,2025/01/25,Goa,None,35-44,IOS,F,Email Campaign,
CUST05691,Isha Das,14-01-2024,Mysuru,Silver,55+,,F,Paid Ads,Business
CUST05692,Sunita Malhotra,2026/04/23,Delhi,silver,35-44,,F,Paid Ads,
CUST05693,Rohan Bhat,2026/05/28,Shimla,Gold,45-54,iOS,M,Paid Ads,Honeymoon
CUST05694,Vikram Singh,05-10-2024,Chennai,None,25-34,android,M,Organic Search,Business
CUST05695,Vivek Kumar,21-06-2025,Chennai,None,55+,,M,Paid Ads,
CUST05696,Kritika Kumar,11-10-2023,DELHI,None,55+,,,Paid Ads,Family
CUST05697,Anita Chopra,2024/03/30,Shimla,Gold,18-24,,F,Social Media,
CUST05698,Vikram Mehta,2026/05/09,Agra,Platinum,45-54,,M,Social Media,
CUST05699,Ravi Bhat,26-03-2026,Ahmedabad,Silver,35-44,IOS,M,Paid Ads,
CUST05700,Ananya Mehta,2024/09/24,Lucknow,silver,55+,,F,Paid Ads,Family
CUST05701,Neha Banerjee,2025/05/11,kolkata,Silver,45-54,android,F,Referral,
CUST05702,Gaurav Patel,13-05-2026,Chennai,none,55+,IOS,M,Organic Search,Family
CUST05703,Manoj Joshi,2025/02/11,Mumbai,Gold,55+,Android,M,App Install,Solo
CUST05704,Ashish Banerjee,2023/09/22,Chennai,GOLD,45-54,Android,M,Paid Ads,Family
CUST05705,Sunita Bhat,29-06-2025,Agra,Platinum,18-24,Android,F,Organic Search,Honeymoon
CUST05706,Isha Verma,2025/01/27,Mysuru,None,,android,F,App Install,Family
CUST05707,Vivek Joshi,2025/11/22,Agra,GOLD,,,M,Organic Search,Business
CUST05708,Priya Joshi,2024/09/10,Chennai,Silver,45-54,,F,Referral,
CUST05709,Vikram Kapoor,2025/04/30,Jaipur,Silver,35-44,,M,App Install,Business
CUST05710,Vinay Menon,2024/02/21,Varanasi,None,55+,iOS,M,App Install,
CUST05711,Meera Rao,26-08-2025,Udaipur,None,45-54,IOS,F,App Install,
CUST05712,Nikhil Menon,27-03-2026,Calcutta,None,,,,App Install,Solo
CUST05713,Sneha Verma,28-06-2025,Shimla,Silver,35-44,,F,Social Media,Business
CUST05714,Sunita Agarwal,01-03-2025,Darjeeling,Silver,35-44,,,Social Media,
CUST05715,Shalini Chopra,2025/01/25,Darjeeling,NA,55+,Web,F,Paid Ads,
CUST05716,Nisha Joshi,31-10-2025,Manali,None,35-44,,,Referral,Solo
CUST05717,Pankaj Mehta,2023/09/28,delhi,Silver,25-34,Android,M,Email Campaign,Leisure
CUST05718,Rajesh Banerjee,2026/06/21,Goa,None,25-34,,M,Paid Ads,
CUST05719,Deepika Kapoor,05-04-2024,Amritsar,Silver,18-24,,F,Email Campaign,
CUST05720,Gaurav Malhotra,05-05-2024,Kochi,platinum,35-44,,M,Organic Search,Honeymoon
CUST05721,Shreya Gupta,2024/04/16,Varanasi,None,45-54,,F,Social Media,Honeymoon
CUST05722,Amit Iyer,2024/11/14,Pune,Platinum,25-34,iOS,M,Referral,Honeymoon
CUST05723,Isha Kumar,21-07-2024,Jaipur,None,25-34,Android,F,App Install,Family
CUST05724,Priya Kapoor,2025/03/16,Jaipur,Platinum,45-54,Android,F,App Install,Leisure
CUST05725,Gaurav Bhat,2024/09/02,Darjeeling,,45-54,IOS,,Organic Search,
CUST05726,Nisha Joshi,05-07-2026,Bombay,None,55+,iOS,F,Email Campaign,
CUST05727,Meera Menon,08-11-2024,Mysuru,None,55+,,F,Email Campaign,
CUST05728,Nisha Verma,2024/01/03,varanasi,silver,35-44,iOS,F,App Install,
CUST05729,Priya Nair,18-10-2023,mumbai,Silver,25-34,IOS,F,Organic Search,Solo
CUST05730,Amit Iyer,30-11-2023,Agra,None,35-44,,,Organic Search,Honeymoon
CUST05731,Nisha Malhotra,2026/01/19,Udaipur,silver,18-24,IOS,F,Email Campaign,Solo
CUST05732,Divya Kapoor,2025/04/02,Kochi,None,25-34,,,Social Media,
CUST05733,Anjali Das,24-12-2025,Jodhpur,None,45-54,,,App Install,Solo
CUST05734,Sanjay Chopra,2026/09/14,Ahmedabad,Silver,55+,,M,Email Campaign,
CUST05735,Neha Nair,2026/09/08,Amritsar,None,,iOS,F,Organic Search,Honeymoon
CUST05736,Meera Nair,05-12-2024,Udaipur,Platinum,,,,Referral,Solo
CUST05737,Karan Mehta,04-03-2026,Hyderabad,Silver,,,M,Referral,Business
CUST05738,Anita Mehta,29-03-2025,Jodhpur,Gold,25-34,,,Organic Search,
CUST05739,Manoj Das,2024/12/29,Shimla,None,55+,IOS,M,Paid Ads,Honeymoon
CUST05740,Isha Singh,2025/09/29,Agra,Silver,18-24,IOS,F,Social Media,
CUST05741,Neha Singh,24-02-2026,delhi,None,,Android,F,Paid Ads,Solo
CUST05742,Rohan Das,2026/04/07,Pune,Platinum,45-54,IOS,M,Referral,
CUST05743,Sanjay Malhotra,2024/11/17,Kochi,Silver,55+,android,M,Referral,Solo
CUST05744,Rohan Banerjee,10-01-2025,Shimla,Platinum,35-44,iOS,,Social Media,Solo
CUST05745,Ritu Mehta,03-06-2026,delhi,Silver,45-54,IOS,F,Organic Search,
CUST05746,Preeti Iyer,2024/10/25,Agra,Silver,45-54,iOS,F,Organic Search,Business
CUST05747,Ritu Kapoor,2024/04/10,Goa,None,45-54,IOS,,Email Campaign,Family
CUST05748,Isha Mehta,2025/10/08,Agra,None,18-24,,F,App Install,
CUST05749,Deepak Kumar,27-07-2026,Rishikesh,None,18-24,iOS,M,Social Media,
CUST05750,Anil Gupta,01-09-2024,Hyderabad,Silver,25-34,Android,M,Paid Ads,Solo
CUST05751,Ananya Iyer,07-12-2025,DELHI,None,35-44,,F,Email Campaign,
CUST05752,Gaurav Gupta,16-04-2024,Mysuru,None,55+,,M,App Install,Honeymoon
CUST05753,Suresh Kumar,10-01-2025,Pune,,,Web,M,App Install,Leisure
CUST05754,Aditya Nair,2024/03/27,Calcutta,silver,45-54,,M,App Install,Business
CUST05755,Ananya Nair,29-08-2024,Chennai,None,45-54,,F,Paid Ads,
CUST05756,Pooja Reddy,24-10-2023,Goa,silver,35-44,iOS,,Referral,Family
CUST05757,Ashish Joshi,17-05-2025,Hyderabad,GOLD,18-24,,M,Paid Ads,Family
CUST05758,Arjun Malhotra,2025/03/23,kolkata,Gold,25-34,,M,Paid Ads,Solo
CUST05759,Pankaj Chopra,2026/01/10,New Delhi,Platinum,45-54,,M,Social Media,Business
CUST05760,Pankaj Mehta,2025/12/28,Chennai,None,45-54,,M,Paid Ads,Family
CUST05761,Aditya Malhotra,2025/05/28,Amritsar,Platinum,18-24,,M,Email Campaign,
CUST05762,Manoj Singh,29-12-2023,Shimla,Silver,35-44,,,Email Campaign,Solo
CUST05763,Isha Nair,20-01-2025,Kochi,silver,,,F,App Install,Leisure
CUST05764,Meera Patel,2025/06/29,bengaluru,GOLD,25-34,,F,Paid Ads,Solo
CUST05765,Divya Agarwal,2024/12/22,Kolkata,Platinum,18-24,iOS,F,Organic Search,Family
CUST05766,Neha Mehta,24-08-2026,Kochi,Silver,18-24,android,,Paid Ads,
CUST05767,Shalini Joshi,2024/02/26,DELHI,None,,iOS,F,Organic Search,Leisure
CUST05768,Sanjay Sharma,2025/02/03,Ahmedabad,Silver,45-54,android,M,Organic Search,Honeymoon
CUST05769,Arjun Singh,2024/04/12,kolkata,None,55+,,,Social Media,Solo
CUST05770,Deepika Bhat,21-03-2025,Kochi,Silver,18-24,IOS,,Organic Search,Solo
CUST05771,Suresh Nair,06-04-2025,Pune,Gold,25-34,,M,Email Campaign,Honeymoon
CUST05772,Vinay Sharma,16-11-2025,Mysuru,silver,45-54,Android,M,Organic Search,
CUST05773,Amit Banerjee,18-04-2025,Udaipur,None,25-34,,M,Referral,Honeymoon
CUST05774,Priya Gupta,2026/04/18,Jodhpur,Gold,,,F,App Install,Honeymoon
CUST05775,Anita Mehta,2025/03/20,Mysuru,Silver,18-24,IOS,,Paid Ads,Family
CUST05776,Gaurav Nair,2025/06/10,Jaipur,Silver,18-24,,M,Referral,
CUST05777,Pankaj Nair,08-10-2023,Lucknow,Silver,,,M,Social Media,Honeymoon
CUST05778,Ananya Gupta,2024/09/08,Kochi,Gold,35-44,,F,Email Campaign,Business
CUST05779,Anil Bhat,29-05-2024,Shimla,,55+,,M,Paid Ads,
CUST05780,Gaurav Rao,2026/01/25,Agra,Gold,45-54,,M,Referral,
CUST05781,Ritu Rao,02-03-2026,mumbai,Platinum,18-24,,F,App Install,
CUST05782,Vinay Reddy,2025/05/23,New Delhi ,Platinum,18-24,android,M,Paid Ads,Business
CUST05783,Sanjay Sharma,28-06-2025,Hyderabad,Platinum,35-44,,M,Email Campaign,Honeymoon
CUST05784,Karan Rao,2026/02/28,bengaluru,Gold,35-44,Android,M,Social Media,Solo
CUST05785,Kavita Patel,05-02-2026,Shimla,None,35-44,Web,,Social Media,
CUST05786,Ravi Chopra,2025/03/27,Shimla,GOLD,55+,,,Social Media,Honeymoon
CUST05787,Kavita Verma,2025/01/15,Darjeeling,None,25-34,,F,Paid Ads,
CUST05788,Sanjay Joshi,10-02-2024,Ahmedabad,Silver,25-34,,,Email Campaign,
CUST05789,Nisha Banerjee,2025/03/25,Mysuru,Gold,25-34,IOS,F,Email Campaign,Leisure
CUST05790,Divya Rao,22-03-2024,Amritsar,Silver,,,,Social Media,Leisure
CUST05791,Pankaj Agarwal,14-07-2026,Chennai,None,35-44,,M,Paid Ads,Honeymoon
CUST05792,Ashish Singh,06-02-2025,Chennai,None,45-54,Web,M,Email Campaign,
CUST05793,Anjali Menon,2024/12/10,Pune,Platinum,18-24,,,App Install,
CUST05794,Pooja Kapoor,04-03-2024,Ahmedabad,Silver,35-44,iOS,,Organic Search,Honeymoon
CUST05795,Pooja Gupta,2024/10/11,kolkata,Silver,18-24,,F,Paid Ads,Business
CUST05796,Anita Singh,02-05-2025,Chennai,Silver,35-44,iOS,F,Paid Ads,
CUST05797,Rahul Chopra,2023/10/27,Udaipur,Silver,55+,,,App Install,
CUST05798,Shalini Nair,13-12-2024,New Delhi,Platinum,18-24,Web,,Social Media,
CUST05799,Anil Singh,2025/01/13,Manali,Gold,,,,Referral,
CUST05800,Deepak Agarwal,06-12-2023,Bangalore,silver,25-34,,M,App Install,Honeymoon
CUST05801,Ananya Kapoor,2025/06/29,Amritsar,GOLD,45-54,android,F,Social Media,
CUST05802,Manoj Banerjee,26-07-2026,Kochi,None,18-24,,M,Paid Ads,Family
CUST05803,Rohan Bhat,2025/01/04,Mysuru,None,18-24,android,,Paid Ads,Family
CUST05804,Neha Banerjee,22-02-2025,Amritsar,None,55+,android,F,Paid Ads,Solo
CUST05805,Aditya Iyer,2024/10/05,Pune,GOLD,45-54,,,Organic Search,Leisure
CUST05806,Manoj Patel,11-08-2025,Kochi,Gold,45-54,IOS,,Organic Search,
CUST05807,Suresh Patel,2026/04/04,Hyderabad,Gold,,,M,Email Campaign,Leisure
CUST05808,Divya Kumar,2024/06/22,Goa,Silver,45-54,,F,Referral,
CUST05809,Rajesh Chopra,23-11-2025,Darjeeling,Silver,18-24,android,M,Paid Ads,Solo
CUST05810,Vikram Menon,15-08-2026,Amritsar,None,55+,,M,Paid Ads,
CUST05811,Pankaj Agarwal,2026/07/31,kolkata,None,45-54,android,M,Referral,
CUST05812,Divya Joshi,2024/12/23,Agra,GOLD,35-44,Web,F,Email Campaign,Honeymoon
CUST05813,Vikram Nair,2025/01/01,Bangalore,Platinum,18-24,Android,M,Paid Ads,
CUST05814,Vinay Reddy,2023/10/18,Goa,Platinum,45-54,,M,Referral,Honeymoon
CUST05815,Deepika Agarwal,18-11-2025,Jodhpur,Silver,35-44,android,F,App Install,Solo
CUST05816,Pankaj Mehta,2026/02/19,Jaipur,Platinum,,,M,Email Campaign,
CUST05817,Nikhil Kumar,2024/01/23,Amritsar,Silver,,,M,Referral,Solo
CUST05818,Deepak Kumar,08-05-2024,Lucknow,GOLD,35-44,,M,Referral,Business
CUST05819,Amit Kumar,04-03-2025,Bengaluru ,Silver,45-54,,M,Referral,
CUST05820,Suresh Gupta,2026/02/25,Ahmedabad,Gold,25-34,,,Email Campaign,
CUST05821,Arjun Sharma,2025/02/17,Amritsar,Platinum,,,M,Paid Ads,Business
CUST05822,Ananya Chopra,2025/07/24,Mysuru,NA,18-24,,F,App Install,Honeymoon
CUST05823,Shreya Patel,2023/11/30,Jodhpur,NA,35-44,,,Referral,Honeymoon
CUST05824,Rahul Kumar,2025/07/19,bengaluru,Silver,55+,,M,Referral,Leisure
CUST05825,Meera Kumar,2026/04/27,Manali,None,,,F,Referral,
CUST05826,Ritu Kapoor,2026/04/14,Shimla,None,18-24,,F,Referral,Business
CUST05827,Ravi Nair,04-06-2025,Pune,None,45-54,Web,M,Organic Search,Honeymoon
CUST05828,Anil Verma,2026/07/29,Rishikesh,Silver,35-44,,M,Paid Ads,Family
CUST05829,Deepika Agarwal,09-08-2026,Hyderabad,Silver,25-34,iOS,F,Referral,
CUST05830,Vinay Nair,2025/02/12,Jaipur,None,25-34,,,Social Media,Solo
CUST05831,Anjali Kumar,01-03-2025,Ahmedabad,None,,Web,F,Social Media,
CUST05832,Ananya Patel,2026/06/21,Pune,Gold,55+,android,,Social Media,Family
CUST05833,Swati Bhat,2024/11/20,Amritsar,None,18-24,,F,Email Campaign,
CUST05834,Swati Sharma,2026/06/16,New Delhi ,Gold,25-34,,,Referral,
CUST05835,Ashish Reddy,05-10-2024,Darjeeling,Gold,35-44,,M,Email Campaign,Business
CUST05836,Anil Verma,16-09-2026,Mysuru,silver,45-54,,,Email Campaign,
CUST05837,Kritika Kapoor,28-08-2026,Chennai,Platinum,25-34,android,F,Email Campaign,Solo
CUST05838,Priya Reddy,12-08-2026,Udaipur,Silver,45-54,android,F,Organic Search,Solo
CUST05839,Anil Mehta,2024/12/24,delhi,,55+,,M,Referral,Solo
CUST05840,Rahul Sharma,12-11-2025,Delhi,GOLD,35-44,,M,Paid Ads,
CUST05841,Suresh Joshi,2024/07/18,Mysuru,Silver,25-34,,M,Paid Ads,
CUST05842,Shreya Banerjee,2025/03/08,Amritsar,None,,,F,Paid Ads,Solo
CUST05843,Shreya Singh,04-12-2024,Mysuru,Silver,18-24,,,App Install,Family
CUST05844,Anita Reddy,21-11-2024,Lucknow,silver,,IOS,F,Social Media,Honeymoon
CUST05845,Shalini Rao,2025/06/06,Agra,None,25-34,,,Email Campaign,Honeymoon
CUST05846,Deepak Reddy,26-08-2026,MUMBAI,Gold,55+,android,,App Install,Family
CUST05847,Pankaj Iyer,01-07-2024,Benaras,Platinum,45-54,,M,Paid Ads,Business
CUST05848,Ravi Bhat,2026/08/01,Amritsar,Platinum,35-44,Android,M,App Install,Family
CUST05849,Vivek Kapoor,26-03-2024,Varanasi,None,18-24,iOS,,Email Campaign,Leisure
CUST05850,Nisha Das,2025/08/31,kolkata,None,45-54,,,Social Media,Honeymoon
CUST05851,Ritu Rao,04-01-2025,Agra,Silver,55+,,F,Referral,Leisure
CUST05852,Suresh Singh,2025/08/11,Rishikesh,None,35-44,IOS,M,Paid Ads,
CUST05853,Ananya Gupta,08-07-2024,Goa,Gold,,,F,Email Campaign,
CUST05854,Vivek Chopra,14-09-2025,Chennai,NA,45-54,,M,Paid Ads,Leisure
CUST05855,Anil Gupta,05-11-2025,Mysuru,Platinum,35-44,Android,M,Organic Search,Leisure
CUST05856,Pooja Banerjee,2025/01/20,Bangalore,None,45-54,,F,Social Media,Solo
CUST05857,Vinay Singh,21-05-2025,Kochi,Silver,35-44,Web,,Referral,Business
CUST05858,Shreya Gupta,2023/10/19,Bangalore,None,55+,android,F,Paid Ads,Leisure
CUST05859,Shreya Joshi,12-08-2024,Hyderabad,none,35-44,iOS,F,Referral,
CUST05860,Isha Chopra,18-12-2023,Mysuru,None,,,F,Email Campaign,
CUST05861,Priya Kapoor,11-10-2025,Jaipur,NA,45-54,IOS,F,Organic Search,Honeymoon
CUST05862,Ashish Bhat,2024/11/14,Hyderabad,None,25-34,Android,M,Paid Ads,Business
CUST05863,Ritu Das,2023/12/03,Bangalore,None,,android,F,Referral,Leisure
CUST05864,Pankaj Mehta,30-12-2024,Mysuru,None,35-44,,M,Email Campaign,Solo
CUST05865,Gaurav Patel,2025/01/22,Chennai,,25-34,iOS,M,Organic Search,Honeymoon
CUST05866,Meera Chopra,2024/12/11,Kochi,None,25-34,Android,,Paid Ads,Business
CUST05867,Preeti Verma,15-06-2025,Amritsar,None,,,F,Organic Search,
CUST05868,Ravi Sharma,15-08-2025,Shimla,Gold,18-24,,M,Email Campaign,
CUST05869,Vikram Reddy,2025/02/19,varanasi,none,25-34,,M,Organic Search,
CUST05870,Shreya Agarwal,2024/01/10,Kochi,None,35-44,iOS,F,Referral,
CUST05871,Pooja Rao,2024/01/15,kolkata,Platinum,55+,,F,Organic Search,Honeymoon
CUST05872,Nikhil Verma,01-04-2026,Manali,GOLD,45-54,Android,M,App Install,Leisure
CUST05873,Priya Agarwal,2026/04/02,kolkata,None,,iOS,F,Organic Search,Solo
CUST05874,Rohan Kumar,16-12-2024,Udaipur,Gold,35-44,,,Paid Ads,
CUST05875,Gaurav Kumar,2025/12/23,Mysuru,None,35-44,,M,App Install,Honeymoon
CUST05876,Anjali Iyer,2024/08/01,Udaipur,None,55+,,F,App Install,Family
CUST05877,Arjun Malhotra,2023/12/10,Udaipur,Silver,35-44,,,Referral,Family
CUST05878,Amit Chopra,2024/06/28,delhi,Platinum,35-44,IOS,M,App Install,Honeymoon
CUST05879,Sanjay Nair,06-02-2026,Hyderabad,None,,android,M,Paid Ads,
CUST05880,Vikram Iyer,22-08-2026,Kochi,platinum,45-54,,M,Referral,Solo
CUST05881,Anjali Menon,05-03-2025,Shimla,None,,iOS,F,Paid Ads,
CUST05882,Manoj Banerjee,2025/05/27,Jodhpur,Silver,25-34,IOS,M,Organic Search,
CUST05883,Ananya Reddy,16-09-2024,Shimla,None,45-54,Web,F,Paid Ads,
CUST05884,Isha Gupta,2025/02/12,Amritsar,,,,F,Organic Search,
CUST05885,Anjali Patel,11-02-2024,Pune,Platinum,18-24,,F,Referral,Business
CUST05886,Vinay Agarwal,26-05-2025,Bengaluru ,Gold,18-24,,M,Social Media,
CUST05887,Rahul Nair,28-12-2025,Kochi,None,25-34,IOS,M,Referral,
CUST05888,Neha Agarwal,06-05-2026,Darjeeling,None,55+,,,Social Media,
CUST05889,Ananya Patel,2025/12/28,Jaipur,Silver,25-34,,,Social Media,Family
CUST05890,Sunita Rao,2025/06/29,varanasi,Silver,,,F,Organic Search,Business
CUST05891,Vikram Verma,2025/02/13,Ahmedabad,None,55+,,M,Social Media,
CUST05892,Suresh Malhotra,2024/10/07,Amritsar,silver,25-34,,M,Email Campaign,Business
CUST05893,Ravi Agarwal,2025/09/08,Calcutta,Gold,35-44,android,M,Social Media,Honeymoon
CUST05894,Sneha Kumar,27-05-2026,Lucknow,none,55+,android,,Social Media,
CUST05895,Vikram Verma,2026/05/28,Agra,Silver,25-34,,M,Organic Search,Solo
CUST05896,Deepika Menon,31-03-2026,Lucknow,Silver,,,,Referral,
CUST05897,Meera Joshi,2024/08/17,Jodhpur,None,45-54,Web,F,Paid Ads,Leisure
CUST05898,Sanjay Kapoor,2024/01/03,bengaluru,Gold,55+,android,,Social Media,Business
CUST05899,Aditya Iyer,2026/05/29,Jaipur,None,45-54,Android,M,Referral,Family
CUST05900,Sneha Verma,20-02-2025,New Delhi,None,25-34,android,F,Referral,Business
CUST05901,Ananya Patel,07-11-2024,Manali,NA,35-44,,,Email Campaign,Business
CUST05902,Rohan Agarwal,10-04-2024,Rishikesh,NA,45-54,IOS,M,App Install,
CUST05903,Karan Chopra,2026/08/25,Udaipur,Silver,,,M,Social Media,
CUST05904,Deepika Banerjee,03-12-2023,Chennai,silver,18-24,,,Social Media,
CUST05905,Shreya Patel,2024/07/09,Pune,Platinum,55+,,F,Paid Ads,
CUST05906,Sunita Bhat,15-12-2025,Chennai,silver,,Web,F,Social Media,Solo
CUST05907,Rohan Das,02-09-2025,Lucknow,Silver,,,M,Social Media,Solo
CUST05908,Nikhil Verma,2023/11/21,Bangalore,GOLD,,,,Social Media,Family
CUST05909,Ravi Nair,2023/10/26,Ahmedabad,none,,Android,M,Paid Ads,Leisure
CUST05910,Rahul Kumar,2025/12/15,Chennai,,45-54,,M,Organic Search,Family
CUST05911,Preeti Kapoor,2024/07/23,Amritsar,None,55+,,F,App Install,Solo
CUST05912,Gaurav Kapoor,2024/01/03,Udaipur,Silver,45-54,Android,M,Organic Search,
CUST05913,Aditya Nair,2025/12/09,Jaipur,Silver,25-34,Web,M,Referral,Business
CUST05914,Vikram Kapoor,2026/06/21,Varanasi,silver,35-44,,M,Email Campaign,Business
CUST05915,Vinay Sharma,23-06-2026,Agra,None,55+,Android,,Paid Ads,
CUST05916,Arjun Chopra,2024/02/01,Jaipur,Gold,35-44,iOS,M,Email Campaign,Honeymoon
CUST05917,Deepak Rao,18-12-2023,Rishikesh,,18-24,,M,Email Campaign,Business
CUST05918,Pankaj Mehta,2024/11/14,Varanasi,None,25-34,Web,M,App Install,Solo
CUST05919,Nisha Agarwal,30-04-2024,Pune,Platinum,25-34,,F,Paid Ads,
CUST05920,Anjali Kapoor,12-03-2024,Benaras,Platinum,35-44,iOS,F,Organic Search,Family
CUST05921,Priya Patel,2024/11/09,Jodhpur,Gold,35-44,,F,Referral,Family
CUST05922,Rohan Das,2023/10/22,kolkata,silver,55+,IOS,M,Organic Search,Business
CUST05923,Ananya Menon,2024/10/06,Mysuru,Silver,,IOS,F,Social Media,Family
CUST05924,Kavita Kumar,27-11-2024,kolkata,silver,18-24,android,F,Social Media,Solo
CUST05925,Nikhil Gupta,05-07-2025,Jaipur,Platinum,45-54,iOS,M,Organic Search,Honeymoon
CUST05926,Kavita Bhat,2026/04/21,Varanasi,Gold,55+,iOS,,Organic Search,Honeymoon
CUST05927,Rohan Rao,2025/10/05,kolkata,Silver,,,M,Paid Ads,
CUST05928,Shalini Das,30-12-2023,Rishikesh,,18-24,,F,Email Campaign,Leisure
CUST05929,Swati Verma,2025/11/09,Pune,platinum,18-24,,F,Paid Ads,Business
CUST05930,Kritika Bhat,2026/07/17,Hyderabad,None,45-54,android,F,App Install,
CUST05931,Amit Kumar,2024/03/27,Delhi,Silver,18-24,Android,M,Paid Ads,Family
CUST05932,Rahul Iyer,2025/10/30,Jodhpur,None,18-24,IOS,,Paid Ads,Solo
CUST05933,Nisha Nair,13-02-2024,Darjeeling,NA,,Web,F,Email Campaign,
CUST05934,Isha Kapoor,2025/04/15,Pune,Silver,18-24,,F,Referral,Honeymoon
CUST05935,Neha Sharma,2025/08/03,Pune,NA,35-44,,,App Install,Solo
CUST05936,Isha Nair,10-04-2025,Goa,Gold,18-24,android,F,Social Media,Honeymoon
CUST05937,Arjun Reddy,08-01-2025,Chennai,NA,35-44,,M,Paid Ads,
CUST05938,Deepika Banerjee,29-02-2024,Ahmedabad,GOLD,35-44,iOS,,Social Media,
CUST05939,Aditya Chopra,16-10-2024,Rishikesh,GOLD,25-34,IOS,M,Referral,
CUST05940,Sunita Patel,21-04-2025,mumbai,Silver,55+,,F,App Install,Solo
CUST05941,Rahul Chopra,24-10-2023,New Delhi ,Silver,,Android,M,Paid Ads,Honeymoon
CUST05942,Arjun Joshi,26-09-2023,Varanasi,NA,45-54,Web,M,Paid Ads,
CUST05943,Vivek Mehta,2024/02/07,kolkata,Gold,35-44,android,M,Organic Search,
CUST05944,Anjali Nair,15-08-2024,Pune,None,,iOS,F,App Install,Family
CUST05945,Arjun Kumar,22-09-2025,Udaipur,silver,35-44,,M,Email Campaign,Family
CUST05946,Arjun Verma,2025/03/26,Hyderabad,Silver,35-44,iOS,,Email Campaign,
CUST05947,Sneha Menon,03-03-2025,Pune,None,18-24,,F,Organic Search,
CUST05948,Rajesh Malhotra,2024/05/03,New Delhi,platinum,,,M,App Install,Leisure
CUST05949,Vivek Agarwal,2024/01/14,Kolkata,Gold,55+,android,,App Install,
CUST05950,Ashish Agarwal,2025/09/04,Mysuru,silver,45-54,Android,,Social Media,
CUST05951,Arjun Banerjee,25-04-2025,Rishikesh,Gold,25-34,iOS,,Email Campaign,
CUST05952,Anita Rao,2025/12/04,Jaipur,None,55+,,F,App Install,Solo
CUST05953,Aditya Verma,31-01-2026,DELHI,None,55+,Web,M,Social Media,
CUST05954,Deepika Menon,27-09-2024,Pune,Silver,35-44,,F,Organic Search,Leisure
CUST05955,Shreya Chopra,2024/01/05,Chennai,,18-24,iOS,F,Referral,Family
CUST05956,Vivek Gupta,2024/01/14,Agra,Gold,25-34,Web,M,App Install,Leisure
CUST05957,Priya Banerjee,2025/10/17,Kochi,Gold,45-54,,,Organic Search,Family
CUST05958,Kavita Patel,16-04-2026,varanasi,Gold,45-54,android,F,App Install,
CUST05959,Pooja Nair,29-11-2024,Mysuru,Silver,25-34,,F,Social Media,
CUST05960,Arjun Kapoor,04-10-2025,Kochi,silver,,,M,Paid Ads,
CUST05961,Vivek Kapoor,2026/07/28,Manali,Gold,45-54,,,Email Campaign,Family
CUST05962,Amit Das,04-07-2026,Agra,GOLD,45-54,iOS,M,Social Media,Honeymoon
CUST05963,Isha Das,2025/04/02,Agra,Silver,,,,App Install,
CUST05964,Ashish Banerjee,21-09-2025,Darjeeling,,25-34,,M,Organic Search,Honeymoon
CUST05965,Ananya Verma,2024/01/08,Chennai,None,35-44,,F,Social Media,
CUST05966,Meera Malhotra,24-09-2025,Mumbai,Silver,55+,,,App Install,Honeymoon
CUST05967,Vikram Mehta,10-04-2026,Pune,Silver,18-24,Web,M,Paid Ads,Family
CUST05968,Gaurav Kapoor,2026/06/05,Kochi,Platinum,35-44,,M,App Install,Solo
CUST05969,Pooja Rao,2026/07/13,Amritsar,None,25-34,Web,F,Paid Ads,Honeymoon
CUST05970,Arjun Das,10-10-2025,Mysuru,None,18-24,Android,M,Social Media,Family
CUST05971,Swati Kumar,07-07-2026,Hyderabad,Platinum,35-44,,,Referral,Family
CUST05972,Isha Kumar,2023/09/24,Ahmedabad,,45-54,,,Social Media,Business
CUST05973,Rahul Singh,15-11-2023,Agra,Silver,18-24,,M,Referral,Solo
CUST05974,Sanjay Sharma,2023/10/20,New Delhi ,None,35-44,Android,M,Organic Search,Business
CUST05975,Anil Patel,2026/08/28,Manali,None,18-24,,M,App Install,Leisure
CUST05976,Pooja Reddy,2026/06/06,Shimla,None,18-24,,F,Social Media,Family
CUST05977,Arjun Kapoor,2023/12/25,Varanasi,None,45-54,Web,M,Email Campaign,Family
CUST05978,Shreya Reddy,06-09-2024,Hyderabad,silver,45-54,Android,F,Paid Ads,Solo
CUST05979,Sanjay Nair,27-11-2025,Hyderabad,Silver,18-24,android,,Organic Search,Solo
CUST05980,Sneha Kapoor,2026/09/16,Lucknow,None,25-34,,F,App Install,Business
CUST05981,Rajesh Bhat,19-11-2023,Darjeeling,Platinum,18-24,,M,Organic Search,
CUST05982,Nisha Reddy,2025/06/29,Ahmedabad,Silver,,,F,Organic Search,Family
CUST05983,Suresh Joshi,2026/04/07,delhi,,25-34,,,Organic Search,Leisure
CUST05984,Kavita Nair,2024/04/13,Udaipur,None,35-44,,F,App Install,
CUST05985,Vivek Mehta,02-08-2025,Shimla,None,,,,Social Media,
CUST05986,Ritu Kumar,30-10-2023,Bengaluru,None,,Web,F,Social Media,Business
CUST05987,Shalini Nair,14-01-2024,Mysuru,Platinum,35-44,IOS,,Email Campaign,
CUST05988,Pooja Iyer,10-03-2024,Pune,None,55+,,F,Paid Ads,
CUST05989,Shalini Iyer,2023/12/10,Pune,,55+,iOS,,Paid Ads,Honeymoon
CUST05990,Shalini Nair,2025/01/12,Chennai,Silver,45-54,android,F,App Install,Business
CUST05991,Meera Banerjee,2023/11/11,Darjeeling,Silver,18-24,Web,,Email Campaign,
CUST05992,Anjali Iyer,2023/11/16,Manali,None,55+,,,Organic Search,Business
CUST05993,Ritu Kumar,16-04-2024,delhi,Silver,25-34,Web,F,App Install,Solo
CUST05994,Vinay Patel,28-06-2024,Udaipur,Platinum,35-44,,M,App Install,
CUST05995,Kritika Gupta,02-01-2024,Agra,NA,18-24,Web,F,App Install,Leisure
CUST05996,Divya Patel,04-11-2024,Ahmedabad,None,55+,IOS,F,Organic Search,Leisure
CUST05997,Suresh Malhotra,03-03-2026,Agra,None,25-34,,M,Social Media,
CUST05998,Kritika Kapoor,14-11-2025,Lucknow,NA,35-44,Android,F,Social Media,Honeymoon
CUST05999,Anita Chopra,17-07-2025,Bengaluru ,Platinum,55+,,,Paid Ads,Solo
CUST06000,Vinay Bhat,14-05-2024,Jaipur,,55+,Web,M,Paid Ads,Solo
